-0.054915562102107351,0.036044460713559642,-0.00063922284625482495,-0.021249048185955948,-0.16730144813765613,-0.026526804185673797,0.072428658053637088,0.0016965696396110093,-0.14983672376073998,0.037196926412763481,0.124954894,0.0077622234800000002,-0.038068115699730898,-0.0666984138635007,0.126492411,-0.048084594299999998,-0.14685148993036823,0.081927125697391773,0.081739731100000004,-0.0031459093999999998,-0.12985023705092902,0.0073518756379433569,0.142945498,0.018111933,0.41841764354813116
0.037381803079947984,-0.018434334916379025,-0.01231585491553272,-0.044921494604245736,-0.098917821058901012,-5.141480977408075e-05,0.14454101662707261,0.039300140736059273,0.016891198173955346,0.082245046980844144,0.13955392478049244,0.042818733227872226,-0.084794860700528552,-0.097029691379406327,0.14883839660520318,0.013256407979625226,0.030675374257025156,0.070361381446205781,0.11641591059549933,0.035404309844079461,-0.031654198879091044,-0.00497128282576512,0.1877726707665861,0.049208207275138346,0.40351527741007726
0.030295249828466875,0.029850704884376383,-0.037107420560705207,-0.042242520352273431,-0.022465625310018611,0.0057912208462178594,0.11136848007408731,0.021551290101512053,0.055002820220819704,-0.014332899837672441,0.14900847302993228,0.050745682946698331,-0.089445603805782148,-0.047835485556525253,0.097312135072399081,0.068367044610793654,0.027372487529088607,-0.042712769087172836,0.08076112619807771,-0.075546373374046766,-0.033026513109570055,-0.042898066900164476,0.19027179114682324,0.083439782571173654,0.36292910739762663
-0.062188576499284887,0.027639243306562089,-0.1166641799494848,-0.042918568170632374,0.065163037658695355,0.02672489548734136,0.16985472920153652,0.096620300776804349,0.005706595566755901,0.041910326340638959,0.11353415249258242,0.11356450621552718,-0.042544705575949138,0.019909994763379069,0.08887838679570903,0.065792730198531268,0.092312315101214182,-0.037117229130228677,0.075043871294167092,-0.018559214704292754,0.045126390672904804,0.0094528961116975424,0.19284748447733996,0.10243211814636233,0.41343004900515634
0.04122274775073187,0.035279855274187422,0.092789448084570403,-0.075462863962693832,0.027514625886765343,0.013671577028626591,0.18393479869985396,-0.028007570814731125,0.040905715399933706,-0.03568428779106661,0.12729700203642003,0.12070067873448825,0.023703269400877192,-0.020444347934583273,0.11525848969633407,0.10758100142481435,-0.00022596195287893917,0.0066977279805268963,-0.038880577768769797,0.055882451609503697,0.056564198845386993,0.06196664831602279,0.140000663046561,0.14056481513291863,0.40428236297244335
0.07222931969360602,-0.020183920617296125,0.11135784043003527,-0.10838202545718194,0.027222483802626596,9.0085136243367447e-05,0.22757114914256332,0.022721738395367286,-0.01251526573164552,-0.010223781785378278,-0.040369695892070179,0.16691518167428673,0.0718931808361708,-0.064882610505920701,0.20207252299888545,0.017244051820200196,-0.039420293276440033,0.056951105072518188,-0.097772638655042876,0.0707079656758237,0.011436628442627716,0.017967882954743063,0.067295088563660177,-0.029036324342929576,0.43388954610103003
-0.029994872339104472,-0.03154978036295053,-0.14145532050811271,-0.037156632366064951,0.031075751424126774,0.026036630794516291,0.11440292085857529,0.06992139337143731,-0.019327160499369778,0.04118788450700453,-0.074291567225784894,0.2467143345928931,0.041285185530362756,0.01276905156784508,-0.085897692476532672,0.16495104755820303,0.048662904003011431,0.054348175485937261,-0.11044137650695407,0.055846340996203669,0.091404671053584852,0.054768970623675153,0.078329651143187351,-0.028835806102222139,0.43217740062238275
0.041710840053886922,-0.08019395242282279,0.40328221460752861,-0.23431619317340394,0.042141838198393011,-0.0058589658765191843,0.0026993485695909758,-0.13943102637458313,0.064724709011069637,-0.052566361883956858,-0.12915294113832065,0.2758008064712083,-0.031048997684980817,0.041586464190195349,-0.1319870587622316,0.16766944899627706,0.09175276944769728,0.032794942133034299,-0.010486128415014062,0.0088541241741081356,0.068479729016536095,0.012880687426824758,0.053064977449239992,-0.30676317628551986,0.71158526063951244
0.053880986363789574,0.071114989625023217,0.40735675518520448,-0.17134316586050269,-0.024207432546461682,-0.058613497404569226,-0.031813919232965726,-0.13625958461000154,-0.054605267374187971,-0.0023246526431484615,-0.77265068583650187,0.51949819419181131,0.027935660613911062,0.041480458866067826,0.39261725285231641,0.30512620655787048,-0.011069581653837757,-0.001460683542333252,-0.4743296364604872,-0.41103562214404143,0.024771488825732324,-0.084974616657670421,0.0045108341898927318,-0.41990217550499909,1.3873358776537059
0.021377785718947884,-0.059285322018559017,0.16526271892165945,-0.68038605317811374,-0.028853240367864852,0.037354282921964577,0.21426679523032566,0.44822055259946658,-0.0086586665471892199,-0.059621693012751192,0.24659002708161959,-0.46788215976049385,-0.013593276675084254,0.055070570972951538,0.06693519482555188,0.36642473407993609,0.015159474928234662,0.092739731011682647,-0.42610497901125055,-0.44327391892328999,0.096222782224604453,0.013635404991290387,0.055809382494151127,-0.44103094106797802,1.327598931392775
0.0060868646024316853,0.015712506531618875,0.0081036139629584447,0.04237449770647661,-0.042852784645282527,0.088730858603898066,0.077817258156619218,0.28567090673612539,0.040767797867312772,0.017854278042843952,0.22333372736905477,-0.4337003658035109,-0.025497295907554784,0.0072447151556237488,0.049569401840467542,0.38752790391150943,0.0062753094991468972,-0.055634527563805797,-0.055895948981110943,-1.1193604181367132,0.089320073245316156,0.033942254220510455,0.23430441112129552,-0.29011655757257054,1.3784895636661318
0.025350789476100755,0.071757991875128102,-0.023026701697765328,0.033527605425938467,0.093382698217380267,0.048009211881115677,0.095546800062544346,0.2538551637785505,-0.067176139964199744,0.072781659891914527,-0.5787354091595206,-0.052484715586140429,0.089873506888259513,0.076502795047169725,0.63987145924350397,0.58828397407324362,-0.091150904039245251,0.047282164872425703,-0.55439931092386763,0.69562452090797966,0.10093683335827691,0.030119610181238161,-0.068198749232395661,-0.015002033400777992,1.4236408752433556
0.030342030807904236,0.084934220835213181,-0.080312031690566776,-0.072651145035543152,0.062501028559977106,0.075598192863844671,-0.50235074260104329,0.47589328249837726,-0.0097059050203263941,0.05011270237304867,0.36504892194278737,0.13213158823622551,0.046765124960763294,0.080798148109568257,-0.21389091543916872,0.51954244921389547,-0.090319299035276746,-0.02615879007898983,-0.56170151740884466,0.63843702925007006,-0.091981990568731131,0.015967883432702994,-0.10989544008181673,-0.003418325558119939,1.3186301321281146
-0.043192845639538804,0.079688754076462087,-0.065392912191777786,-0.040892997305577827,-0.026123800385493556,0.080086292277816301,-0.56067098058652942,0.40518356251899801,0.061526042951018045,0.045386517304127877,0.57892368533607419,-0.11489946007805951,-0.084987374437028917,0.02705955001474597,-0.93617011325581767,-0.2360759012970004,0.01061035311729247,0.020494559843007271,0.96947035017285299,0.6865723904436406,-0.03488806587398717,0.022554448288021358,0.51053879037086625,0.43246019847997952,1.9118766154882565
0.025703661583965615,0.039288247129780796,0.82735339964042121,-0.005886908711743577,-0.094941434179768747,-0.030440730508313862,-0.61577699724428026,-0.72661124787543008,0.096189515634004658,0.097391649919804091,0.61497137270991509,-0.048184537947138617,-0.025208146772608714,-0.064060084286136049,-0.94074340014581626,-0.30914340195004997,-0.0095683012531406486,-0.055629954296047834,0.033561599928507713,-0.2554032580258202,-0.032046702166745246,0.024124979148662427,-0.22799609658673881,0.32174295245076712,1.7930553558072071
-0.0066224670039965947,-0.043789195855111374,0.27495677334087254,-0.48822691683067654,-0.085250155645547332,-0.04459965986287269,-0.43742670118597138,-0.12779621186174472,0.037809372281510746,0.080182589416585834,-0.67897209998420838,-0.040515528975483162,0.053015900374753622,0.051845475029383761,0.58309076486150879,1.0916616236118974,0.067953872018784334,-0.019134869426335133,0.016459430983440715,-0.29094423923733059,0.030913840095081038,-0.065506039700425941,-0.28592628895291605,0.32473132013387568,1.6801592546458914
-0.085246418543749369,-0.089775046913308884,-0.3340476511831727,-0.31107392247612886,-0.080105775041938276,-0.057288265993445012,-0.25998479039477607,-0.40781025352388223,-0.012543204836233945,-0.01104902028781829,-0.70217796566239321,-0.12516126536134831,0.033527976029269331,0.067647336241322936,0.49169133577934021,1.0902624495066275,-0.091452969492245337,-0.077874735992099944,-0.82953563864732782,-0.95592584647091483,0.023807873679077274,-0.058957266921179197,0.010500609256909543,0.12096092191544838,2.0118522117781343
0.02688806826586923,-0.057042503411007084,-0.35508614111336212,-0.3571580841701486,-0.01432357801138473,0.085019235411038965,-0.25059347701807744,-0.42484471075038999,0.081580117854240186,-0.04789119325330396,0.74879004046980702,-0.25502914392695908,0.06743287124520124,0.060573362409394621,0.44686307555754168,0.11710296653006214,0.076604980884861368,0.029389048577823894,1.0171007869095634,0.65968519853162255,0.07288866579912387,0.023881045624063846,0.10858920988278686,0.76896358501127215,1.8574256452013873
-0.084486129195754989,0.087754543257928988,-1.3681010644708818,0.7171388102823224,-0.032499937666814471,0.018892586899769082,-0.27722537823888665,-0.44098917345193855,-0.087610391836671186,0.075760962122095377,0.77226416185880253,-0.23507397144975317,-0.00079933340283702692,-0.081883759397529732,0.41251479956555481,0.17710610667824112,-0.072688764816578419,0.071723260985728024,-0.76522968352471488,0.49649132660223694,0.0035210996288645435,0.011510030613962385,-0.88713641493646367,0.22562620754351892,2.2863605587291111
-0.036003533330111914,-0.0014906533322564947,0.13093548162280977,-0.22552232200594413,-0.031754856382108121,-0.032517206721817349,0.015733163223539071,-0.67694409705317049,0.030948169913200374,0.020285471965031054,0.89289742170100683,-0.49971477302435741,-0.010449182132675455,-0.037624509312608329,-0.31677046224787897,0.72405256785699312,-0.06592426800104953,0.048366561145488027,-0.82028304795143658,0.43569921762040825,-0.026380620427969348,-0.040237624930366367,-0.8999990317381743,0.15629255415174637,1.9774892935762596
-0.095591527689306177,-0.070275220808726335,0.10942469093110421,-0.19344976106122669,-0.064877062349328551,-0.067669978757692761,0.0076500064862594919,-0.63673493541247206,-0.072505437754838864,0.062365462316056552,-0.5730843718448777,0.29903015861725391,-0.041069001640434505,0.057421786360346339,-0.37634291867578157,1.0184908077809141,-0.014026677017862921,0.093248364934273298,-0.10635401579422299,0.86596441538158264,-0.055189333524902573,-0.01574438386760868,-0.044854583810952975,-0.12223821896788034,1.6967702140086021
0.013063302687408074,0.044278462505007166,1.0069108856067783,0.53647423605982036,0.060286665286269747,0.00071746678304729361,0.90320310938824488,0.84277414758569036,-0.071073275017106197,-0.022427854525230551,-0.29334906721002074,-0.77863369868353938,-0.02329318589593582,-0.031461999363214588,0.39183569528349271,-0.40823264918732693,-0.085087236580650705,-0.085436346157413523,-0.11305144471718898,0.8929442902141862,-0.086990911797560355,-0.084168955842173765,-0.011980847324494392,-0.16618754605252528,2.1725946632170738
0.079963910981424691,0.033831083619252189,0.46143571916844295,0.22862783922290697,0.10293390855018281,0.02241538075167071,0.26160201879582384,0.4850329178312674,0.075682742179592533,-0.084897360769173646,-0.24472377438761173,-0.75468788609966486,-0.078543148421885617,-0.068960372288876692,0.45922968221575677,-0.41168069015798037,-0.047830305483278435,-0.075829212455928219,0.23372925830051372,0.69362894672977204,0.0066174263796571209,0.0024360856367321437,0.72771806684404161,0.55392688701979831,1.7324681192264668
0.050282414127163166,0.0065711004857307298,-0.23468996818241167,-0.40055043195797235,0.031979220986530277,0.002654138983210097,-0.095168208969959922,0.050374433264240515,-0.053232501139569732,-0.070257882331318355,-1.1607456819108466,-0.24885103955287224,0.0046198694535702356,0.012612684592972878,0.44939794598681304,0.91143032242089117,-0.03993239553858785,-0.034607307871003912,0.22046841260413602,0.68129992478570911,0.092095215801200003,0.064499314745180669,0.71741880400419855,0.60796163251411384,2.0231421554646771
0.091199248077399653,-0.091027720685056157,-0.26211577314492535,-0.39040848167968922,0.042923501560169164,-0.037127243383139774,-0.12504129728027352,0.014994059548304572,0.039036820913881776,0.043326033940111586,0.46201737124086939,1.060993686412421,-0.024959754509846055,0.037206202723081838,0.05534845694405862,0.50122798248850964,-0.048582553561188346,-0.012671857031399836,-0.043381119548491442,0.19316107133557436,0.092858089043700964,0.0044263055478843683,0.32698520520812896,-0.57056310462970861,1.5292136808154086
0.072843950685649306,0.012747527848617435,-0.49669059008703553,0.29800148045411468,-0.02560511574989105,0.054323063859658016,-0.61151479532278863,0.88589013768481717,0.031849516186043536,0.053342145071135771,0.42388193104844474,1.0578458221797729,-0.025824644802752428,0.096001907832582889,-0.014816932520941649,0.53866085797971219,0.052120660916638695,-0.057978795056735422,1.0289279636792215,-0.53228776745501882,0.088626758973613634,0.019761905760591225,0.26686460937202111,0.15079216231155851,2.1345881597105603
-0.058105260953471793,-0.066237115045661543,-0.5538987604463137,0.22429656878612758,-0.045935332428778286,-0.082149814601009341,-0.61389379100232655,0.88412089704154628,-0.067214301385012776,0.0024042948997267111,-0.83253154400648433,-0.40308249687296049,0.08965306339038133,0.082320147428976531,0.77112879141697654,0.040022023591769429,0.072816469526660654,-0.068505675141555367,0.12436674057038703,-0.11572821489935325,0.041711706983802305,-0.08282668472973409,0.062988907548897952,-1.0388858220608905,2.0332586352315558
-0.022987278541167278,0.054903306576481903,-0.093176936654820131,0.8928900495964831,0.0021167680438303749,-0.066435275733550903,0.50844164173765261,0.5267456812912541,0.035072849192446687,-0.024800171139709115,0.51369020982174851,-0.014622280079625016,0.030261997189063972,-0.044094274723416316,-0.23910008435292854,-0.87920125750458533,-0.084972275644629391,0.035217144020048052,0.094789597955510813,-0.14915710704797314,0.095866557064249888,0.057295812619957864,0.11671587539372308,-1.0562026354427532,1.9053039281413944
-0.00057149844800760685,-0.052004619203037228,-0.092540333537239006,0.85995806317476109,0.051877659431844025,0.023060915592950315,0.47125936337439533,0.57718808157480384,-0.06127591702454982,0.086305054301180406,-0.38536828582516042,0.42410835670931601,0.068284867729442408,0.034788990770208028,0.085750910915679809,0.16697433176888676,-0.01544436397849297,-0.026728301441058422,0.50560635754961292,-0.48178936022101782,-0.015590483978738232,-0.027716451893628369,-0.48824617290082395,-0.61707513397383307,1.6729694058571816
0.074752930795175698,-0.084919237443770834,0.43367824018625439,-0.33753150946578053,0.051406869896299043,0.0029868815877649446,-0.13041962118338071,0.27058871968800385,0.024621470717325122,-0.086344671253397509,-0.35041997591603624,0.43211470618449943,0.01279587432448126,0.040360124198270841,0.02245151370848944,0.14541707077079752,0.027218705415283234,0.0069995086492278258,0.58165796702835215,-0.0014741638921266786,-0.022079061663258695,0.0078202785359815508,0.12366561347528773,0.078273935063733882,1.0534662549174718
0.034186572180186371,0.04774161703166846,-0.59366833539755204,0.84461394296697656,-0.0020376295842426638,0.032973431396200126,-0.17824799431263011,0.56999918471816602,0.086017237980770739,0.03070730542787703,0.31095063610104795,1.0495669531588374,-0.033079828772317514,-0.046228193317146671,-0.16266869475144724,-1.0427219749266201,-0.073911052915077297,-0.056976656330177233,0.54787223352263703,0.057893592273045191,-0.050558788118429052,0.032521922173729623,0.10357770241202435,0.064171907530319983,2.0202215757905013
-0.067284049650560646,0.030308934277827104,-0.87390156772629313,0.33094119468423433,0.058850399544953053,-0.02383930722443095,0.79950632240068675,-0.59851169677409144,-0.052721392687054419,0.10113599615403746,0.2846901598965525,1.0193075127831568,0.083495611244857382,-0.068276257593231748,-0.058220247968833891,-1.0525400774955509,0.0046982919877446207,0.043872555079382147,0.45168626150773594,1.0177324617071222,0.085996145352913528,0.079066938133758313,0.99240172672109239,0.62763861467535809,2.6019651898695075
-0.07062128476815735,-0.050487119289107429,-0.87036161233266585,0.26971389734202611,0.071528727434787498,0.02441009955105744,0.82977390032170861,-0.52783404982983095,0.014722136993360252,0.044231009345131467,1.0403507089607229,-0.45134092110645663,-0.0014985342631723964,0.0609569005062085,-1.1198267536105626,0.76055407879726777,-0.039120243247278426,0.10111024751993303,0.032684445961949887,0.57772010404776619,-0.03384704248219389,-0.073055065358053062,-0.26703067992184371,-1.2036575901206241,2.609253316965686
0.044193137293850049,0.079412388041390836,0.57562961889736219,1.3462736658511183,0.10155979423353712,-0.067772266956512173,0.25816300131050135,-1.0881454631860237,-0.064755814450587854,-0.091051137427544448,1.0421141116653021,-0.38650426707322866,-0.040300311294196478,-0.057746280266317451,-1.1348952120155067,0.66190224357242944,-0.077701672639125766,0.05844127180316705,-0.063558097056109278,-0.32125830013062751,-0.0023110088034774545,0.0027991855686282374,0.4862859196470482,-0.028520850293296651,2.598193467428358
-0.069039623594444988,-0.00245166429076904,-0.6851759256565515,-0.11171472591691672,0.10500214926257209,-0.026413276480097836,-0.29525991533678425,0.072186525247906308,0.042938345950440313,0.047489100286107089,1.0696354700894823,1.0244715377288369,-0.094839354026742817,0.05049020729447562,-0.40528493128283871,0.6892796466497404,-0.078515878638372782,0.050349892485896719,-0.055613195177413782,-0.30526490765642567,-0.051841323273695838,0.0068254291063939432,0.49008151951330708,0.0031873175818301069,1.946124765211511
-0.089842785084161103,0.034979409156343788,-0.64287422160975094,-0.15139547527062402,0.021742510831768036,0.047800228846859416,-0.28778283520973547,0.015249786800468124,0.022984842104773084,-0.026546047075851731,0.29572634693047628,0.017242486011686098,-0.069447873113053726,0.099408353243850667,-0.074667845882719602,0.25018079819580524,0.085199038212136424,-0.023858871212861787,1.125383763143172,-0.4123461138221533,0.054611873210473338,-0.069152803379899375,1.0092821691420752,-0.33161044722629168,1.8121517538617165
-0.050204000272407234,-0.011448042381692725,0.43418169663522549,-0.063564784598161561,-0.028954883638997453,0.026740687561332743,-0.7159811535783287,-0.24313073106546101,-0.018073936253840434,-0.047732708357001719,-0.60696631701605641,0.035453241928223633,0.033253354050845618,0.053163367767199987,0.50694144337029456,-0.41997980599314866,0.093543118576378759,-0.052399087897167185,1.1594340996148833,-0.36829835021794916,-0.0013910993820752671,-0.058442937745327606,0.98244089804129986,-0.24047174855494313,2.0238421463946614
0.077734482690895224,0.0032764874994797299,1.3033449261039747,0.38114416694656039,0.024569823409951841,0.093512478103215835,0.012816651698112858,0.34271363448435987,0.031516145496724352,-0.005001477087113404,-0.5539536495278079,-0.015426415389602988,-0.086223055328921605,-0.06106544331807684,0.56838579217131613,-0.36462051508828996,0.071676355174385697,-0.08412900249706412,0.054467377990494711,-0.67899533530089795,0.052426081566915084,0.067155326262920645,0.79064656141533529,0.73988120580669392,2.0995983709103627
0.068118186881823251,0.049895189002836515,0.0036911350319085851,0.13695863768969518,0.050924770725552793,-0.021406744641349729,0.18992310845969132,-1.0329907484426406,-0.0465588477811264,0.044462161732885197,-1.0536418917189814,-0.0083370843148118379,-0.049086158555306014,0.042874227962649836,0.11995264431149769,1.1088476192944858,-0.061854988008651968,2.3843475459139896e-05,0.088959706432300639,-0.70220124623853408,0.010358400832270021,-0.059066220103054456,0.709213837309286,0.7696091197094358,2.2579532516271614
0.013904020477393031,0.047673969795106408,0.027634930615882097,0.15180902559561094,0.029974524668406666,-0.096140393976269278,0.27762697690254579,-1.0451830593756144,0.060337315723028861,0.067830053357402775,0.54996627968583023,0.23109063125873297,-0.031499099716390255,0.05216745814385193,0.49892638351296115,0.27303857408845433,0.011617190036519343,0.076839261946345161,0.39799658750947375,0.81541885773757106,0.084059740625108126,-0.06138244860136044,0.66609239357245964,0.35460670451798315,1.8184629250845561
0.064517406965682866,0.00097506941519831525,0.22205220836686573,-0.1051611277776241,0.0637108145587372,-0.025046200447585765,-0.072044980473142617,0.37638582881279437,-0.061175918759863335,0.072394560860854273,0.50442769216763972,0.25685891438658426,-0.0083581394774420725,0.0062516917950160567,0.45628868604408107,0.27045138158693127,-0.024969206918045606,-0.017253201808568042,0.050124832478415593,-0.45942438907594374,0.0071710439452472574,0.036476812369688999,-0.16349087395856998,1.0488268853214056,1.4729513400927396
0.086126905472755033,0.048272501428431869,0.18932498805261561,-0.13873187580153035,-0.054493675491837285,-0.054412451251698579,-0.094415649437631366,0.38873809257243652,-0.061732170879880865,0.01550937075996045,0.46870066959555157,-0.26835746237940383,-0.061883985936533159,0.019635143247869635,-0.048179529469616011,0.48753321851934939,-0.060014350229088353,-0.067849950749053867,-0.43293880917760108,-0.41933329295548072,-0.022347341613260352,-0.01764841785507644,-0.11127355301540764,0.088751006370598073,1.0785750569470718
0.070266769860471423,-0.065496686873267818,-0.11148318929958001,-1.1019640457111708,-0.00029339920994808644,0.024673114880345681,0.55457470101683426,0.63047939461310498,0.063790809589852726,0.061023047331365377,1.3764147883368827,-0.0040748207087637489,-0.040661113870763599,-0.02567491730211352,-0.021339656956235409,-0.35518730294413581,0.044752962401334917,0.043255171711933271,-0.37809896218187383,-0.41309919779538423,-0.037687169375809182,0.01573445422491615,-0.077949490057242166,0.12647868545420704,2.0770470572189814
-0.074348390554679566,-0.088338248225876298,-0.060192151832465512,-1.0799939610564049,0.069147883509154684,0.015654306222730507,0.53956221548914451,0.67243576397483817,0.090849222847432132,0.071294248478251221,0.74765432106438356,-0.23793580226909328,-0.0062116219896218849,-0.076260262813686808,0.56434060529044761,-0.4465624981399276,-0.05296120147783745,-0.087111093095066816,-0.72168541064851466,-0.82371913044920197,0.042043234117899841,-0.025804278003164594,1.0330080403288029,-0.39719366800028133,2.349764407277608
-0.073650021482458694,0.045848657711797886,-0.4005424127211259,0.66363816550443688,-0.027829848443659405,0.053500665066129632,-0.97491097024777529,0.49891810932726532,-0.061778856151895933,0.049753200845743251,0.75115230348677064,-0.253466715960039,-0.075263315940678588,-0.04917746163251846,0.56849017403565627,-0.45451524400166526,-0.10159598042435342,-0.027019871386007505,-0.45792926559719105,0.49414592472519148,0.049987403649263074,-0.037014225991114924,0.68725168914724155,-0.22163052184352172,1.9935481175505938
-0.035201467837373379,0.083179749419452886,0.17749246919844092,0.68235472130937613,-0.057101756540571744,0.061883098965294141,-0.49897538184086943,-0.086994676971300811,0.052891503992326006,-0.014106655604115892,0.80074443283864849,-0.61930877958911679,0.040997797224317511,0.0036744103280983709,1.3865213602150854,0.093988124404056794,-0.047614253709985732,0.022415446344364015,-0.51888662860068935,0.44870498013857374,0.061550083202501438,0.0091688758697279216,0.66589571584852736,-0.20528783440437076,2.1661918251539887
-0.042597320588169035,-0.075595650862125885,-0.14010415341550353,-0.83662101660029775,-0.057143261225470837,0.08422414566019755,-0.42728548471982619,-0.016610645852027872,-0.04940398259850233,-0.013045474293070777,0.79975101308005403,-0.57964401317819259,-0.010021648680794804,-0.054092615162487173,1.4186852330639583,0.20814313470574741,-0.041660130211576052,0.05834792127524363,0.10003171683726253,0.20160558452923694,-0.035679318271891539,-0.018076036572489018,-0.643659986550293,-0.27341415181463913,2.122254233056474
-0.082404472683525937,-0.070991556305215919,-0.10247332761053685,-0.8007411133181318,-0.019627859037572748,0.051462970028378269,-0.44796747244048973,-0.028506630837360269,-0.074190620505958343,0.044655032761620278,-0.40886809308778127,0.64011992372820459,0.048125779080642139,0.015726989208877148,0.87452095681995856,0.46872633534458741,-0.027106375216545742,0.068716112543984145,-0.03313704990177424,0.41897519378008563,0.083007521481718971,0.032444010319325423,0.31263980902877953,0.47948602127196149,1.7196530303214306
0.038272216316564654,-0.049450705844629628,0.62222485495417779,-0.18663474370841326,0.021649853858124068,-0.077639183898257372,0.083479046633043397,-1.0350529763748688,0.0048589226221292248,-0.084569667990322422,-0.44075747731111437,0.65078620543663213,0.078667917375470436,0.077309339694581286,0.85666775559974129,0.46470557527054746,0.052858176620130343,-0.069361868934437618,0.32590134622184042,-1.1421349758528412,0.055701940721844645,0.089613629959153895,-0.16165047947584377,0.46241406593256995,2.183357088286332
0.026475517584249833,-0.051726740567611396,-0.24668346882809156,0.23693559502004646,0.067812235568538271,0.025424048107187985,0.69070557009511369,0.2882594908732663,0.0062669577800382181,0.052131239990115819,-0.40557222608629384,1.0236107305518174,0.032528445708113932,-0.037206233783616177,-0.43621510203121527,-0.72016669817769463,0.035377254842017113,-0.030958272509993223,0.4239104156841742,-1.0879790084435297,0.048520086454404254,0.060420966285640421,-0.16140950534042098,0.47605784475117918,2.058268332881934
0.034363051567976755,0.02628251536879872,-0.30785972683348806,0.27695118789586126,-0.059031152978590962,-0.06933947565801668,0.6454119157474858,0.27240582828095306,0.077185686576201229,0.030666358135919836,0.19023164524632996,0.023704323371554481,0.043046281935644776,-0.07295081115803137,-0.0093686942946373808,-0.1583899441591009,-0.062823524658174298,0.035025607808058801,-0.98947236644207071,0.53688912574832548,0.081774948100629297,0.077492923503573063,0.49218568934092233,-0.17880915496716654,1.5191425559751812
0.010738181107824707,-0.053186922054810848,-0.016645193025691118,-0.66962919160670586,-0.048998524617052563,0.074078509999560699,0.028249992688240799,1.0869294698978531,-0.059279846662998015,-0.085551454021365603,-0.97268385666276103,-1.0300166892362888,0.025285079580065609,-0.037436052653071317,0.21754939241014859,-0.0040794095830559707,0.052144459820959527,0.067864115706372907,-1.028530047697175,0.50253113458979082,0.058291343374910154,-0.084258900426264605,0.51972505039621164,-0.17026858912414897,2.3100503080727095
-0.045975808052943989,0.029900483754994767,-0.1668197006456954,0.56820011569983242,0.046182313971940281,0.052888640979709189,0.77319577656424321,0.34183101798439225,0.03183122942658867,-0.074910244405309634,-0.8928374868311425,-1.0212192747250564,-0.045144878280003686,-0.064170070620463926,0.25992238946776525,0.023689515240291892,0.043808237313736786,0.060820601117704653,-0.59947837174833951,0.28610186435867579,0.04059120670679317,0.025352737613583698,-0.30506157945642864,0.78624014506911,2.0382886608890076
0.015806361971304028,0.013164271231073665,0.50539692531692182,-0.046679050647902426,-0.080483398917965632,0.08869777174895227,-0.72211470596952432,0.40801093090780777,-0.014958689663089775,-0.010920268026374691,-0.57435466426824588,0.56342314945101268,0.037265576887620222,-0.034040072504622487,0.8487090437775503,0.43078161189417957,-0.066633954813050456,0.0078648113073709891,-0.57757728012611864,0.25766520418628414,0.045789057899290553,-0.065486443455839261,-0.31817104185091816,0.81163099879422407,1.9202204058694767
-0.071516515008911985,-0.029270206595012394,0.51824192279557413,-0.0019291641860326864,-0.0088077119184067909,0.011496182673896682,-0.70685257979402127,0.35599583588838901,0.014569494913014847,-0.022611308370522831,0.16549400551375254,-0.16734228367889981,0.069082662621188173,0.053073192761110832,0.62333934595688767,0.88716934846364703,-0.10204503991273906,-0.082531852165663444,-0.1573978677009763,-0.3843569097598819,-0.079380514589640017,0.071868894126071114,-1.4721106248112532,1.0105382868321138,2.3515849282396983
-0.060765303553604322,0.0080556586883571146,0.30606603895517054,0.73973556624938008,-0.088097424115394674,-0.00042139679484975989,-0.50912309630692476,-0.023893673469266907,-0.067737977668926863,-0.034996338859945963,0.14303296852355668,-0.10725556862765784,0.040183649733071092,-0.0287357439586024,0.55560422238438467,0.92197124336421399,0.0040766081784212593,-0.065214226122741192,0.96869355967009207,-0.031222535051025513,-0.064959400961184688,-0.072357815939259634,-0.24511214091790012,-0.9624858094957327,2.0126225967088849
-0.059197629113786676,0.0056791826266345824,0.26581382424118005,0.7983817042234862,-0.090124778492153612,-0.086828026063995895,-0.52447433805323751,-0.084760028312643926,0.031804736625022478,-0.0015921945502796464,0.49597326032093164,0.099236805289191321,-0.055139940672977894,0.068456136860212069,-1.0190624544333164,0.76294233508744824,0.090235735132234596,0.040010872939915176,1.0004613773447226,0.89151795505015952,-0.033102775644475946,0.042800979314832344,0.38620751882428495,0.79483956134799805,2.341793767394277
0.062887538744405669,0.0040510215601491373,1.2025131631187238,0.17973358825632374,0.034292068683004606,0.017030459947216858,0.93880064356019932,1.1022161472594014,-0.077628323309099967,-0.059057576321891458,-0.76433741235691732,-0.40239750094741628,-0.011550591908258134,0.053086818157831617,0.34407439726270084,0.11981521612296515,0.025513370604228203,0.032335333769110186,0.94092279451735028,0.89245616333168176,-0.041193247341656081,0.013408400695415473,0.36969101652453507,0.83763543425291476,2.6448141196398804
0.086726619384845383,-0.029622814098783729,1.1839114310204455,0.24543402382113894,-0.018100037433733562,0.099294801023763146,0.88497894370028296,1.0926301916636498,0.0024490212581662618,-0.004568195690570015,0.089388017196246283,0.25153425407773811,0.073600922480193565,0.047632345390835829,0.56648031559242706,-0.28280428458075557,-0.04253936953474402,0.090367823857916252,-0.53857828541822061,0.53333180842463035,0.056222698086265899,-0.06261973808368812,0.77791651928141337,0.04493627281512147,2.2662944057734822
0.084687310534746096,0.010844822866823506,0.041327286383614548,0.54651226344957793,-0.080842571334518887,0.10606669220009013,-0.16987813631342202,0.18195596952122772,-0.062106038895453075,-0.01819234577572397,0.059288573739984987,0.28972846551746989,-0.024497017433622315,-0.01329443867876326,0.58183212291407715,-0.22721059353710155,0.017023613894066703,0.023859063358100813,0.49201847640959551,-0.57869589621939965,0.039764550187213032,-0.060854447621149055,0.16266292665337415,0.14288993356400193,1.2247419128574908
0.032781314802232231,-0.074621071167219596,-0.70388454138354983,-0.18373681241942252,0.014057893360818308,-0.023088759534728526,0.66963974835094919,-0.51483554305187262,-0.067577481599538247,0.085822530322388832,0.045701642980752098,0.82509167676043549,-0.028093770798194528,0.030747945075941599,0.30624237500732987,0.10616373549997143,-0.032329748349166909,-0.066253002471675301,0.54454906187666974,-0.5068725758000423,0.085404659915428338,0.084347343589399881,0.1782678528242978,0.15510318110446147,1.637308556189671
0.08674272392211746,0.0016022154064644009,0.3318689123720806,0.17593479488459107,0.0067025068885191441,-0.099246743912744739,0.20659160088883274,-0.53785067123128627,-0.033221092372327954,0.019738925566046478,-0.015753722107607865,0.78613846457287284,-0.058512073850340851,0.049322278618864873,0.30695357658514622,0.07315518383527253,0.057464593132681596,-0.021716503793980962,0.71129199762305018,0.63993920401803628,-0.04255061253173853,0.085880509110883629,-1.1023765673527606,-0.035309370361255032,1.8331824703806323
-0.013012358704879379,-0.049114078794126811,0.30121284492215955,0.1552174019862492,-0.018560662292020691,0.057550827398851589,0.24194951847978041,-0.54602954909703538,0.0095766170515860782,-0.055863616673257205,0.47861880259530748,-0.40493198233648076,-0.090564235639606583,0.028543923599731007,-0.26056279219323059,-0.4582552114243173,-0.040080449469950929,-0.081182150292133048,-0.26884848645119641,-0.50501428432955764,-0.072596482672437457,-0.048019400995856221,-0.36465304219498373,-1.3527058225236199,1.8619318599728061
0.040069456963148342,0.061889984121946018,0.33383889008509826,0.81109275142243753,0.065350442386000518,-0.065405987368852669,0.94432082627244252,-1.0472939891374753,-0.076491767598306337,-0.0015541807940683272,0.49704722026798237,-0.4095332397671258,0.014492012108137553,-0.00061430685083466163,-0.26736289726694301,-0.46200314783010848,0.046696490764909449,-0.019570945665800782,0.67155920411100356,0.44479270613675526,0.050543325500709724,-0.095129574580887444,0.74889530891002287,-0.39913733403825341,2.2047206025958221
-0.058579857232659016,0.032270389287133494,-0.68374881113068975,-0.38913320885481451,0.021028356704653972,-0.096999253784013001,-0.0076908268895115352,-0.86204326298940515,-0.037577993723120429,-0.018298376774503466,0.06948104729848803,-0.1138830947984586,0.037777258670286251,0.00070609282883818403,0.11616428896042068,-0.11723604388573394,-0.024189364313093042,0.092797176078394522,0.66462377642015857,0.44813566638197255,0.073660381835151556,-0.098556584738095143,0.73670864039893846,-0.36585896500274689,1.6637689897616494
0.034523734576930698,-0.05718799056117907,-0.63305901593128788,-0.398406050930733,0.010524378684271696,-0.0090558873796327266,-0.0047067055397797541,-0.83498609023900183,0.023908361371602238,-0.046394479346055284,0.28913365843590066,-0.34643476423325259,-0.087264580291259719,-0.04590339270918159,-0.69063615088933361,-0.37361783968626988,-0.046779871011107366,-0.0085744003441738381,0.30648325260686643,-0.61866349760595574,-0.062527639319971628,-0.067306708584267239,-1.2200056123043495,-0.20150206103277896,2.0274110076330429
0.072712306589675868,0.0066553559737267953,0.23981642830427791,0.48321348661118124,0.05943797633914194,-0.099259480193076885,0.76168407508823777,-0.60965355306454982,0.058016436871401345,-0.06200869501422912,0.37410851209762075,-0.13332441974171283,0.022954543173608011,-0.045178472714246909,0.53831687513926885,0.27971707873524171,0.019105524945792984,0.083896409895101026,0.31152623541254565,-0.6226909900567279,-0.050099410996752525,-0.020174162653438632,-1.1990883123365745,-0.28728805417341491,1.9525784719285391
0.048579410847604976,0.095349843546158608,-0.13530772318608059,0.53624103784951771,-0.06869040775011348,0.061019926701945476,-0.57303935697161812,1.2794527712834882,0.004584243846392777,-0.097008390904917363,0.36596296842497744,-0.10777416175832713,-0.076175090058821171,-0.023954457357208858,0.52575700763347288,0.30168536576207161,-0.01292008774919795,0.072499635487430936,-0.25319978786852759,-0.35371508330124912,-0.056411298681945499,-0.062047440034863843,-0.35584391572114149,-0.72577341778515947,1.9170205861350118
0.033435234431334893,-0.008561791035183175,-0.28872104735685922,-0.9859338811671764,-0.031891279151331942,0.030232062547393433,-0.093879926664238667,0.47569304120141787,-0.0088337701013656567,-0.022344206404455391,-0.45074771462242585,0.85014407780992596,0.0018135610121909895,-0.022828402602456777,0.92100760278769933,0.51866917502667498,-0.091818703937893931,-0.021115755703622952,-0.25500874968508103,-0.38774601448311935,-0.020085983755727899,-0.023379048775375999,-0.29677196598301325,-0.74771235697273197,2.0518987054656996
0.016839676148468152,0.05271998470936512,-0.23348300788955179,-1.0144359394134481,-0.066631001749789642,0.064810134433304439,-0.085278999740819983,0.50433436503137452,-0.060384307008327642,-0.042618658360705941,-0.23149938851225982,0.32831313206188495,0.035183296249733154,0.022106782038667117,0.15591584351436438,0.20956767167466306,0.077616302889194189,-0.055676282229935481,1.2300148241295368,0.0022183024733082903,-0.027180306490836192,-0.058363869414071567,-0.17262846996413461,-0.2738556211018206,1.7957534407980247
-0.031433420260679634,-0.024250571691083356,-0.54869812355376135,-0.83389391641643407,0.084348711970497314,-0.058055644001370331,0.96976216800227422,-0.86698194768962322,-0.0010023500283377063,0.078966074335512115,-0.20636815414051468,0.31228482529794888,0.073854741958056636,0.049359349419345278,0.16599851938531784,0.25078023613714789,0.040479460585045923,0.066193442368875255,-0.18770393158172433,1.0019386750768624,0.019650330813544559,-0.072836780970553239,0.17247544838715845,-0.37224895583904349,2.0406940424451165
0.044922235088366569,-0.075866588640796206,-0.51605702230618311,-0.89954970716044502,0.0198210779001321,-0.00035124855289355231,1.0192658505853793,-0.84874058472492453,-0.012420510426197684,0.086297553552559914,-0.35809606570792207,-0.011333340653472912,0.012409900298949395,0.091188009653943025,-0.27814444770709568,0.65129413862779395,-0.02772080729498172,0.081632911914086392,-0.67412197882320657,0.61778163201913006,0.041689334872732464,-0.074113648086925998,0.1549537404519179,-0.47583303339966482,2.1424520251260932
-0.074977799442950743,-0.0013810226912204238,-0.6988709918874203,0.01416856054565363,-0.044630535119019488,0.053484662007026326,-0.11162170970096169,0.16067383073935854,0.083911948085437615,0.043480552870928446,0.60041288461946374,-0.49041644498826586,0.066841944690194666,0.010304945242342822,0.61384915851915345,-0.208270619420275,0.0020957978556120915,-0.018522581513190972,-0.73906632201860911,0.56988009162756015,0.087615256190666846,0.084998545463571662,0.12847333573227071,-0.43528425212263666,1.6322619064149726
0.069306628109357976,0.07941344603630851,-0.70818726773000407,-0.055760148453998903,0.088027232952546997,-0.075974988827431644,-0.14471048524988017,0.11382996983163246,-0.028500841609076316,-0.0014814803596568393,-0.31868715647887214,-0.2324780786956922,-0.0050269352767522424,0.043358360286145148,-0.64146165568836877,-0.094721498173697127,-0.04951643281416207,-0.00055766790109457176,-0.28348875450384803,0.08174878802414115,0.063918159567992683,-0.061780703393427117,-0.34228028489921303,-1.1090059687176796,1.6082268240333728
-0.070457416714675841,0.055600646774362272,-0.89883314282658,-0.23696046529066161,-0.0097169271665130674,0.013029361339556018,-0.7604860737178325,0.39088411679448315,0.088329119151248067,0.0081523187031363742,-0.27064534125240924,-0.21663813094870998,0.0064995534888149242,-0.060105172602544665,-0.67195608612746072,-0.10124014166479706,-0.025168793890802399,-0.086202055282603773,-0.22557991096882224,-0.66557696768902197,-0.0052104391307135067,0.029418246294200534,-0.76135615154252456,0.097377807640822489,1.813549274153532
-0.073856257052306626,-0.0038699630527451179,-0.10042971791218647,-0.53561272195284237,0.010523545419258873,0.03662187158250222,-0.11456625049054303,0.00074109947330780468,-0.049503545110391969,-0.0087873284316750191,-0.78905378705578821,-0.32715233598023835,-0.091412849851152611,-0.040469332433253569,-1.0035574154962272,0.18718261724849361,0.025844176538167341,-0.07078724164449296,-0.18629641414365916,-0.62628027455405899,-0.042064634163513859,0.037452864403557884,-0.78212461307996906,0.065478497396887381,1.7757045218773411
-0.022299761779197624,0.0021641958493888169,0.24702392315878874,0.26983698860043503,-0.042392211593718143,0.026327178433656232,-0.4719025052899154,-0.030793920603242375,-0.058985401189993368,0.021501776280710566,-0.78021776053807357,-0.33139235387469479,0.062175528447420303,-0.03118384888630632,-1.0232675054188076,0.091412920782358187,-0.059300347490857885,-0.038202890960335134,-0.89318138544349346,0.08130399313962372,-0.069050124142161495,-0.080574199752220577,-0.087911250178600686,-1.1530513825256652,2.0739126667439338
-0.023481790116457069,-0.090394426838818431,0.19034145795025892,0.24246892774130469,-0.028922194391258704,0.038408840888173416,-0.4920688433627885,-0.021524915164380709,0.051661888827090968,-0.019145116882077887,0.53392681171958889,-0.23406930646280966,0.035100309224157411,-0.03694793907813565,-0.56763773383193405,-0.36625189615706788,0.022951090889295644,-0.08695502814517847,0.37533758344780832,-0.17397842971512706,0.031947166838486307,-0.06659120973743704,1.0670159554395671,-0.45234695985846085,1.6365613197606015
-0.071019584358417598,-0.015446355618548541,-0.73878875673907285,0.78314188773991322,-0.015107954216052655,-0.0094358970757829341,-0.1225224819654166,-0.14440304555558137,-0.053126127244962656,0.074337337501975964,0.58076562254163977,-0.21366633026996573,0.059052694578442561,-0.079437561258427491,-0.5237677651758863,-0.41809529891797659,-0.023356377219138774,-0.046825228952350778,-0.58013896393667053,0.55791293387405638,-0.069761576201708753,0.0054199824718379613,-0.50993682742847513,0.72431865011756691,1.8684066317061221
0.043947186016086048,0.065521968219208956,0.45190490119732063,1.2320900355935633,-0.02235395806773352,-0.031255253591736518,-0.42856059353046594,-0.17537732603120809,-0.037267855448286979,0.029243565327832288,0.51932375881411319,-0.47968929797999182,-0.042001326439646741,0.015458914685581804,-0.61142687793162542,0.80341377231855304,-0.012534328692365308,0.0084637743634398688,-0.63604435298034701,0.49329204618521738,0.074481323901913088,0.076256121161704882,-0.49152900008389416,0.71785296101449481,2.2100098041168534
-0.064081559553090028,0.0618856287292643,0.33587222589980947,1.2234192960933974,0.078144287954496086,-0.028120963079133143,-0.41566092295899892,-0.17363096099010761,-0.074599172056941276,0.08382106681507967,0.19667767055606544,0.30326956813808836,0.08118825820336717,0.05042991136695682,0.88125161731051738,0.84915533897973505,-0.077002691887321409,0.020315254744740538,-0.7841437780423488,0.13891853280410127,0.010379773595589725,0.03753581762896252,-0.2893922172758826,-0.43997728311158601,2.0968395699089837
-0.084900105407694437,0.10255177911519067,0.027125565814072494,0.60430137341792833,0.036182223495658458,0.023117680691932097,-0.57377164032554828,-0.012353357474738647,-0.064867193716750871,0.001004901925759194,-0.0891132994533127,-0.55179515371346632,-0.046075637992316287,0.036329624419429843,-0.61092245267343948,0.25986096281903293,0.019150926862930406,0.067312142009652701,-0.773674579587182,0.14173612599427354,-0.018608319186569799,0.064767321057184524,-0.27098182164814599,-0.41901665927705811,1.5338780515857293
-0.074427308437892803,-0.01691368210075711,0.22870832082267117,-0.92936413553376473,-0.04984315384818308,0.044673468146636253,-0.93428759330499522,0.039069164927411304,0.05094232463064996,0.045678728928480794,-0.013548920636775263,-0.54264810242842099,-0.035539495067360538,-0.012501543462851298,-0.57456955147092204,0.26907912700563519,-0.042299451490005358,0.06290330083733825,-0.92286505438229061,0.36546872533018271,-0.072928320543206859,-0.034832243886943948,-0.48645778472503409,-0.79223890891964555,2.0894603621587122
0.0098884519954876016,-0.042512139912645019,1.0272140363833473,-0.14634901360949704,-0.062270717940178993,-0.061736582646719884,0.016526916128926317,-1.0142086483559076,-0.084614146284561431,0.055887585750275193,-1.1466922832335775,0.15997774718216529,-0.094680804548482655,-0.0078237020095003051,-0.27809875033590942,-0.091945050741425449,0.036641416220573819,0.021670048328269659,-0.95079123831413703,0.28614454706591863,-0.0070459169374310626,0.074293423490517041,-0.45855777017414223,-0.75892224776496731,2.3108814104220312
0.0038975030817809397,-0.081284477605933381,0.99208293802088621,-0.11459348502458777,-0.048936217449467134,0.028267102004437161,0.069265819814327445,-0.9629903645328326,-0.089320510548377141,-0.033547892932575984,-0.16818341266662123,-0.28198765730590158,-0.023790685381823606,0.083782752705387181,0.19839428068036413,0.36238211773260121,-0.05678028785492989,0.08459219294940562,-1.2733951185632919,0.36225594865018718,0.00012435977363201012,-0.021008063014683165,0.020033428079075211,-0.94093573209058912,2.2099422148398244
-0.066214124353589199,0.022708515716223787,-0.35896153142627713,0.66088471699375884,-6.00513140598391e-05,-0.040345618510530618,0.79447117086423258,-1.0140937212022809,-0.090262863803791754,0.051859815491962502,-0.10956108508672001,-0.33007133449844306,-0.049716050108415177,0.09442049341603348,0.1522505503522143,0.3667131562656214,-0.040886468861278225,-0.033931776736484565,-0.10681315318918105,-0.42363653547086944,-0.038860532314537344,0.062889301794516017,-0.28266664105305295,0.44894666452355314,1.7358491491027277
-0.084736362177042057,-0.075549769040670345,-0.42725618318990144,0.64415091989100259,-0.044340646670355977,-0.038460875758950908,0.88200775236617346,-0.9895194367266833,0.034885549746956901,0.026456100856191656,0.71789107463063373,-0.16638358969070943,0.024645194624141276,0.0066677980054324903,0.35752972021138274,-0.86511673170128534,-0.07810568648406091,-0.0038204553840976985,-0.11573761719911979,-0.060990996366600214,0.077433502509898111,0.030709568861833958,0.46879720271668818,-0.053364081786119733,2.0113577704264958
0.011482629554865786,0.035878644655623182,0.54156906764192936,1.3381986066150175,0.094877071594470119,-0.076234235481777324,0.92649204043415223,-0.4828517973039253,-0.0060381633636474863,-0.041623077592655822,0.063876913618620995,-0.75554107578428775,-0.031160086969740652,0.0011959993888939202,-0.44644258941884296,0.03757956169665011,-0.073943213990228851,-0.061839105945677431,-0.09452338703583002,-0.055860968708065784,-0.022444197835357504,-0.014012800879630971,0.45641096572335477,-0.038216347922138016,2.0498887360000198
0.084685099685052112,-0.025916668523339181,0.51038934327468755,1.3734020632351962,-0.041140670575149418,0.038794265822289176,0.91148858099403629,-0.44969720257705825,0.084945081775480213,0.021913913495609227,0.46000572485974089,0.46853095146166457,-0.044866563331373843,0.022147511792802277,-0.18824477355643701,0.017505853841345287,0.053347810012237762,-0.052424522867551171,0.72670054467369616,0.26993518138499473,0.060991948322193262,0.031162424154285828,1.086576758421232,0.48875993538627127,2.3871862571600126
0.032072372607308886,-0.0072564288661951526,-0.72084393080140741,0.70637497382135483,-0.04888715860148779,0.043562040654026024,0.13333223766813213,0.054569946399920077,-0.023845032530790275,0.035718960768062802,0.41558983927631438,0.43642973530032358,-0.080298421398434128,-0.056348172068134694,-0.16800023474361431,0.0243062603827916,0.037136744213705386,0.062642701799151768,-0.13290846249932753,0.65809856773661235,-0.0083009734712032046,-0.00072626010173615363,-0.19984418537994553,0.22389843945188176,1.4122227858831256
0.0027542311970026878,0.04120695559358567,-0.69589097766519226,0.56958283914682073,0.0034693742486536228,-0.061849618553650121,0.67133044022824784,-0.81191891771911118,-0.057453494597369356,-0.043251104569559162,0.092922320229722633,-0.80337361118331685,-0.031432072626014107,-0.082225755818051249,0.14538413474032838,-0.37817753691990269,0.022932322782221681,0.019317237863951786,-0.15868051914606324,0.68634627436015516,0.054265819524399961,0.010006187716137926,-0.2147401520882013,0.19158158560261201,1.8270904166580766
0.029546033603252309,-0.060982336923514069,-0.022995615010008907,-0.3850998614868566,-0.0579788834365218,-0.088442652974792924,-0.05272132857020323,-0.077218404692545206,-0.071290500160287734,0.034502885836710684,0.090189948020589383,-0.79183338638008061,0.036390423591089627,-0.070899342588275793,0.11862688038483465,-0.35386193955644241,0.05871462027086316,-0.079008105180120469,0.64490221296440375,-0.4919248350101123,0.0061393420161686141,-0.022799827456267518,-0.66383712020671204,-0.35207629717874356,1.4809357383017929
-0.073418410500831338,0.091602492214258646,0.018248803774799649,-0.42692973350276198,-0.093892564053651872,-0.073993664897242573,-0.0035340124350243945,-0.1135311051212915,-0.0040555242522309909,-0.088419317577035805,0.38801061403201126,-0.76366427879671239,-0.067661828489418319,0.078112239431546771,-0.7454024081192665,1.1761069502184389,0.02660547842997607,-0.091512641622576663,0.13565821533365563,-0.17427167879608352,0.067743742125186412,0.028294884398149867,0.57435685342456821,0.20776439837372834,1.8305670040759192
-0.028796069117149756,0.070775957041289361,0.40188655155044806,-0.30779215474628024,0.077513736760456114,0.023017405265132518,1.0408246010153037,0.91287509102694964,0.068358927943841241,-0.068514818497377394,0.46659729397156358,-0.77115468008678012,-0.043229417027735362,-0.025232602551213734,-0.7885200631463789,1.1506419878378158,0.037285949837048249,0.015298499315465897,0.16492633792466457,0.77290276794438384,0.018258326559354221,-0.04793622042577006,-0.55531108514249172,-0.52729005046827238,2.4840548465138226
0.023010581486895776,-0.086350162274338338,0.77260801319730399,-1.3970233263915208,-0.071732117832808445,-0.072219166384091094,-0.90568776527050676,-0.54678882226038228,0.0012003213991664818,0.07778799349518728,-0.60053139758758178,1.032780699834924,0.019870712689357493,0.018737872820961066,0.034823513705797809,0.96812371472789094,-0.038336374079018576,-0.053876403842413545,0.15104511649096033,0.72869207752942411,-0.044076718547335081,-0.019176635381711993,-0.54419544573114198,-0.50640762343447254,2.6780269017604899
-0.028316521399976369,0.020356048826022599,0.79357904290589376,-1.3546971071754665,-0.0082761235181175868,-0.02467065954894776,-0.89983060651367031,-0.55932054348746119,-0.080877783472054321,0.085445472373230302,-0.9852299607368622,0.4809200940350421,0.046712731431194615,0.088385082838766005,0.44394020244920329,0.85071177286695077,-0.044669642562445544,-0.025055885405359746,-0.31665912082583431,0.33761484649042545,0.073981550747529212,-0.059598965599081621,0.96749201555819941,-0.15343045004092259,2.6308703161727744
0.037764001732801589,0.02874336166549929,0.66667494959148721,-0.38706127670029489,-0.030803050074897628,-0.07493443360729457,-0.43261085541528671,-0.28825876401522577,-0.00455660420117876,-0.079670214194833,0.23473292341992191,-1.1405880602069551,-0.086526472542185442,0.067876187120927911,-0.83267831651720381,0.25727316378063986,-0.020648960456401882,-0.085934593479975341,-0.3161648651395042,0.35031199546806902,-0.06949205152451654,-0.025986260032182296,0.97671568220995852,-0.13630687565466015,2.0532720948807883
0.06544976657902507,-0.073924070795627239,0.099083902350766473,-0.6607366616551702,-0.066455381618532899,-0.021086311341913633,-0.74570048697965241,0.45581780057839782,-0.073691042201149637,0.021762778203186506,0.32008018974133606,-1.1369722959003732,0.088587414482434651,-0.055667372912319824,-0.85352304903905707,0.19484136507043306,0.072719708684397671,0.084441384822752097,0.48319200382374772,1.6904363538218945,0.039593218608345859,-0.06320662163968338,1.2081010711151632,0.057765362229922346,2.8240374473814875
0.093486187378528873,-0.048024375679992182,0.17690192972231211,0.28039845732239543,0.054145588069359277,-0.064666272586385798,0.82443850592993906,-0.37039319699694184,0.0097746487996180909,0.024753789277479288,0.42697523903398427,-0.10196334173297705,-0.022233704393651854,-0.093613176266303055,-0.81286489274146323,-0.23394524639644976,-0.051758228245632941,0.10776685590341373,0.34445001890158716,1.6471473574545064,0.034002728198425869,0.086613341809382294,1.1550902306111979,0.17374008506199212,2.4662171725699134
-0.00042881523347437778,0.048645710713830503,0.15241447381460368,0.28931382364846414,0.098000969707471353,-0.060986456687097235,0.81218891410514593,-0.33753761978095997,-0.019979876024029619,-0.048838893676694473,-0.095348131659752255,-0.62738620637297227,-0.050430237593746596,-0.099308497548300956,-0.4693708408132985,-0.15302192712391605,0.087529078864340262,-0.0250902111721234,1.3159303819656745,-0.89098192339089177,0.097597286005576711,0.089460548585026611,0.44575580630865996,0.17354306946020226,2.0827819786463051
-0.081800469126544262,0.056172358243313014,-0.88764292744896134,-0.018374205288774537,0.084851711678569613,0.0084478550448283674,-0.30511829475680008,0.19813188488058819,0.015940784527530893,-0.062730457557577057,-0.10943814455520917,-0.57491020296189832,0.082992159249896558,0.013943338293901153,-0.43948771235076745,-0.1183824813562151,0.10420427126351886,0.021105291799153436,0.083369920947815479,-0.22029218251406901,-0.080620122775304948,0.051564108018011146,-0.84767464639835488,0.012011253409228706,1.514361469532544
0.01495093154698357,0.025303078852975669,-0.91241309804143123,-0.033396294267655557,0.072440751620376095,-0.048053131892925594,-0.28866209966410583,0.19484501603112125,-0.046903470045753237,-0.029606449578022054,-0.6644283286802195,0.33144248396558551,-0.055142730062663514,0.04631026317053788,-1.514057743675925,-0.099184521639713807,0.050831185829279507,-0.092370766854315112,-0.55856877734939581,-0.85876308017445868,-0.035575227144336363,-0.085354246079576146,0.11561397624074377,-0.70658750641159607,2.3252711674230602
-0.044948199706684955,0.074308179990970502,-1.0640173195958385,0.43038382814148968,0.025938178694456138,0.0035480785360099132,-0.14192344241191548,0.26480022655433277,-0.062849120116246548,0.090344770732481872,-0.69537427701331789,0.89446545804119859,-0.0021694204618417645,-0.083358504574890246,0.41071964327250832,-1.0757154276503913,0.050818989250522084,0.016118056798173352,-0.5276498609410869,-0.83108875164079854,0.084219076945263538,-0.039005423185446669,0.15779516783225622,-0.69456868643667091,2.3520820837402336
-0.028496178631790881,0.088164040591695123,-1.067295623629414,0.41671932720453109,-0.0043835275563690324,-0.0022940924775851634,-0.20196078992047833,0.22242523893643384,-0.081593916276921696,-0.045299127294331526,-0.49508377961896272,-0.61185395404282428,0.011593518724166363,-0.083336650154190228,0.064624333515304944,-0.33657307985964302,-0.0046392879405539045,-0.018962088978353497,-0.17183641298481173,-0.70790873404835819,0.0010854189942868242,-0.078508476787835291,-0.22398666083016394,-0.17062722148657472,1.6675903225326965
-0.063464309481139569,0.076481944701804,-0.32766516784463384,-0.033763623019005928,-0.038575531212526826,0.08725447449538648,-0.46234908461040497,0.78011320077709301,0.044837654839920082,0.080979088229121365,-0.41295145152362878,-0.6437545952276571,-0.039302254889892918,-0.0077506018055618631,0.12173984754678646,-0.30528114767217884,0.046044128167233356,0.013823434290114678,0.50255862977830745,0.30493589026139634,0.07498608061616352,0.025075244418233916,0.058112034475715335,0.93681460869893307,1.6994345198278233
0.038209671379406229,0.027503330183872604,0.39845706146430804,-0.1682875598459137,0.079818114015067748,-0.064229390133300313,1.109605820792201,-0.65976607879658211,0.045594235793389171,-0.087090360238942649,0.17190112614508224,-1.1354736086536321,-0.089637900247573399,-0.091631477925407379,-0.068244914347432295,-0.78778012425546651,-0.019571800630265312,-0.068463151692872648,0.46626634018299573,0.37068541699506463,0.051343786370333877,-0.087880381685480957,0.029589778222331997,0.9261634245498318,2.2506473569544836
-0.033334801693534311,0.027716300146616746,-0.77232971553977336,-0.44802597674249878,0.079317989766539476,0.022773694129507138,0.29739086795703595,0.25233929599571014,0.0042747735135935105,-0.094050490090605676,0.20439329588237087,-1.1593245598674624,0.024719021606765978,-0.094483146776514204,-0.021435288923913554,-0.8097889984970883,0.0060646121399001163,-0.032022002099507396,0.62095968230673138,0.53894511815331492,0.016855645047399892,-0.058630225689242033,-0.4230748047215076,0.45823687225286136,2.0219460442257389
-0.037221228412614771,-0.045448805002069159,-0.77549832043324529,-0.51746642178475599,0.048566099335056928,-0.088178400854270422,0.30940093842705646,0.21632061095902616,-0.063246255310424604,-0.10281824193668554,-0.73892711992511706,-0.060097864521632571,0.04669502770390499,0.0099785630930607216,0.0010641263014964375,0.84941998262170038,-0.085090640662150441,0.027852719651918489,-0.32418934675218952,0.49668269825537303,-0.021493815844221831,0.0867327723884177,-0.40453899215177613,1.3436138709152354,2.1563889196910297
0.014909459323903529,-0.016655288728283812,0.41955008159475038,0.23084402885098099,0.080807667220661794,0.021574508211381627,-0.10409762700639086,0.80795752409911858,-0.0098371585259049987,0.057195023111424215,-0.71530733148171743,-0.059176559374895854,0.063856155923417424,-0.012620300408054036,-0.028396402526758013,0.87467586637853512,0.06780233721151066,0.029391759707492388,1.0971677348308682,0.05871602517190011,0.04603125237017297,-0.052549101501692674,0.49351034692888907,-0.7127510879110881,2.0391679765310151
-0.078621526327502744,0.033735681045830801,-0.5193285361676151,0.71969975227745797,0.011313578744328645,0.080859885501815054,-0.20794117578933655,0.75779699426469171,-0.034029128746402598,-0.03621711530814109,-0.48706025843631273,-0.82311030945406871,-0.030443937937377485,-0.044343343271437075,-0.67520559761389876,0.039188797471538805,0.065153701433149344,0.027448495715650931,1.1196511625564354,0.13988324339289837,-0.061198961062894908,-0.094651132877611732,0.5019003268364286,-0.68109539205550684,2.1916601915616889
0.0029433010450369418,0.0005263776531054809,-0.55214677987092697,0.68929041311224848,-0.07597924087900676,-0.045005839795601688,-0.25322772767226825,0.73007236366448125,0.079431385409159921,-0.10308041086581066,0.84517787083711471,-0.36842439244048258,0.022541428067598651,-0.042793160873681485,0.28503820312406902,0.04696641883667807,-0.074648300831578626,0.011139160601879451,-0.51624620392931397,0.11900874986615007,-0.022929613133945856,0.043868583757914692,0.69498712190084455,0.95447401095638129,2.0051337352381258
0.0051723731180245563,0.094639970582581667,0.078747499930028608,1.0522701770979959,0.078132682185635405,0.027355791062006113,0.94554148625035794,0.5753872794577104,0.092697079992394821,-0.049704313789277754,0.54083270253700366,0.27939909196002682,-0.050122121674965853,0.015644614973793131,-0.35777866488254956,0.43057719422352458,-0.033022850744898337,-0.015260488831816715,-0.53807731147016868,0.077097874806212552,0.05808306720591877,-0.0087213755976509599,0.68608317304118205,0.93388174197891516,2.1668653528154249
0.077954728006171314,-0.0042647533161006557,0.88733429140564546,-0.28809488962573482,0.043146272902945565,0.045450777475259482,0.29753671053285169,0.16253477692587737,-0.021765164765351619,-0.059074239523481564,0.47074024627170696,0.32991716679870986,-0.046459958600608059,-0.06085027575979246,-0.35668541594911474,0.36523799863666695,0.059151065212529122,0.036447668768326835,0.37154799993425491,0.67009466612601043,0.092704175989346882,-0.060455276245340972,0.66593411739698283,-0.26215411017433154,1.6469859499993669
-0.022044600771798317,-0.032793394243761265,-0.46278101357121271,-0.30421901353424424,-0.062712858143653599,0.0057704754909638084,-0.34956598208377909,-0.02151746699811774,0.040711683520999076,-0.026055010237286069,0.2577237582870362,0.48695448249016549,-0.00031312403142964851,0.059233347050952567,0.53822646053863388,0.88525756994839511,-0.024297963566240283,-0.028072790418784355,0.31627374155107479,0.63122299078419963,-0.023254250217569328,0.059202808564975395,0.65125894421380948,-0.22692006934990028,1.6724798913768719
-0.048980346493233684,-0.073120333917060854,-0.46416052346758918,-0.29636615546402489,-0.015643516412120584,-0.032573446621511036,-0.34812567845400672,-0.00048215913856697323,-0.074248805171824306,0.020033027788570523,-1.0906525654357049,0.14691476821593569,0.059310545078532811,0.074112554822805654,0.39536520208834702,0.25299168845253067,0.026578651617961691,-0.018916048244657646,0.19332764609333464,0.26280434945706299,-0.052925972585632808,-0.087364222628788735,-0.21598305931407724,-1.2554944459386073,1.9028204431073221
0.074484776902094096,-0.091510122829883023,1.2756833244414114,-0.3129129748955205,0.074284286772150543,-0.090589057711909227,0.59798793210865131,-0.78537313516946472,-0.022628900008155539,-0.038936071308954379,-1.0581064947831993,0.058059413467899279,0.059082089947913918,0.068291371629417397,0.37859458564150805,0.26187119286964794,0.032595397309398505,-0.0099625301888028872,-0.14696297938427016,-0.074179821446731853,-0.028312409792823345,-0.081496691855367343,-0.20327428208273113,0.041654314915226365,2.037435651791959
0.065735648421346049,0.0085748549028047405,1.2604402432386832,-0.26854161951116784,0.067052294372536847,-0.070604725109527922,0.65062122569676228,-0.71059262396060696,0.083788598868411057,0.051543110263685521,0.55284895705802262,0.65506119472032709,0.016922819280468626,-0.011025645609253232,-0.03087061166832139,-0.94139802210641865,-0.050309655523531227,0.083795651555736872,-1.0120885730956362,0.56131657109297872,-0.048739922337121211,0.077460509034897429,-0.44476681438775645,0.97091598422488201,2.5947617937477445
0.071922226175935133,0.0070454006368393385,0.36764196070664046,0.12300424493078907,-0.051756866299803944,0.053926700621257345,-1.1970445139824646,0.9285381320905185,-0.02390687994048446,0.04642472949857801,-0.32097398432591107,-0.26298008526787875,-0.021502696270787713,-0.012524640599771097,0.027102561954068127,-0.1672369558242518,0.021820283650235972,0.10100845546730097,-0.98929996839795042,0.52333598526728864,0.04308866087759311,0.074796264064088125,-0.51598561276577015,0.97626202597994904,2.2694677384700568
-0.075375852106523977,-0.0012708940705499217,0.32624635026623483,0.11813241249622208,0.025774117883249459,-0.017811530030262368,-1.2591588385887897,0.8282908153585915,-0.063376711202126179,0.033580712065811036,-0.063105002030181767,-0.53209750367220476,-0.0018174780141027025,0.041469817885201099,0.475812969945273,0.26150732650077546,-0.065729981489286993,-0.035213398996538747,-0.55780513993459968,-1.1427101301122957,0.06820561263157443,0.0007949859356025657,-0.024093621669570964,-0.57046397615761313,2.222728141503056
0.077936612409700068,0.019576479845267336,1.5618256858191595,0.3215598246038468,-0.025034267175327585,0.092928490222721788,-0.64908020288445911,1.2120032710119912,0.021858763181774599,0.063364374649245103,-0.0052336172384855884,-0.51597774216233172,-0.080305722671086932,0.097377195254304105,0.44283451597044321,0.30728940017515866,-0.066660042046384094,-0.065382408670308423,-0.026349266729822296,-0.34116688351440505,0.024480543247462405,0.040527620476879633,-0.10885609299680254,0.071656591697275895,2.2739666741667119
0.071146050211161604,-0.021597478783908108,0.42533527592805997,-0.2721079524426111,0.065847541589939773,0.11068026406949183,0.31199259886620245,0.15047608130681867,0.063875657593558843,-0.046930794389901942,0.14813707826669625,-0.91790384165050443,-0.088568938456757507,0.050153508109232914,0.39394509518640652,0.059571076069569295,0.02596197516605625,-0.098276512572460062,-0.001963610277138983,-0.36012268032984901,-0.048608748444690653,0.090452350283274141,-0.10919197256844032,0.072369686290687074,1.2667496322429865
-0.026184831293861066,-0.027532041321487399,-0.78709506029975307,-0.0059048580131840778,-0.076966061076671366,0.078958920661301696,-0.64402656556391746,-0.29924202005678369,-0.014723836360317266,-0.04817705076152809,0.23635042645467527,-0.89150003394138178,-0.094402337274881787,-0.038846433516296686,0.37827895883421281,0.039742192150439781,-0.011220766344504862,0.077576892219722526,-0.30638214356824489,1.5883763120312719,0.055786829469933519,0.0013228823245963611,0.68615859013759684,-0.53063349116047265,2.350359802722267
0.068291492814104515,-0.038723082735478254,-0.7328954157093952,-0.020441642095813894,0.033838813735296958,-0.02173885431754069,-0.63864269489037317,-0.32179177206351994,4.0780893848513244e-05,0.047039172819431818,0.12046675490822846,0.18827708092551487,0.082815158360740826,0.08184337759284982,1.2871735657680559,1.2613773265017272,-0.079600412819044841,-0.002137274328292138,-0.85085149167952467,-0.22545764670609963,0.067174833344286533,-0.026836676656960795,0.28332612159998599,-0.26668448014406676,2.3039345542016294
-0.03245188176499525,0.03794097071985704,-1.0239093718218235,0.58876975084726058,-0.0078162336641802721,-0.010390244759454881,-0.33265464399540373,0.27151159454148666,0.051487276005553362,0.030429844940933488,0.15685665586548042,0.23619423126664085,0.066333801347878252,0.025582309528752067,1.2006605810731108,1.2653332433655524,-0.043509745636464148,0.023186420807042141,0.12746378226194388,-0.15446640099316444,-0.030904965087156899,0.010276796911614205,-0.41885289103439471,0.35047013955573381,2.2484710968145443
-0.084321022106754073,-0.049243116897062983,-0.83852982117582719,-0.14052226693132291,-0.069408114199130733,-0.064219789889174428,-0.5045677184533397,-0.54965577542792998,0.074167881500700084,0.044784856430913844,0.06228400519937588,0.077082270415808951,0.096616053108969036,0.080332214215720288,0.90297539746541466,0.60405845907869127,0.026165166544328766,0.020180005450917249,0.14645210135673239,-0.17609361033697229,0.039420179274257894,0.090673193246858519,-0.42297609660029173,0.34854260656371927,1.6956259580397586
0.045238139241795317,-0.011605935594509509,-0.82073364257227399,-0.20276651481191671,0.05319550243849358,0.038216079184501595,-0.46068404689589632,-0.56087640539050332,0.00026889637903271257,-0.0023626077254281785,-0.33893045353122986,-0.63000619874688035,-0.025821971224911477,0.058919919546811556,-0.72486416882832605,-0.27862385019523406,-0.03765362847685183,0.058148352260826486,-0.32493389461934641,0.059825489643659149,-0.022138003837633979,0.096180611464402377,-0.64488327352834085,0.22293403610835172,1.7193782181575459
0.022550294442980956,0.031561568260072836,-0.53829635250250629,0.55113964728368448,0.059199916408542497,0.048180512870190262,0.14817288762202441,-0.030519882580272925,0.016444292993369025,0.05681646355095904,-0.056607771860142653,-0.076709993172150603,-0.052093693610469893,0.022608802144926513,-0.6877344253510933,-0.15300838240364689,0.057666976412404702,-0.000424372189116895,-0.31595106257769379,0.061886255037058135,-0.051927818186371821,-0.091016374658390076,-0.68554463074493899,0.14436481891697051,1.3208752587673711
0.087312484036991878,0.058911260318013303,0.35086506252271354,0.55087952936002449,0.057311820336004682,0.022189631258736353,-0.14088672703978894,-0.50856145195581959,0.049215250794185428,-0.093556947191690221,-0.084607021078780598,-0.036437875238704287,-0.078154492689179733,-0.077583380661568654,-0.68855506022389257,-0.18403804044503347,-0.059698631717825412,-0.013703522725942441,-1.0963638235048669,0.054493184750357804,0.019009727531096532,-0.075688398787364886,0.41808767490604382,-0.12673063751766023,1.6325987877885795
-0.01809453931328453,-0.030947894727100911,-0.7092250779307121,-0.54710421918044827,0.086542934786170145,0.023991843770839738,0.39664461470485995,-0.37979799618482596,0.015068629110347564,-0.031662084886707853,-0.25125305171201917,0.56498626518730555,0.016420517898958487,0.00023162063207643122,0.27114864212324424,0.30328206174817612,-0.049253117997135831,-0.052389601506978051,-1.1333940218338956,0.048837133515045178,0.077220577050843175,-0.097761943255914474,0.41367446252938511,-0.061738223640945389,1.7734660376117273
-0.047914743009233263,0.023426223098441223,-0.68830700201442907,-0.57754776574500788,-0.073188798033861913,0.04257021061932581,0.44504089097072286,-0.4096221397066564,-0.017676462837996954,-0.024386927049922069,-0.17996752678711903,-0.03549470597842791,-0.052228776942576438,0.058634953675778409,-0.82952374908779603,0.60155870064338668,-0.00038723177825206179,0.027150530522402655,-0.00048276166174560098,0.75541142074638945,0.078451974799988333,0.020539223758445635,0.42546364846467977,0.73804854048567559,1.8914524444014811
-0.078726046816045003,0.02938867421149538,-0.093580674134109421,0.17511898282775154,0.090130787757655484,0.033438946490914889,1.1469618631274849,-0.34798070898573913,-0.0073007192629778173,-0.021064233765918705,-0.17327447142893382,-0.017076080443750009,0.040177334787352859,0.081440084045617298,-0.81180002062828194,0.58986350437864632,-0.080252216055025527,-0.057507083635008158,-0.86407385800493797,-0.11030313927771634,0.002035011292334743,-0.021751008951628847,-0.77433376810919663,-0.1164249715095962,1.9800301943311929
0.055548532475437451,-0.053707374219211124,-0.1031262171234133,0.21057102980091408,0.071653406182947799,0.030989137668843605,1.1876881917359619,-0.29340131425937288,-0.038069414189368378,-0.040283233462395707,-0.41703899086063112,-0.31026577593762927,0.067591736671915648,0.097465474305216182,-0.056164481587827941,0.071652792049511832,-0.022902382316220327,0.073759885318917098,-0.12141607763951778,1.2778797962379711,0.028619102789729345,0.039198162579620277,-0.15028398333445492,0.45914992387232412,1.9361781128185473
0.011371412020374394,0.080271591380331575,-0.2570759752701659,0.9550033571434885,-0.077680555241258165,0.021960488920949088,-0.83598977407451058,0.12994303748474476,0.020260826730232939,-0.0971747595561685,0.14062670712311265,-0.56927117616822875,0.056753499178346933,0.026841712546069235,0.20809736650942701,-0.56627334316459188,-0.075610056493431665,0.022199473971526607,-0.22078016244485166,1.2439326500264059,0.041286556974549582,0.02556246830668063,-0.20773742913273252,0.42126730563029358,2.0624946978929972
0.038166073312662752,0.0017022277734157765,-0.29003045622770451,0.88365626553252463,0.012810027769681098,0.0058444737281325154,-0.8385533412191537,0.040561814897994097,-0.064938987124549985,-0.016382224082353791,-0.97904779586442592,0.23968611805696138,-0.075142431297100964,0.087371682188182753,-0.91489091144761958,0.27762082456793863,-0.092681951849316158,-0.072599192989741185,0.24935408485623578,-0.1776370072415312,0.05407867469363356,0.057490049617318517,0.31640857941985789,0.5987206628301216,2.022793262190044
0.081620782320054847,0.069269202157304366,0.43291876484180458,0.72361631527754544,-0.066275714950972731,0.060571423080747248,-0.5830241844061701,0.67156419207292817,-0.057187799354136898,0.02171685132534229,-0.95189009835734706,0.19479944212091566,-0.025749647306577028,-0.065526084071763357,-0.95139677650125953,0.18053830730085665,-0.059642845369012432,0.0064578134035007118,-0.022821831799821335,0.92035985424580491,-0.059914846736723676,-0.01151052009183684,-0.57489913359338085,-0.26632564582596563,2.160627088453372
-0.0053083532104808567,0.069683711714359498,-0.43971057809633995,0.50947011548481036,-0.023307060151626535,-0.016120601138605209,0.094555076659552206,-0.60921044756967091,-0.014046621212766175,0.0017029240461367001,0.38704795231982747,0.16482124464805997,-0.10069341448342251,0.045290242862093821,-0.76346670836221919,1.1980603810709938,-0.048991098412185075,-0.0022150169124264263,-0.024375739304518973,0.93553531749520058,0.0039234795672659917,0.087089088699805917,-0.50307904038451201,-0.32046387708054191,2.0707182822508017
0.042500637395886942,-0.02762999120417664,0.074287603526899559,-0.83325078463769753,0.034183712998020699,-0.00016323126791538412,0.44506619259243224,-0.22568336318719037,0.054726158572993788,0.015183552718873949,0.41050297095919064,0.16118710110545087,0.086877825592922564,-0.050179295096269338,-0.79685385988849489,1.1736325927218083,0.075213706553270532,-0.056235020884154774,1.0702439123960088,-0.5250664983424318,-0.048285838415115467,0.053294589120428837,-0.60778387682328638,-0.60169807767263084,2.310693704963426
0.02601572897370924,0.051181628671716162,0.10868037936445951,-0.83121000205021667,0.0046705932484816248,-0.090904415227679752,0.4516773090987542,-0.22036169655549737,-0.013644247569381096,-0.046440248912528126,-0.72009576964061672,-0.56464871405844064,0.09064639898724608,-0.015330457660454988,-0.11623268640670337,0.23834020830196184,0.10520627146463113,-0.046758869366239908,0.16478136344025607,0.22837549101130816,0.048617268053232188,0.077651734283438079,0.22914721768906277,-0.29027321343682977,1.4570776337999352
-0.070104504754579078,0.049380421266958685,-1.08254037401432,-0.42098179174272277,0.049407944043804053,0.037476017912924431,0.35823044241642821,1.1961673761523826,0.08096601085022892,-0.0085595521617981563,-0.7021984956756453,-0.59433103650010799,-0.064636929952120031,0.086826685779263613,-0.13360188531715789,0.26133560814831264,-0.021713368875543093,-0.093872924902349275,-0.87131229439773206,-0.15931972664702637,0.060892940580857591,-0.065756726030784529,0.20227307925940186,-0.8588856377229126,2.334683960642598
-0.094542200074149596,0.031659252649835518,-0.15925760000529643,-0.43074847041349562,0.071028498611168778,0.04152726441986973,-0.10903260960428485,0.57634488133641826,0.047670169022479225,0.076558916846651476,-0.39656881358685747,0.075644066896226159,0.04863835819781917,-0.051316103970439508,0.79438001851555828,-0.7471218103691798,-0.084704162146378034,0.073509573549638052,-0.88195352003408689,-0.16903707212951169,0.070494265809551315,-0.015709005619068073,0.19952784862653428,-0.87464534593470078,1.8884006773582662
0.067778830929886347,0.060519605405242816,-0.15650999619958661,-0.44197293544795735,-0.031837646445609297,0.080837870432738879,-0.12089575529430496,0.59419762471774118,0.029494898202300113,0.064302862901940538,-0.48726555015905137,-0.45897284941351324,0.059144678767872258,0.028961503426736201,0.057288264646876086,0.67619602514844035,0.005507748514044758,0.068801876648070637,0.33562989398602616,-0.12950737850602589,0.08245466855083361,0.081797696541725196,0.47785387743026436,0.21436360969559143,1.3940031770817385
-0.067311613215137567,-0.025551501830734569,-0.9517978053311883,-0.8490436249072193,0.0063053566031810171,0.033232837429285678,0.6589074983043014,0.046325450894682152,0.032337010233219443,0.020629690220068872,-0.29125158544943397,-0.33755985212680439,-0.085837800310725881,0.052512218558915469,-1.0484195230736881,0.65242452045597654,0.02561901876720582,-0.079583987308910115,0.37763168054445739,-0.1376553116767274,-0.056522138924536058,0.022061815322637748,0.46902695013266832,0.21294562486975455,2.0596596124269193
0.068129525318741724,0.033251935776675123,0.6216006363417409,0.031574683849680207,0.026725413844912581,0.034892927760307002,0.41940177094563647,0.31950318677001677,-0.0067948319983400784,-0.0034985984541995863,-0.28697416320959268,-0.3936120192114585,-0.10002162815412363,-0.03504306662313128,-1.0161499244064018,0.56521180471448984,-0.072701414353930294,-0.031755415866269898,-1.0238105756534475,0.15786589502624548,0.07407344428569429,0.031324360798005241,1.1525329469707104,-0.019172990440708526,2.1652287303386171
-0.018249451365643266,-0.038380448072960927,-0.30332357630346773,-0.43234218710877004,-0.051674917991452046,-0.073748885159635735,-0.40842882326472785,-0.49999014894747851,0.012578049229236554,0.0073738959550416205,0.19456332686884723,-0.18756682959647009,-0.07889782408545204,-0.074416014412910791,0.18249992007134408,0.13300327149713853,-0.03991106575793435,-0.01516420885157381,-0.96943353775605323,0.12891376419960199,0.087129803886975443,-0.073221048319727533,1.1878874350743125,0.022919252172793003,1.7956752931651048
0.026191399014863004,0.081195230292104625,-0.30083423504672274,-0.46672823787047224,0.0027211378860880209,0.041561299357910975,-0.39207145487255834,-0.49934584712648961,0.00075966023942020122,0.025090341122915083,-0.16968118886477795,0.4122410868901073,-0.086526581668204983,0.064350795717390635,0.01420405402975744,1.000881638623528,0.053797697731277738,0.00018866049011981995,0.31870707372189533,0.15243913491238548,0.085464597791932606,-0.035959532388391557,0.058461766410272155,0.52747869477314757,1.5334044952848622
0.016354364573264779,-0.039633794340060757,-0.31550677633896351,-1.058653799840048,0.012082793253871182,-0.069431960739533477,0.33308410444130371,-0.62720752731513696,0.091755566869232141,0.021033345234174994,-0.14341372074111458,0.44078540794812404,0.0032235612511806178,0.032849645143586362,-0.048733740147083426,0.96322450777861568,-0.028493082107485801,-0.084524142491242252,-0.67307551031159307,-0.88241360582001538,-0.054251810743195517,0.044896467667824957,-1.3565902117812987,0.90040289905340765,2.6042427697360315
0.080820187459305859,-0.082425252380155634,-0.28737725938879466,-1.0359737188609814,0.043926656144200493,0.045518887185043475,0.40863316700734048,-0.57281106936957782,-0.047849835007002905,-0.03530899287347089,-0.80732038106965975,-0.50967527295432669,0.026499617961701527,-0.004133354738850209,0.45426953587955698,-0.21310906033983379,-0.053924427284008147,0.036142318209502283,-0.28558754507765272,0.57679872849779112,-0.049576560314871676,-0.062614878483863157,-0.41044742659895894,-0.66920983513738941,1.969003214636017
-0.067058640110619461,-0.0065247415959952537,-1.3116935531464582,0.066864883251287699,0.062740078459844362,0.0055618087312199263,0.18640964779583269,-0.3304321106720618,-0.025780093902990187,0.039605506999201179,-0.14344233029025177,0.61598130989802147,-0.07908781307215984,0.022541980824729524,-0.75546207177193314,0.40265873334853963,-0.043773692876224235,0.066503607075845406,-0.26986772810157211,0.59210296209460611,-0.075133336837789111,-0.094585898607814967,-0.32579606005138551,-0.63135775565659791,1.9920878471041792
-0.0470959470032567,-0.00088978655352800473,-1.2715641424311352,0.027361981910743127,0.021864830526647339,-0.033744515087184783,0.21551655228675504,-0.36961470352429437,-0.077669133668466284,-0.081967475760401198,-0.42527098702350408,-0.72488461081706257,-0.0061041586606475073,0.055342674761062916,0.088832398527294576,0.090062961004232722,-0.081817245889348689,-0.00034037005756559768,-0.11328215910892719,-0.62589942375162155,-0.05681101898755303,0.024300867160788497,0.37739025141364213,1.0470258017327663,2.0485288597346325
-0.018614817051968602,0.036517025207187137,-0.082916472002529717,0.074244159818476985,0.037111565912774425,0.065169250262726922,0.19620955937319379,0.91031622506774845,0.022859520039385295,0.051606756393960396,-0.39636133371377852,-0.75959331124537455,0.023755100870971324,-0.035813720449159536,0.082070696383983011,0.076725639397737577,-0.094981501338231245,-0.038831035319589646,0.031263937101656147,-0.13209510676262681,-0.065428777336180133,0.020293570848152642,-0.12387542995756151,-0.054747127131832274,1.3002291882577692
0.0014824315877506877,-0.071132676862059707,0.08753256943743748,-0.49242414438058502,-0.050512070026640155,-0.068298611825931027,-0.74821541372016753,-1.0194835442175987,-0.088430083628246725,-0.078659108843815773,-0.79766985383077871,-1.0474209125894975,0.0042891989499477257,-0.084496252117355231,0.074970222726084723,-0.40777211691603754,0.060280553151576544,-0.073275675956625874,0.032159391737680648,-0.11936371347747698,0.00032260431645603216,0.079716432334282716,-0.15576381751237744,-0.030773005800302844,1.9605803765742218
-0.053767199384511855,0.077800449723490761,-0.67485596250857027,0.70867960753155357,-0.026173724698820511,-0.0085904498657787265,-0.29135414106623264,0.053256462787348524,-0.03431006338949194,0.055126855075487757,-0.69408385766243885,-1.0827400865553776,0.030816497688768707,-0.050398495663766751,0.10428246989144019,-0.34828263542699034,0.09196074067267157,-0.054452610355561704,0.53686625235523799,0.54316694872055604,-0.041222420717896613,0.055294484143998623,-0.033313057708192595,-0.53067279523031496,1.9316317399367946
-0.030083914627168178,-0.015134258306767956,-0.69705328455320126,0.70018351489071606,0.031801984030182862,-0.004580737314425265,-0.29384128388057473,-0.0094361020630434611,0.0024280710710789521,-0.062902693833665202,-0.047938730645053051,-1.3715101048616318,0.044495552090890067,0.083182495202402507,0.40278803465127105,1.039998608938357,-0.019514787470767292,-0.081088943763112153,-0.76448409818709384,0.0078399761031899828,-0.0028565086842418097,0.010340239214812641,0.72482251911682538,-0.6948470814383485,2.4092576683908802
-0.060329323231781237,-0.043524656954729402,-0.66682987792548465,0.22196008243894524,0.016770091164494239,0.053738237415025203,-0.51030051260172427,0.55649372347402215,-0.084717668945967758,-0.091851948805602213,0.041431947981900086,-1.3090951884757343,-0.052877865274276958,0.080375676214091252,0.32457787703407642,1.0469706013167612,-0.017787397686781503,-0.053922601238209134,-0.10963629525243783,0.3263225934672388,-0.068060563230541465,0.004480958152995651,-0.36174663800687412,-0.53572795156263675,2.135131498515412
0.060771658505218262,-0.049068029929577595,0.609483146024966,0.038941927408453481,0.05670813680067599,0.019405518147840528,-0.10358101521861209,-0.36621908801886149,0.07431497097274084,-0.038041604386146899,1.3310329536848216,0.29115962905111609,-0.052624878866636637,-0.0041756565693387149,0.21249635938866757,-0.50487512666415957,0.039210850104155703,0.044432439058465611,-0.12025793070774032,0.34597865645072517,-0.090262897886971005,0.046436781449434861,-0.36069060203804182,-0.52222652751975462,1.8012647712618617
-0.040613910431161859,-0.0041615522692770579,0.59275427579980511,0.12095740726727,0.0012411920313055713,-0.070864617468305857,-0.11513205810011014,-0.36206816087183569,-0.051130109995471684,0.0043855272348471974,-0.68561512658914492,0.54942796745623745,0.058816141324475657,0.054174940546008132,0.92927955235615767,0.63247071563540291,0.069414673755367529,0.046559406405777715,0.52622208735981046,0.01532129640860258,0.057552022076226728,-0.072724181858996317,0.982306087446156,-0.67299343112592891,2.0669182214789892
0.026319807050110944,-0.07649446621091216,0.68696570902586584,-0.53513350043508556,-0.062143615945917108,-0.011393419577296671,-0.77541031427189122,0.012602798748252875,-0.098481179202405594,-0.021082060030251037,-0.6081066816588071,0.050548990628770551,0.046108893602325146,0.036038366274635525,-0.08918742127282675,-0.20634962334129858,0.060019292474035868,-0.017220706298614719,0.51336831858654997,0.075481490311282817,0.063073237852406594,-0.067602999578217027,1.0244970227134078,-0.56888510200958287,1.8605410398175559
0.088744295925708316,0.044787668746062881,0.50021113026253716,0.70037888916221647,0.064524856023897348,-0.008948805848686181,0.93399258357831649,-0.14991133495199932,0.01373829132986637,0.085184018389530491,-0.59917287630813909,0.012009190083236643,0.010754325938300446,-0.008592746762470016,-0.10846580680101331,-0.21366176258899083,0.025263502683820716,0.032059143884555885,-0.46403066575958651,0.03167633465283478,0.069615377311085469,0.028855514448475672,0.043225172333971607,0.66046910434777339,1.6539788702126159
0.052129110938265888,0.078368590421691087,0.10218905521143962,0.10798952110143256,-0.051486230979350123,-0.034008665200493393,-0.35351961281340238,-0.5299055489908,0.083100748182910245,-0.019983458890408312,0.50341218692687151,-0.54394932113789751,0.06785003727035202,-0.05306718322142312,0.14221795965191764,-0.1481806178238208,-0.0054010182022248554,0.051182203353535627,-0.4384618834552419,-0.011581142944186593,0.043628396393948776,0.013405967078145453,-0.036607100942177451,0.67276554220261198,1.3030073902901751
0.035766687275050613,0.085310125419853167,0.13801423517955275,0.12937819393229555,0.042550646708448048,-0.059264983610360922,-0.32665627636476524,-0.52010932911747743,0.053597709952189709,0.01635300789212879,0.0802384439628962,0.40225728425079987,-0.031644593677308819,0.016864457135916,-0.43735508121490196,0.16550908955425195,0.043819917246454815,0.029664204694151985,-0.015893563095632113,-0.53637583294877833,-0.047630558230762121,0.0074162871565941479,-0.68657059166251322,-0.004702400171510801,1.2580577035866802
0.055116653403564975,-0.041278487217587534,0.20669038268139697,-1.1042937753225484,0.089192570530795157,-0.076950414190757765,0.60955798691525631,-0.41288279380493315,0.02616361471458839,-0.011763376733534114,0.011213996420459615,0.41661166409327266,0.064996261948894851,-0.015997218063026342,-0.45955332662218235,0.10445865650273917,0.062918224784193164,0.025670793396711966,0.47544736394676673,-0.28718295840643027,-0.074070583805874168,0.049692720634184839,-0.26676588790844125,0.23815777632435653,1.6349047069191915
-0.01812538016066112,0.035700387849425197,0.20598155186870981,-1.0904482408506098,0.028665230740551384,-0.076409908068974186,0.58777463368297145,-0.3465192262515398,-0.012228454679944045,-0.024726094859238157,-0.51284742645935899,0.015065723035147194,9.3517340658544335e-06,-0.082754356466146817,-0.724912483461015,-0.8867826710398875,0.03748356458803373,0.027653209755344799,0.027918699086236731,0.22149027968660906,-0.06566751187237263,0.012594785234414596,0.21926718640015841,-0.45045771213143126,1.8961861890788385
-0.044154408899345521,0.042617668465593006,-0.40929978671886558,0.032430782940750191,-0.06620736373616215,-0.0043844293306913862,-0.30864035954620117,0.28955452627781636,-0.097614056517507986,0.019476336396239968,-0.43867197457186624,0.23798118262087464,-0.050003433087832616,0.065964618881433346,-0.78892320838541874,1.1007257117990612,-0.051101469780755804,0.061472753363188026,0.060331318146756074,0.23640247221657273,0.0725628650519754,0.034269766603079566,0.23852977694436955,-0.4538260409584407,1.6705934354552605
-0.065190585139171642,0.0067146704952444902,-0.39189311172027952,0.027958050572721493,-0.070530823000420864,-0.043536302614653799,-0.28401047353865255,0.23739772011288363,-0.034710478990423455,0.00077059414497926415,0.70696449053400545,0.21355538722734724,-0.091300011984699392,-0.0073717980686165419,-0.31090555980731593,-0.14628079196501687,-0.0077290332491212199,-0.015399564900540064,0.23419482763159136,-0.40866002508896138,-0.044272134521129214,0.046438184618228573,-1.2227911520272448,0.041265250279562071,1.6427999091459449
-0.04649098736956625,-0.055344743953926495,0.26087246178601964,-0.42893985642590304,0.076747660877864748,0.077424295603553128,1.3721444434852064,1.3813134932427458,-0.049510390122735504,-0.039523987545632494,0.66619311138608972,0.27499487653311783,0.053545291368171988,0.030778765859187707,-0.33931109665415238,-0.19071591458225168,0.066662266717157082,0.04288176600647442,0.24161888142315502,0.4315433882882368,0.063696744687380624,-0.017539433484698996,0.18680162605913478,-0.61007663336190232,2.3240209929046522
0.01672491667270859,0.044030403901841701,0.32233202473923073,0.31166523994724815,-0.054564749690538317,0.087073215890948519,-0.30127185931947703,0.41627156148962841,-0.053599649543059402,-0.086944621627104784,-0.087672078803336384,-0.64938531485513085,0.044714964278066871,0.043603834345242065,-0.49324027110113566,-0.16391171740202526,0.090627562325359734,-0.068470580878928322,0.2358544863111488,0.43877431230291908,0.037582962821335331,-0.092141154700445455,0.25335114474490861,-0.64392582812036436,1.3933817224555896
0.044180296088688786,0.055204364365146974,0.12104711641790811,0.38606294630707483,-0.09331572008632133,-0.00025508028222720469,-0.53441492785904043,-0.2863455985924872,0.019560752440975548,0.00056943924838857851,-0.099117090770547533,-0.63130753935884809,-0.027384140368066912,0.014695170612553321,-0.4607717771382418,-0.16429889196667469,0.0040234997637120795,0.019390505945778957,-0.50288003823994165,0.2969369939489428,0.082942320536954162,0.07546461369077645,0.19893947581016813,1.3441554486381211,1.8423847567675242
0.072246177339023498,0.012959992466590908,0.058944479059598098,0.40665105352631725,-0.016044068164476011,0.030766030534999489,-0.48319655686364277,-0.32521418245809197,-0.054822662327146277,0.024972729620712064,-0.40743386987272323,0.37614831737202437,0.014069187739107702,0.011310014495254372,0.54228823150346583,0.21171799866874919,0.065802021328259075,0.094769883050173531,0.54165910822362584,0.43075591060981844,-0.057023699172822351,-0.015706369667037534,-0.59981060798408725,-0.033310606950913035,1.4218499735722103
-0.035452261372887484,0.026148523532125489,-0.75753826187671591,0.37406709186704945,-0.086487795288555325,-0.073079361142210697,-0.68059909704253374,-0.88990471300712981,-0.052992500338930548,0.0097990292610827812,-0.40868711401205027,0.34230349698616835,-0.046159131463034075,-0.015252347787999776,0.49182758753533085,0.19449517952377393,0.069830225208829977,-0.081769168425761596,0.52693282281319231,-0.7920526364245315,0.073919846825940549,-0.080481927005240261,0.54019573727935954,-0.62857677011832114,2.0416449506890624
0.050179453941617269,-0.016122839696258606,0.54703345283880112,-0.22443257061243105,0.046303634052479281,0.015793569190119872,1.1032330755264077,0.24048286059052015,-0.095704510535004617,-0.063089148894181046,-0.31060724664648376,-0.26617739199549384,-0.064545326432505434,0.030546084273217977,-0.16056596470340828,0.64287302738919294,0.011592718516712286,-0.060441198490918502,0.53173774163488841,-0.74032331170336751,-0.0038389642946150548,0.065821480521924269,0.52433221881402647,-0.57825679910867356,1.9242242430534644
-0.0061597035979038539,-0.047150140729597556,0.54180236770125578,-0.19145818363302547,-0.085521314622825639,0.048286097771730818,1.0374046933056971,0.25862229046025176,0.037273146594940854,-0.095345082227574651,1.0089676770037623,0.1409177220330835,0.0075737679233363053,0.087438015026042065,0.19753888321299073,0.42995286249501241,0.075071286979580487,-0.037661933273701265,0.25880501738420159,0.23730344000292769,-0.025001137760796044,0.036484483884816177,-0.25287278697500559,-0.037540240505410161,1.7212789172093275
0.070886548815913386,0.059611964730098332,0.41312551628681349,1.0419261894477143,-0.014547524928953837,0.025898762456090518,0.92750429056606865,-0.19913608440049702,-0.052884405221627406,-0.023214042205976337,-0.19284336964885251,0.61711864741365929,-0.030759755650633158,-0.056783732049744046,0.23432749167005867,-1.0594619356107808,0.014679202535064662,-0.011365908597496213,0.20519126489108985,0.2413900355182883,-0.015000823168342614,-0.023753163509432129,-0.2137288844118399,-0.03612917498414947,1.9791549087000129
-0.038083684899141046,-0.078043087184938242,-0.5630977023674868,-0.73033002415994885,0.043292072709426033,0.015077330535148842,0.71073667925267892,-0.20277192480456785,-0.013170843726716785,0.095307772370507804,-0.16982562286223279,0.61709671641315056,-0.0096246892047459065,-0.0022041183931472697,0.33862810694671552,-0.99902244992218714,0.010861802184988167,0.014391880672902424,-0.3131706694186368,0.52830985482916759,-0.086214925839083384,0.076460028832011195,-0.90240038850688187,0.66364449203360931,2.1409406929720731
-0.042863329070124329,-0.017782983881751813,-0.25045656553942086,0.083508512255618284,-0.043922932595643172,-0.064318236694237585,-0.76151965549231437,-0.39640137987551038,-0.063175623739126496,0.096983505238263934,-0.40953561024306206,-0.17886762623463764,-0.050385400736902342,-0.057848543059093704,-0.63036319073032754,-0.25994206390176378,-0.07267165667770778,-0.083990373607578717,-0.33641636220973603,0.48967088555243099,0.044638872203002444,-0.019875568369127405,-0.9438289422053181,0.61169529232170905,1.7696190843847512
0.016665743480630435,0.040579509357077548,-0.22819475723926241,0.10827329434153324,-0.021639031737354875,-0.066179803134711029,-0.7318767286810437,-0.46092062454366511,0.031060215047324185,-0.075855792910633713,0.38943565946392922,-1.6170715271408735,0.06723508686929669,0.02152133435132475,0.38116983240349167,0.32720189348515216,0.082334144141305604,0.0010260963194234085,1.2316366123486746,1.0490812701007233,-0.052139240591803526,0.058914944523566604,-0.62692035631229848,0.41490171997936115,2.6542299412552581
-0.060542682671582693,-0.012003290979792913,-0.77445127365837685,-0.037717922744897686,-0.070466522131200637,-0.056467352979356789,-0.46773823089164346,0.28598014221114698,0.064642099114664189,-0.061560358285234207,0.48136648331082577,-1.5994482883677721,0.059149477845841236,0.056025606401548855,0.40515852762212712,0.33848853944846835,0.027131818521104717,0.013756300409305533,-0.13407163993320059,0.31260457179811207,-0.0032378731915565506,0.037591545464455534,0.31614394816041025,-0.075343337839579083,2.0544284768906205
0.075091901814533069,-0.048407715891109815,-0.80503459356501095,-0.042622120695921029,-0.069085865515423811,-0.080379641588885387,-0.42233690949727154,0.24056586393518886,0.056301567838228761,-0.051798816511558265,-0.073935195810266752,-0.22829661038594365,0.025182711698036486,0.033028052633533256,-0.28794635591019579,-0.38572808498831002,0.079626700464895436,-0.080576462721103193,0.30831224963968951,-0.83646647851814426,-0.050754017416307584,-0.063689251498767474,-0.28252202379916991,-1.0682275180133152,1.7992618520739312
-0.076962848743434398,0.041739037891302955,-1.7354512049171491,0.48362191455074488,-0.045728024025000702,-0.049642444533970431,-0.021866125693582594,0.19113978607100301,0.081488757230068487,-0.066964821574906019,-0.039355745620965665,-0.13493003042746987,-0.066272348778185303,0.090859534402921938,-1.0888939349174644,0.34419417570912325,0.093361573778652132,-0.081604431873255168,0.34933016407840589,-0.79415389078411802,-0.035654925258416181,0.012560114994393246,-0.25666373082659133,-1.0460849840381967,2.5636473956627568
0.076822186172359919,-0.031674506192990282,-1.7686957114822426,0.34472838765834241,0.087132616963508241,0.087789467351483963,0.0047078405862907013,0.20505426895750656,0.052846650247244331,-0.093994733572720368,0.016681351221769503,0.053573381393993036,-0.021842492245449457,-0.052439073249327395,0.26042633780234636,-0.71021075829112801,-0.034670990149007541,-0.054809084229805349,-1.0235012184459744,-0.18417565862911789,0.021332577923709461,0.035022815708110056,-0.0074855553482189308,-0.020985186993547122,2.2337142891419881
0.0087931924824402596,0.090931929641257958,-1.2231024625613067,0.83984553179429566,-0.0024360161812867209,0.050665005003946884,-1.0551400359044245,-0.31639138749339435,-0.071489412133172725,0.0051690941969231297,0.0058121649786180285,0.076648351929665681,0.091208933595736064,0.089649530710678604,0.34102333902764403,-0.71322080756829931,-0.026570395054627327,-0.061268894455789313,-0.20887289046710433,-0.009903154863291963,0.026923394946661183,0.05680531270992506,-0.22825461440679673,0.23924767659615531,2.0590102658848402
-0.086087415996009886,-0.045038062224190378,-1.3132455671250232,-0.75870782248380486,0.037554560110894475,-0.035503196066649867,0.28253706741423279,-0.40349943229770724,-0.071003421099230302,-0.0040346312371403181,-0.1823428408489548,-0.20913966452321564,-0.078533492644094927,-0.030852657933559957,-1.0655835175454307,-1.3283464460763821,-0.050916828135692427,0.084816237688930651,-0.1621804520374539,-0.034531806430667833,0.087728086599804467,-0.080102106151066055,-0.23017833852040726,0.25896322635893099,2.3907272093437677
0.036997725470881315,-0.0096684842628565471,0.54085262834202164,0.15538823260422863,0.083969024123341507,0.021089681827229922,0.24804990985193609,0.60795293793160576,-0.038200109673992677,0.035516961399684077,-0.20249570965457142,-0.2473587726438885,-0.044785804807969787,0.048197525205041059,-0.97978578325814958,-1.3746185146085874,-0.013103931165658889,-0.083526607716744472,0.19763666235764754,-1.5997885545474957,0.012068904819818815,-0.014876809806900315,-0.81522494657235045,0.68705299400174646,2.7309503214048991
0.043518229737827596,0.0027597987776890043,0.50571343414504022,0.20093376296089183,-0.050368987669033194,0.049649345428258718,0.25342593771262267,0.62225334898693641,-0.055592917726178914,0.027514252664772254,-0.34600901834481385,-0.043712390830267789,0.028375737056845818,0.078431940146966195,0.1891018513492948,0.20135068841286557,0.036908556027258066,0.071088156061304586,0.13753646892078408,0.34741057223863758,0.008559494738217488,0.044084420405691382,-0.6177235647256385,0.88640753727194743,1.5094802076103646
-0.02892229592535478,-0.0083435650787216098,-0.35073312438554849,0.15436051876639478,0.086118588057304768,-0.039865810659286183,1.3073470982643585,-0.72734686278361771,-0.056405244942094424,-0.072960146486750088,-0.33295975121492222,-0.013639635945961737,0.041500154082073415,-0.089575642839983205,0.20978391807183416,0.15242407237135491,0.04976117434292826,-0.04104115651747009,-0.096050354909781643,-0.65553787655409124,0.033154677707256219,-0.044312043961436454,-0.09645573750478531,-0.2947359028162515,1.7702643578262267
-0.042242169293130738,-0.045644529470962245,-0.32725191071040266,-0.25016335240648591,-0.021672027853763542,0.05663227232833512,-0.74767443798665711,0.20300197443070209,-0.037984691979317864,-0.028287921759122314,-0.20752636013153486,0.60206374275982988,0.030261422428063067,-0.082495072562006277,-0.1843959454805737,0.446117529381928,0.040852496073131794,-0.0017923206220512578,-0.11565322363322095,-0.62480967320842773,0.018093898229229133,-0.04001764839501154,-0.036599622641052348,-0.25768739014867781,1.3787994946760342
0.00039820351148001087,-0.093105814043569435,-0.2886961907519911,-0.29565721981401016,-0.09173699076338937,-0.041836291691187966,-0.72093393171213183,0.13864900456848295,-0.067014058450789893,-0.064106766248375163,-0.27201238361850377,-0.30503562199860035,0.011259812797141722,0.066800302770965381,-0.031929321768911945,0.91026846361237768,-0.061219020659410095,0.060290120619967857,-0.82609683617586549,0.3007308051308567,0.055825276510956812,0.026248520908499717,-0.0056478002746839367,0.2929550815104689,1.6150280819888998
-0.038013444305188271,0.0020915966219207105,-0.16630525183058742,0.94104386447246302,0.030480162947821743,0.013714514601453676,0.80202776384461494,0.13932071051591541,0.082821377915994532,-0.059415150031083941,1.0237682103727701,-0.0094655144604427477,0.035419540484352252,-0.0089987725940685603,0.31703979992615694,-0.10010567670185788,0.024523876413239165,0.084234703000783173,-0.78237214962703105,0.28504180138311247,0.033888930089712499,0.059236088910793794,-0.002187477715461239,0.25884480377410402,1.8765959621783976
0.085652760002785877,0.036197953893593149,1.0630007464467086,0.55960113286558333,0.063466552948145072,-0.071241472585321208,0.22438929445333788,-0.88015532988969003,-0.014311015755498646,0.034853826150276573,1.0054351259972036,0.055014351927460847,0.092307562511589669,-0.095680029917016407,0.32492209662294663,-0.060789183051333517,-0.065627715545094389,0.060700841236450143,-0.43310549627670913,-0.18066507804455684,0.079795324599504891,-0.043068797573613038,0.41030344956464815,-0.59937754916940178,2.0474924760663518
0.083480244949143856,0.08135973596498669,0.070809511362813216,0.73126880103100433,-0.042671651348984208,-0.060624793767423968,-0.99795083551255614,0.13045294783122963,0.03686332856642438,-0.0034299349252007727,0.24764155708028257,-0.29296063655987048,-0.076503050526165906,0.00069746208498672191,-1.6274764341055066,0.43451019742344776,-0.028009639207565717,0.093973252707023114,-0.41438504624007466,-0.25294434105049929,0.016206882212646878,0.036981115657248376,0.40665315103675481,-0.53311063172255246,2.2935009482797417
0.016787028004046745,-0.035752796024775879,0.056815712073454927,0.7068831045478694,-0.096486294995128841,-0.080483505816142442,-1.0220065862842187,0.063923257451559745,0.013408059199601086,-0.044557054217882586,0.17440727916749887,-0.39194644045983174,-0.016934641344228396,0.06189700032604098,0.2442903278178577,0.43568306508670929,0.0017897749181055023,0.079794519964581645,0.22481992422977834,-0.12087428050849836,0.072032354833772239,0.074975467339414958,0.17263717854914518,0.022765052969502042,1.4564751901838957
-0.027347132292182108,-0.077600816463997857,-0.57961326234111776,0.062629141951743073,-0.015746006774109977,-0.081464815022664061,0.60864681450246105,0.0019747575159202446,0.007885007040208003,-0.035008597661753349,0.15171454452115352,-0.41993829981075514,0.0045105984596103266,0.089908846056030403,0.20037025716925708,0.41450610097520679,0.05887996878714663,0.058503856025858475,0.73560521477402718,-0.052588748223755144,-0.020634793049582711,0.043087960472667275,-0.49264964622562712,-0.487874399306224,1.4759679439097442
-0.02969295523093729,0.048076243846293831,-0.62059896251244839,-0.0030623634705691516,-0.0059821316169192951,0.049826602493443728,0.58412448962102781,0.074966320548473298,0.025236838713256327,0.013369577873611149,0.35251164250576061,0.42375349463323719,-0.085342451588966917,-0.063805797441724377,-0.66752187259512019,-0.98530490388904579,-0.04920148142661751,0.072033491570819577,-0.33132469570642764,0.21386738284139123,0.080258341815774514,-0.06058807443452463,0.90921116267944835,-0.96208869391845875,2.0965721944117761
0.0046870413613987472,-0.026028492461937613,-0.042939199158695374,-0.64142816928175495,-0.066825587127458341,-0.041700372201236929,-0.2881383900518264,-0.92425508049395577,0.079707643871936407,-0.058696436435865751,0.75431331311114347,-0.59732069321604031,-0.10236984193226495,-0.057228542061831644,-0.12537568603807192,-0.39743919036254372,0.077088063967892584,-0.028285325569796335,-0.29796523409776199,0.21068204919292954,0.063091087649570277,0.0013414729037082296,0.9033765525612627,-0.93753857528432083,2.0783221147320381
-0.032820461048606364,-0.040329489153652087,0.018789968424870462,-0.64598461681741925,-0.090311219793808073,-0.027818844680091964,-0.19504796112889103,-0.90778725214465994,0.094572660286284749,0.042951323490341364,0.37778017487969251,0.63105113306072591,0.051958270029250686,0.037260930555106264,1.0969504656494662,0.84772475613476139,0.046181581769558555,-0.061507716524517475,-0.42110509448367656,-0.64572214589267629,-0.054871135076591138,0.062740817274518079,-0.71032330743953609,-0.079054393913372656,2.2106832983306024
-0.062659667209041703,0.020216555122765545,-0.49510337147765937,0.063108351324496881,-0.064789357174345641,-0.0050524611937344255,0.44286040093777168,0.29374745059229235,0.03644572431031845,-0.00037805947170954646,0.30768867932762389,0.60869385642420193,0.0031710891464675761,-0.059305830971102536,0.99378228289153814,0.93281939109710954,0.063761404223416474,-0.058530515730437271,0.20579961649629741,0.11721779527936321,-0.080841889098035136,-0.070814631130222239,-0.061855568256505844,-0.76509159896030077,1.8794144597187441
-0.086681500870453565,0.078516677652309852,-0.13717162088493406,0.43385791176771116,-0.0035075089569294171,-0.084793081250492452,0.54393569173672629,-0.21143102370915967,0.049473702161585809,-0.053391008914538407,-0.061672445141429444,-0.2107705706607097,-0.08173321963950464,-0.013147185997602451,-0.62334249851396994,0.87977728753789142,0.068971281122435668,-0.086297771686731917,0.21503695250520294,0.17431714066019019,-0.030415367960907824,-0.042260825406672087,-0.02479234821565468,-0.7821912888784055,1.5796905726779236
-0.029021970587408942,0.07964900056940305,0.049473277220535516,0.23923862203493818,0.071069852990517823,0.012962029608585612,0.94936567289846796,0.75833054838712721,-0.066454125427887992,-0.0021625708525319087,-0.03554409243492973,-0.2143337589704977,0.049925173704723491,-0.085665027308803099,-0.67501574913128803,0.8430040173126041,0.00064834709494665521,0.041831298916762349,-0.42109120909044773,1.2173693692504783,0.084839359342474413,-0.023311419073266393,1.0258110900851234,0.35505072466079934,2.3713606516866683
-0.093875094689373315,0.091756950081940403,0.047398462670597663,0.22119331680607934,-0.039107536170727819,0.024609022521945301,0.90083761620744107,0.78374889104577128,0.058519279356685772,0.028607386859242689,0.77568813307341089,0.1133427542176865,0.0064616296095377779,-0.031149777445830251,-0.35653555791641556,0.5076556921719686,-0.021584992634799738,0.075954777266514395,-0.61744584915824441,0.55608324394059538,-0.063763544432509867,-0.045175350155602256,-0.91051525494738916,-0.33306421958665111,2.0356118538366919
0.07421358739705014,-0.030602481285265659,1.0076279953836538,-0.97654797415220584,0.016773944902640947,0.06277751183447422,0.31760185960478449,0.44952423772004602,-0.025812245857351979,-0.015062513019036494,0.73013100161167355,0.11361031095159602,0.0015181400501546038,0.063545714808460163,-0.336679211183881,0.52334493759884126,-0.050031512696161462,0.0042632215995028755,-0.39676903087860904,-0.64760173280627165,0.066001107259140102,0.024125456824156899,0.38024463683551568,0.67331039783256696,2.0983209049744938
0.047218842782549841,0.04113340756244499,-0.25089398570072619,0.10582738528276692,0.020942945183174744,0.084704331496581631,0.15308863032643316,0.51655502426902034,0.070964293239702436,0.0042080103655450785,0.87007150714778958,0.1064442999348052,-0.08716695689545495,-0.056827498729254744,-0.80870121346279422,-0.93194168427481905,0.01049547775580506,0.076282339429859403,-0.36614507459055168,-0.68528663326868855,0.035718276021790785,-0.076442218599519052,0.33193018341907443,0.67743028624729607,1.9668538565248554
