1.000000000000000000e+00,0.000000000000000000e+00,0.000000000000000000e+00,0.000000000000000000e+00,0.000000000000000000e+00,0.000000000000000000e+00,0.000000000000000000e+00,0.000000000000000000e+00,0.000000000000000000e+00,0.000000000000000000e+00,0.000000000000000000e+00,0.000000000000000000e+00,0.000000000000000000e+00,0.000000000000000000e+00,0.000000000000000000e+00,0.000000000000000000e+00,0.000000000000000000e+00,0.000000000000000000e+00,0.000000000000000000e+00,0.000000000000000000e+00,0.000000000000000000e+00,0.000000000000000000e+00,0.000000000000000000e+00,0.000000000000000000e+00
9.765000635813878560e-01,1.323883779056510834e-01,-1.007737232862187526e-01,-1.616453263903123755e-04,-7.647103799632329335e-02,-2.554366746808417465e-02,2.391010595475894071e-04,-7.158058345564670324e-04,2.314806650884716072e-02,-5.658837288152316486e-02,5.296944900708522135e-04,2.166770780139090256e-04,4.432444291038682010e-02,-7.663123177980692147e-02,7.173053257086960208e-04,4.148981847251160876e-04,-8.626804546460783985e-02,7.468146527259797440e-02,-6.990545698872561520e-04,-8.075105542874654258e-04,8.444355595924439573e-02,2.074735423432112064e-02,-1.942052521014676599e-04,7.904324516848959580e-04
9.318940286435316578e-01,9.885330699195857274e-02,-2.002391428820629593e-01,-3.313395457870640243e-02,-3.093087096370561451e-02,-5.062987157521231518e-02,1.601734381378064342e-02,-1.159477669612956133e-03,-3.375778598704033684e-02,1.531354964969269122e-02,-1.354491712884810586e-02,1.729127985780652688e-02,-7.839147173615654274e-03,-2.549674252889537474e-02,-1.442423485432335270e-02,1.569112757858320134e-02,-7.044482408883759317e-02,1.148886268243770881e-01,1.243140104363795080e-02,5.098546907687710392e-03,4.302867257224639308e-02,-7.830261087883130799e-02,-1.778386320130671480e-02,-3.192055808682960766e-02
8.812524755910523533e-01,1.579963899306773556e-01,-2.973163794457148179e-01,-4.789560820370912519e-02,-1.091655094996906855e-01,-1.175337147302900204e-01,-5.782186158046748355e-03,-1.831646292048352831e-02,-7.104533189052514297e-02,6.397276723903615181e-02,-3.249059708089788168e-02,4.092029072959946917e-02,-1.349620904869203337e-02,-6.004433737145208061e-02,-1.612053229393456411e-02,-2.835165158490395021e-03,7.117419918800474421e-02,2.913259636990946089e-02,9.145530892326687866e-02,-4.037505113191189321e-02,-2.244754532049302032e-03,-3.509673828011678626e-02,-4.433570169348282491e-02,-5.350648694910819375e-03
7.578742276320731275e-01,1.609962333904973730e-01,-4.568433323415678760e-01,-1.165876491040280238e-01,2.233524068951782404e-02,-8.796515080891828542e-02,1.254000280848415472e-01,3.523120920454370086e-02,-3.838562707686066222e-03,6.552529391313439977e-02,3.930557796926919395e-02,3.781993881569092886e-02,1.788813928164588105e-02,2.192626026879521128e-02,8.300343003810113640e-03,7.909198175743645254e-02,1.072331481514858798e-01,1.221070764435266270e-03,1.081594806535946113e-01,-5.720754586282793264e-02,-4.100436521997795347e-02,-8.397042835101869995e-02,-6.791351093471971467e-02,-4.122260901211159678e-02
6.590862901115405181e-01,1.843980373439077503e-01,-5.863258437395898470e-01,-1.606097407726843618e-01,-1.135776546425724259e-02,-1.300904396428227416e-01,4.653886161513243885e-02,-2.742888814212846721e-02,-1.009886662367080051e-02,-1.388013387658773579e-03,3.335253951780152437e-02,-6.371329066082873083e-02,8.134019687902072082e-02,-4.144206361176584058e-02,9.557143223206447658e-02,-1.714967121591641497e-02,6.630881599521572245e-02,2.811100300668500571e-02,1.873733478957345395e-03,-5.907965566776141042e-03,-1.893479527149135103e-02,-1.067686527938522534e-01,-1.412379488171229894e-02,-6.544711478780951275e-02
6.602845360320404033e-01,9.246336635506510748e-02,-4.586168943859022518e-01,-4.465536283065165701e-01,-1.277451946157110996e-01,-3.704668186357512605e-02,-2.575765374941402786e-01,1.931356073382545502e-01,-9.044767935111311385e-02,-6.080572902261531520e-02,-2.100965128493381961e-01,-2.352107002718711593e-01,1.192438635343063269e-01,3.227827435554758706e-02,1.581485011511592487e-01,2.131787290238569554e-01,6.191533698963508359e-02,4.580494234495910422e-02,-1.463682210916121204e-02,3.428003350138082717e-02,-3.641683306828535915e-02,-1.375869162875834606e-01,-6.668183190471102528e-02,-1.267630944341069932e-01
6.652213959502653040e-01,2.438336662875008054e-01,-3.266741148350760238e-01,8.938815757803630913e-02,-2.771806603386106627e-02,-4.676806684459833274e-02,1.683926535337505193e-01,1.267849931264557750e-01,-1.308234954988416743e-01,2.127657593455477281e-02,-3.126774552225297099e-01,2.356094098936561132e-01,1.349562374655883523e-01,1.104729363786501606e-01,1.330356359683452505e-01,4.402022672725977026e-01,1.173994221538116889e-01,1.649492766195307936e-01,2.387125016770733077e-01,5.911090810227864756e-01,-1.332956631863875252e-01,-1.680011011966966727e-01,-5.239197152350194564e-01,-2.209816449648999703e-01
6.261863570897673315e-01,2.389502269127000977e-01,-3.368358022213436276e-01,-1.677149144621251087e-01,3.086776712563027089e-03,3.680215309204884488e-02,2.013335757439220775e-01,4.881482979701854963e-01,2.666079898861936637e-02,-1.369141449760436641e-02,8.705982025683899339e-01,-4.417780311070057531e-02,1.557730311628453546e-01,2.631401808794814334e-03,2.312884625429413310e-01,-5.348799592462396557e-01,4.728012008167067903e-02,4.846807475429212864e-02,-2.693155064369918139e-01,-5.491518697835435781e-01,-9.322326303787495383e-02,-1.230058660409611565e-01,-8.459708698764365625e-03,2.423289875883822275e-01
4.041070112715119400e-01,3.073109210490183596e-01,-1.581546013859058020e+00,1.106556918019048208e-01,5.817647844118079004e-02,2.514673216712802473e-02,4.464379730625841480e-01,9.347316467099192616e-02,7.911939103358703318e-03,-7.085403707306844878e-02,1.814707868872699192e-01,-3.918196162528536641e-01,8.603294752919155020e-02,1.154206807506078653e-02,-3.825846795440966952e-01,-1.902872499906511639e-01,4.098154293686280536e-02,1.880380914893476085e-01,-1.480849275597715120e-01,8.126234384401487265e-01,-1.301828260633076939e-02,-1.830202609352391541e-01,5.463227202114537828e-01,-2.921456503746187039e-01
3.944676179411297223e-01,2.788352002238608240e-01,-3.536801002192264676e-01,-3.679876077169404458e-01,-9.787399389373785397e-04,2.748404043157680679e-02,-3.263713119859692480e-01,1.345044015855140218e-03,-1.331175484975990336e-02,-1.288699479657975100e-01,-9.813229379459510737e-02,-5.282553068987090317e-01,7.060773542881279563e-02,1.208734771789656826e-01,-2.537766385778104095e-01,6.807972833620831166e-01,-5.807519269298783149e-02,2.004933088858418810e-01,-7.288926538585007719e-01,2.268235838146821504e-01,4.634495916432375406e-02,-1.404648644287309622e-01,4.980284815822114131e-01,2.917517706727701943e-01
3.955543092112207004e-01,3.090552044617323468e-01,2.712538940246433591e-02,3.691238805109686716e-04,-2.345244437507152183e-02,-1.074909423821810706e-01,-1.788603246506058897e-01,-1.084853816077800959e+00,-2.798857549639703277e-02,-7.882949215152440514e-02,-1.883190354264382416e-01,2.147906067297186139e-01,1.756831395696087650e-01,1.232505870313258672e-01,7.122628282333294258e-01,2.108362210135323878e-01,1.007713703470280997e-02,1.895879437593795402e-01,4.823246742220197447e-01,-5.207095489638352559e-03,-9.007182287887696703e-02,-5.512991988668253240e-02,-1.082556458344186456e+00,6.736182665692262983e-01
3.643103957174143037e-01,2.918421247225256310e-01,-1.229666492033010816e-01,-3.043106376959860415e-01,-9.257364359722504432e-02,-3.223101332055314239e-02,-6.285433276784025969e-01,3.174670457317150252e-01,-1.767583986083151593e-01,-8.424355081760712127e-02,-1.166633514640958769e+00,-2.773148856979421040e-02,1.272852195720142743e-01,1.604426535496987216e-01,-1.460601300479600628e-01,2.507589119811041711e-01,5.458598137942156231e-02,8.224826403076801462e-02,5.639443851576813049e-01,-8.137058294731670527e-01,-1.614934048808940037e-01,-9.542483601434548213e-02,-8.025466697952642336e-01,-1.616026782309829546e-01
1.499750882007966635e-01,1.693930657052011846e-01,-1.579667083806391314e+00,-1.277218507974712480e+00,-1.535305671080448298e-01,-3.581497473937358955e-02,-6.209958113940500235e-01,4.031786265417894310e-02,-2.312565254367917877e-01,-4.996608921853244040e-02,-7.456917686989269489e-01,2.711100779431522279e-01,1.763942494455389420e-01,1.549108807360090045e-01,3.666954959306244488e-01,-7.501733393100007419e-03,1.539301423257895540e-01,7.530864497514699885e-02,9.448661695505888858e-01,-1.929034006629080089e-01,-1.309145833538540860e-01,-5.796679384285591263e-02,4.141771294433582717e-02,3.388642280053155709e-01
6.506318279407588556e-02,1.131353628227701191e-01,-9.129568750143460809e-01,-8.327533759193820329e-01,-1.325348346175000969e-01,3.979533716095931539e-02,-1.661828372200921042e-02,6.510465163341974115e-01,-1.811160393458161599e-01,-1.639660380170088749e-01,2.031611477708709645e-01,-6.716181140389327897e-01,2.308217823818190240e-01,2.444096715377391260e-01,5.116182138676766966e-01,6.102198886637872910e-01,1.264479766060864208e-01,1.442658593245676468e-01,4.173493930282601294e-04,4.255233096976769880e-01,-7.185107056464953845e-02,-2.834763947735757794e-02,4.304240929234640078e-01,3.788864604121778279e-01
-3.733520026857331531e-02,1.779457936278037722e-01,-9.712909046793585244e-01,2.761745680171386885e-01,-1.973248747374825585e-02,2.000633278631518130e-01,8.468054129856364964e-01,1.503245135960858292e+00,-5.805099922044826277e-02,-9.891328322064427137e-02,8.782588202698008439e-01,4.069518001644887306e-01,1.784854185336845478e-01,2.837507672077888010e-01,-1.836289918901220508e-01,3.459031268130068892e-01,1.367336827963828161e-01,9.345372813901899056e-02,1.516555946784624020e-01,-3.729310449412428508e-01,1.802924888367689327e-03,-1.535245360454637331e-01,7.098267206583762645e-01,-8.629023637676149772e-01
-2.957462773333068007e-02,1.174073209536299900e-01,-6.977899828593747689e-02,-4.025952051804493892e-01,-6.931819171236661137e-02,1.196360181029686998e-01,-9.943045102384193146e-02,-2.887873992641780685e-01,-4.454269110438120738e-02,-1.081327567174103915e-01,2.916921999738351090e-01,7.883207577384682141e-02,1.001707929838872024e-01,2.528202757387821298e-01,-5.190060606100163065e-01,-2.434140517271177195e-01,2.250272752323033421e-02,1.080273362207633536e-01,-8.144577569155826424e-01,-6.942707391129787631e-02,1.084162351469069169e-01,-5.462067087681896083e-02,8.922032162580638692e-01,6.194861314335438074e-01
-1.547040864912461733e-01,4.365313844711456864e-02,-9.322723014664316965e-01,-7.103747270816527237e-01,-1.377217545649532526e-01,7.237277708357225947e-02,-4.946540408154548873e-01,-4.384929046298758903e-01,-1.574926208163224539e-01,-1.327238800398359841e-01,-7.669506700065393812e-01,-1.738369316241440976e-01,-7.886597045146638563e-03,1.390496806746223113e-01,-7.905445022296910818e-01,-9.799664914572153718e-01,-1.174669588391594188e-02,1.112482378103540337e-01,-3.911186100980960645e-01,-2.153089564946661372e-02,-1.548824319337355204e-02,-8.303141062879021428e-02,-8.348690201792204890e-01,-1.883543070702653477e-01
-1.656340115784722955e-01,-6.092391588763421129e-02,-2.238857026158399821e-01,-9.209659127621661057e-01,-1.790130195522166290e-01,9.802155974740109357e-02,-4.017923341097932033e-01,1.269631702368603232e-01,-2.326021083845165593e-01,-2.158642956596654172e-01,-7.600697460405699823e-01,-6.310918199049979638e-01,-2.568848884108686226e-02,8.436801250188133428e-02,-2.525680402598672325e-01,-6.747124721792792101e-01,-1.186711918325631249e-01,1.218741674131992858e-01,-8.711780307700043302e-01,3.196258180392634596e-02,5.846498691058266139e-02,-1.121455570025349513e-01,3.628722633466111569e-01,-2.382065725548562218e-01
-2.708130729113459312e-01,-7.434553505564904519e-02,-8.885163120434588224e-01,-2.640354495598434825e-01,-1.514519722388968093e-01,2.439515599016695291e-01,1.260337456738153672e-01,1.265148561468662169e+00,-2.380519664980193240e-01,-2.517191616274984112e-01,-2.922148264693101294e-01,-3.511075025712684927e-01,7.539202722821126967e-02,1.962416688102298357e-01,6.619543806671991382e-01,6.659274228857784417e-01,-3.500132044623849303e-02,-2.758893202058923522e-02,6.096433395461592353e-01,-1.119082791624424589e+00,-2.842080283944101171e-02,-1.380022288016286847e-01,-6.564873051195355691e-01,-3.040607818645847948e-01
-2.708300646215368590e-01,-9.580787066771473404e-02,-2.082360559821181401e-01,-1.289214470163095594e-01,-6.711342044757535874e-02,1.697574598828120451e-01,7.890255777353231137e-01,-2.020426733204017111e-01,-1.461983591262305260e-01,-2.896857659398192619e-01,5.340817467942605701e-01,-2.442729828818017701e-01,-4.317755206267273604e-02,2.405003247376565900e-01,-6.547780082985525940e-01,4.280622231924952614e-01,-3.731462877467749562e-03,2.667174341993217013e-02,3.596412807989564642e-01,1.982514409589397619e-01,-9.575363916356269267e-02,-8.671876655450956595e-02,-7.333026425492600309e-01,3.078075468987568897e-01
-2.708875382132127640e-01,-1.470312256059325695e-01,-4.890377980409656156e-02,-3.264840707139892162e-01,-1.185927969746098931e-01,1.593032802362476519e-01,-1.820330885240001861e-01,-1.146647042912178338e-01,-6.558354364515357748e-02,-3.013694200337900253e-01,6.368704980624001477e-01,-5.121573289687011976e-02,-1.077972724618780770e-01,2.323504601695622895e-01,-5.596935238639272336e-01,3.123022916288303863e-02,-4.493370047048333288e-02,-4.549519944843151420e-02,-2.211873570347587803e-01,-5.501119246935191054e-01,-1.115379015005739244e-01,-7.725374851557098577e-02,-3.072149130831433594e-01,1.626990302926477894e-01
-2.168764255409902919e-01,-2.717122706475824101e-01,4.090543849938927945e-01,-9.038158056424210329e-01,-1.919244050943247626e-01,1.035523898508525775e-01,-5.174246487689113660e-01,-4.449219260842673940e-01,-2.171106974681881185e-01,-2.502880012286723965e-01,-1.072022631682674643e+00,3.483549898401243627e-01,-5.448531349684976322e-02,1.363955848245236857e-01,3.691727428055719407e-01,-6.528895541411889880e-01,-1.072700746246993547e-01,3.039991304700487285e-02,-5.680352684682071773e-01,4.515906545754754253e-01,-1.377459624222114043e-01,-9.098285246447818109e-02,-2.927743850630791789e-01,-3.753860038364201235e-02
-2.539760527460372397e-01,-3.657822902773431029e-01,-2.707323464417551451e-01,-8.447922364681372809e-01,-2.076397134861852345e-01,9.389670912278634540e-02,-1.716456201034253226e-01,-1.025824074933528451e-01,-1.104797042239062388e-01,-4.251898752174391172e-01,4.585810617560800995e-01,-1.059169109530271102e+00,-1.048628574419200876e-01,1.220605875390861905e-01,-1.997321518288431019e-01,-2.793302261954524468e-01,-9.564596127248531365e-02,-3.049083015062653557e-03,6.349546422634917697e-03,-1.383971074256263312e-01,-1.429320185848684532e-01,-9.699851567064371460e-02,-1.275058810394103515e-01,-3.139098489433299333e-03
-3.318833488044805602e-01,-3.477797630262181583e-01,-7.880241959819891395e-01,2.361396174309582374e-02,-2.181557192399643241e-01,4.015795402237880285e-02,-5.505892164669375088e-02,-3.663509944016415387e-01,-1.450050764777030821e-01,-3.976321507468338345e-01,-2.812516435265846049e-01,-2.441378107215985693e-02,-1.376329708554011599e-01,6.755265427193246630e-02,-2.206674420181030660e-01,-4.536631311049295068e-01,-6.053811408444678688e-02,-1.074367382977812202e-01,3.151881273760079316e-01,-7.834880422150056756e-01,-1.135130286175097397e-01,-7.108444795375171155e-02,1.553069019779375060e-01,2.659434306348468779e-01
-3.957948010726040633e-01,-5.051174549547052806e-01,-7.284657062847718079e-01,-1.143680886170589606e+00,-9.128609198506237865e-02,1.924266093052849624e-01,9.673546488165449819e-01,1.279910738400395820e+00,1.387610211978823616e-02,-4.010148791415705793e-01,9.376309531419063648e-01,8.949913857036687070e-02,-1.201677750079625795e-01,7.855633360782868224e-02,9.782579300028643177e-02,6.915379571293900351e-03,-1.491735811889676744e-01,-2.944440448140986377e-02,-7.107625562487904780e-01,4.646123587417793077e-01,-1.804212069679191621e-01,-1.565061322834722102e-01,-4.969442329262462876e-01,-6.087556350354910162e-01
-3.853393364871867122e-01,-6.660985564256427516e-01,-1.875524176235723872e-01,-1.331924303257775222e+00,-1.621830305820292639e-01,1.952044423397810147e-01,-2.663753768126819743e-01,3.210570358748834341e-01,1.827521060047446189e-02,-4.242516945357985847e-01,1.373244784435768695e-01,-1.243742273721908931e-01,-2.142687770463261865e-01,1.776596933040002491e-01,-6.692393658415267677e-01,7.364699955501857742e-01,-5.021768498623363497e-02,-4.392929842780295135e-02,5.948728217278205221e-01,8.127769116250721515e-02,-1.344728170794739497e-01,-1.381341355898015322e-01,1.874537585019951935e-01,9.016288654679038839e-02
-4.927939828381930898e-01,-5.908038464767561004e-01,-1.163466972780974995e+00,4.687888520810803428e-01,-2.138089625400374505e-01,1.479718434597973586e-01,-3.664545383798382128e-01,-2.797634285662842779e-01,-4.463233306530783873e-02,-4.405570732667171696e-01,-5.624352228963148681e-01,-1.635504251447412183e-01,-1.185875635622089808e-01,9.411711006555772974e-02,6.027897429337895074e-01,-3.088766666053965881e-01,-1.149109859379372489e-01,-2.901480381966469249e-02,-4.231957935069096677e-01,1.358579590802104220e-01,-2.716128338745105175e-02,-3.737725771590673374e-02,8.018698568732781640e-01,9.244230497373313593e-01
-3.501439639368649770e-01,-7.292956168749292756e-01,6.748231091006171578e-01,-7.101383752976805352e-01,-8.824058603964901604e-02,1.001819032116582631e-01,9.675638882994171963e-01,-3.094583618147157544e-01,-8.007730700878737395e-02,-3.632297544058538108e-01,-5.909662491501488368e-01,5.368375697017779835e-01,-4.117683041409023886e-02,1.215062121543103585e-01,7.569939725544805320e-01,1.967640860374729184e-01,-9.485039227271978290e-02,2.457263395481772833e-02,2.948031844486799849e-02,4.901846484483434740e-01,-2.658652550319119678e-02,-1.638396044495520065e-02,1.532579469432465979e-01,3.900731867941168440e-01
-4.618749862121362959e-01,-8.120775865436906660e-01,-9.978762338445709146e-01,-6.778117258815198332e-01,-1.752232791559165115e-01,9.147623820607124479e-02,-4.572402764261470076e-01,-1.237533062881497337e-01,-7.575720306914153490e-02,-2.934232821417905868e-01,-2.881073513553458754e-01,6.857797224584235574e-01,-1.488823211656885581e-01,2.284507257418977311e-02,-4.957654840050370604e-01,-6.791088208804777482e-01,-7.698428393270195791e-02,4.970701529322749807e-02,1.462212187880556624e-01,3.405233309596017444e-01,-1.249398290360653058e-01,-2.738661627493962913e-02,-7.605891979748361509e-01,-3.878850741065298369e-02
-4.222277643833862726e-01,-8.231958067017230984e-01,-2.013363698001741364e-01,-3.158218247552924129e-02,-1.136128116269392169e-01,-3.467019766768041078e-02,4.613430048749277979e-01,-9.152031667739723986e-01,-6.724864402737318336e-02,-3.692406780177215353e-01,-9.681268417092270262e-02,-3.409187781866984679e-01,1.136320797024312212e-02,-1.150069345829121681e-02,1.082465713662872364e+00,-3.223975503285129163e-01,-4.742243451105027097e-02,7.580630695275916708e-02,2.677042510105231976e-01,3.179261833806830140e-01,-1.745511409493285537e-01,5.169812811649523998e-02,-5.890037430230820048e-01,6.199514088940025758e-01
-2.515339329815644009e-01,-9.123451246396684367e-01,1.047957077482452037e+00,-4.600097552589730299e-01,-1.914511060301317402e-02,3.860352804983352426e-02,8.136047753429487273e-01,4.948741597791244118e-01,9.993050139484209449e-02,-3.648817300877998382e-01,1.056229254757756308e+00,3.647451882062957562e-02,3.073144792187676444e-02,-6.039219989827224189e-02,4.505695855657257942e-01,-4.229725642926596696e-01,-7.618991998742688510e-02,2.567272755779401172e-02,-1.290915252972926752e-01,-3.309247102618466108e-01,-1.589845691848174314e-01,4.435628980727273490e-02,3.209356858759315756e-02,1.302494663555179288e-01
-2.700462285112093519e-01,-8.857574582608539471e-01,-2.499233503645763299e-01,2.307991504124023430e-01,9.382150401812347496e-02,6.328438610507332307e-02,1.051765986121407259e+00,3.597927579894626415e-01,9.445591072638739871e-02,-1.886085938792946282e-01,3.258898548909566067e-02,1.291662797317892464e+00,7.589702290010505448e-03,-2.607575824752075833e-02,-8.313381108626033411e-02,1.302411902537023991e-01,1.650952259111029830e-02,5.183536512618817926e-02,6.893124934444812002e-01,1.891487562219413832e-01,-1.113584556956478538e-01,8.769113678300341497e-02,3.771962127821270050e-01,4.401356806477209060e-01
-2.608901509286578602e-01,-9.263724344448960313e-01,-3.029537073243492862e-01,-1.446704958787508044e-01,1.077041112187018396e-01,1.006555248084336496e-01,3.197705715356713996e-01,3.453798878296805430e-01,2.400993773947289744e-01,-2.436782879201890017e-01,9.940016633413591984e-01,-2.202036522110595307e-02,-4.449740970342182245e-02,3.807383441969193483e-02,-4.338530802758597260e-01,4.773163004684339850e-01,-1.194757496050258549e-01,5.491815377362392614e-02,-9.346580718956840617e-01,5.463173340662846877e-03,-1.029539731599180413e-01,-6.537878604860347664e-02,2.359233409370563028e-01,-1.088344605561414546e+00
-3.604072043067264031e-01,-8.069598457743728526e-01,-1.221067265805849456e+00,9.730646317184170613e-01,9.738697300426704673e-02,6.190617983227261756e-02,3.852986074218996138e-02,-2.648016453584390861e-01,1.629908538151201292e-01,-1.340282011963469522e-01,-4.450743684379543375e-01,7.049687491774713211e-01,-1.445960580632907333e-02,-1.307997251714053122e-01,1.795465950834749802e-01,-1.095255034877065548e+00,3.163591046273758756e-02,-5.575441329168175086e-02,1.018742095344197907e+00,-7.578099875249124651e-01,-1.710110170414204100e-01,1.072246338405156152e-01,-5.462227711783362860e-01,1.099368008091593740e+00
-2.244241577618332761e-01,-8.070887487812250516e-01,5.309453420387202360e-01,3.983754189678034852e-01,1.696534746315166431e-01,9.577824291723564809e-02,5.951063504441296281e-01,2.079249524647735770e-01,1.271020734642634431e-01,-2.081668285815347907e-01,-4.162690222939273710e-01,-4.176511315442773542e-01,4.297773082690912322e-02,-1.545357346978835922e-01,4.409660175270820881e-01,-4.347585839717830192e-01,-1.166041522472599512e-03,2.142569597743640419e-02,-1.098856867779166996e-01,4.543508968494803790e-01,-2.398521640992442583e-01,9.871744490739385591e-02,-6.160099142912665027e-01,1.779309624263185619e-01
-2.973066958027553719e-01,-7.992821503445418641e-01,-7.473639734482609986e-01,2.391335196134938834e-01,2.974345844620920887e-02,4.891581282470132408e-02,-8.948986098688918034e-01,-4.285533467862640000e-01,1.192047474270841873e-01,-2.292028292548027035e-01,-2.330527556686325108e-01,-3.097573064879510230e-01,4.584409167365939564e-02,-2.526718471036966673e-01,1.198096935111160749e-01,-8.366296572879274862e-01,5.919432378797336025e-02,1.294591219953825645e-01,4.006237741072583014e-01,9.545763960057841446e-01,-1.197939891458752737e-01,3.968752918029452847e-02,8.504720228204802890e-01,-2.862201622960267033e-01
-3.426210035397589948e-01,-8.973570872430798318e-01,-7.771018671283677071e-01,-6.204468797080393561e-01,1.144198934467318407e-01,5.677626746463936697e-02,5.210297313294413035e-01,-8.646690652367783336e-03,2.901843859158798056e-01,-1.197248247330970627e-01,1.051327276906594888e+00,7.328522838233405556e-01,1.825986605120935580e-02,-1.474380592743616269e-01,-2.862051044553701185e-01,5.190563874004365807e-01,1.164381551674645437e-01,1.558257978570368740e-01,5.649136441061017866e-01,3.963663528816514514e-01,-1.416627060152339801e-01,1.372068845213438859e-01,-2.583166417321974134e-02,7.684552544665497198e-01
-2.288189708881061268e-01,-8.101948481915124400e-01,3.434176602137493095e-01,7.254261545626311536e-01,1.021420138201606376e-02,1.454761599500901947e-01,-7.001511188353508608e-01,6.000095537849561289e-01,2.921328213084257164e-01,-6.656983157535778517e-02,2.045347563072293373e-01,4.936963306456306211e-01,1.286138050618744755e-01,-1.504980638555433181e-01,6.760623530523192093e-01,1.481725917450057439e-01,1.981585816629278241e-01,7.079740023763278489e-02,8.391956542218832471e-01,-5.758937218080910636e-01,-1.392813504021613857e-01,1.940968779492829588e-01,3.876953846428263933e-02,6.602080786704904725e-01
-3.365219704449057270e-01,-7.658853995520342739e-01,-1.130749426078413222e+00,5.703134353598663386e-01,3.077618320781734529e-02,2.022815197612153060e-01,5.616318251854936217e-02,5.638545781162401793e-01,1.948916468217039011e-01,-7.664457600735969170e-03,-7.104146958926416122e-01,4.249531936771360208e-01,1.372441987151744869e-01,-1.504907108509977998e-01,1.848752240228321853e-01,1.188228349623315916e-02,1.399070031642036527e-01,6.412822846548420219e-02,-2.713531371755870669e-01,-2.613145232395207018e-01,-2.315838511356753115e-01,1.469571703328109158e-01,-6.362037178807886662e-01,-2.352571303382160472e-01
-2.262283713829885412e-01,-6.766032287912686627e-01,2.726078611206240176e-01,9.978314165028121518e-01,6.498141646503831359e-02,1.889753955664986995e-01,3.503138664039619488e-01,2.013873638471264105e-02,1.383132411780088333e-01,7.847097279693722449e-02,-6.468644574151748428e-01,6.422363377134234774e-01,1.777087091820506171e-02,-3.178558429693999487e-01,-8.267334605530650693e-01,-1.311613928294265374e+00,1.551001549329389939e-01,1.799563754300028684e-01,3.356512885787644312e-02,7.791680636624461753e-01,-1.852333003235743791e-01,1.486962815293866313e-01,2.784601075416883176e-01,5.444979671766067564e-02
-4.656089508797860155e-02,-8.130942928359372601e-01,1.273153473973496652e+00,-7.109052964899487126e-01,1.976105098220987677e-01,1.279994453362436890e-01,1.224502681988018926e+00,-4.578286649397284580e-01,2.087371459914814653e-01,1.700021745794588202e-01,3.152750480581949510e-01,8.004176813359510367e-01,1.178067944291247143e-01,-2.278267704369718871e-01,3.701183022522988031e-01,3.268558470588633913e-01,2.972955777635070129e-01,1.839250860754991224e-01,1.199468536310425826e+00,1.744608857070649721e-01,-1.699285717171898080e-01,1.537977456106858487e-01,2.382867631157788435e-01,1.287851725280914628e-01
-3.562286479652451709e-02,-6.913564336721614856e-01,2.408289359700151178e-02,8.384953415703413349e-01,7.839966428177372326e-02,7.554579229654893868e-02,-5.732802925745689171e-01,-6.180948437853837074e-01,1.031511999645756961e-01,1.456209222266548198e-01,-6.401627128829019409e-01,-8.789042136748292933e-02,1.627061999833411265e-01,-2.143036859586544551e-01,3.296735021890969675e-01,1.709252548263663074e-01,2.558872274436180261e-01,2.281771111197731239e-01,-7.277879033112838111e-03,2.576968439008225364e-01,-8.906222054591496351e-02,1.474682979582565279e-01,7.402767601705744216e-01,7.373624251300638088e-02
-3.602659513128299296e-02,-6.068324077089628510e-01,-3.122742998049182761e-01,8.737150627524679081e-01,8.353149352418351437e-02,1.374587579215011124e-01,-6.235171159441169064e-02,3.372102346872527523e-01,6.992419845679449797e-02,1.645616641790597912e-01,-3.710105828877658385e-01,5.033427928971632992e-02,1.780096474893436143e-01,-2.662419954951407153e-01,1.339439828807779675e-01,-3.696190326715472763e-01,3.339095164701785801e-01,2.051547676495536487e-01,7.107904704306404753e-01,-2.102393770855471855e-01,-7.269239276225752944e-02,8.172371902548274114e-02,3.617566124221783808e-01,-4.663327477505139207e-01
4.848121552417028468e-02,-4.905120053011482462e-01,2.953451429585859378e-01,1.153661707097344724e+00,1.141810853552145122e-01,1.098446412761275720e-01,2.779884067493116895e-01,-1.614523393950748065e-01,-8.372885769566604242e-02,2.938965901938356273e-01,-1.215498330020046369e+00,8.696196717361758255e-01,1.781909313804752870e-01,-2.403982799257988745e-01,-7.167682895779441121e-02,4.045349609635129351e-02,2.474559228394669352e-01,1.986792203489451125e-01,-4.327946616286484915e-01,-2.562584554851697338e-01,-1.108120009298635689e-01,4.104721382210500813e-02,-1.572788462468006909e-01,-4.034552718507479763e-01
4.462310941260710234e-02,-5.004177477440292510e-01,-1.753314866717147202e-01,1.429770898257092249e-01,2.255964767369317836e-01,2.213899693663995971e-01,9.407342377814024159e-01,8.583650131221824964e-01,-9.803368160428359290e-02,2.596016560945704210e-01,-3.233752449122542783e-01,-1.496391285301068574e-02,1.228415462384212786e-01,-2.364954745423795412e-01,-5.140831878442279068e-01,-3.675917782066846773e-02,3.337472968461417944e-01,2.500441002690172998e-01,6.574900486214292350e-01,2.870420218717568694e-01,-1.777458451582701604e-01,6.298907278606569182e-02,-5.506441479227036639e-01,1.106371242326694149e-01
3.667053870656452469e-02,-4.336480316711088800e-01,-3.195531955016378545e-01,5.399178007671663337e-01,7.036097196192686587e-02,2.888470878097577632e-01,-9.404390417843380146e-01,5.691246357542709688e-01,-1.094107067980666925e-01,3.278379381745115673e-01,-9.485928359921047548e-02,5.148998089885162832e-01,7.566841028823849402e-02,-2.593199217304039683e-01,-5.610756982781037738e-01,-2.371583279821324330e-01,2.053586222034742004e-01,1.902989338018128973e-01,-7.349802976937649390e-01,-5.720318958126850983e-01,-2.767317198570993231e-01,1.137036418180468467e-01,-8.759012428991945765e-01,4.358179260394398624e-01
1.054983349977593327e-01,-3.121168551801723479e-01,2.611306672740459911e-01,1.099182248581369592e+00,1.182125584545414831e-01,2.860036921146564270e-01,3.062347326641503553e-01,6.201116056475325378e-02,-2.128631781921167532e-01,4.089216768958884307e-01,-6.889805020238723987e-01,7.137880898062337609e-01,1.885328697758867633e-01,-1.898768906626300823e-01,5.467509681665064791e-01,4.541264217832126082e-01,2.675120687849112944e-01,2.916691614034929714e-01,3.866724233437512370e-01,6.290844614605620722e-01,-3.197418398990880539e-01,1.157563839611264189e-02,-4.243313481789988129e-01,-6.505083439825940506e-01
6.572834204201948027e-02,-2.859851442042886105e-01,-3.912189717116725252e-01,4.059635927219197304e-01,1.367462619281604730e-01,1.427008957417351953e-01,3.708870960910471415e-01,-1.131350045389137415e+00,-2.332634295378576139e-01,2.929210290075410783e-01,-1.389573069887930501e-01,-6.198684362885980015e-01,1.047164491862430380e-01,-2.528528309871216351e-01,-5.313704990187140265e-01,-4.298904155662204296e-01,2.988769916222458467e-01,2.140102767564245889e-01,4.532122116558649494e-01,-5.501627914304815237e-01,-2.448856838640086631e-01,5.418128165821906039e-02,4.855245322466601454e-01,3.264276180215778256e-01
7.350263335716571145e-02,-2.775609766678858725e-01,-1.363748099261949676e-01,1.285744430911124891e-01,1.330629088967794638e-01,2.006162605712280556e-01,8.272608491162251887e-02,1.855949629425066583e-01,-1.424009684932353026e-01,3.123704001039149802e-01,7.339032218500740612e-01,7.669618011512735478e-02,8.325979063619046161e-02,-1.545818888222977028e-01,-4.232344115863514444e-01,5.513052720339985946e-01,2.359898275690997527e-01,3.408243988835650828e-01,-3.840415818682142990e-01,7.601333217583459145e-01,-2.848427343657150557e-01,-7.259001341034407306e-02,-1.478335389102687913e-01,-8.651549512536156339e-01
4.285684477665634151e-02,-1.555855918508267099e-01,-4.227126221278344476e-01,9.343956797870252018e-01,-3.374843292037768561e-02,1.860320088606937372e-01,-1.188222748661778905e+00,-1.910747840194625402e-01,-2.059249557828407018e-01,4.101861695766806926e-01,-1.943858058592909110e-01,7.642400905597585004e-01,8.831113805108431469e-02,-1.954666798503277014e-01,-1.238302599175018781e-01,-1.850958229809260835e-01,2.074063903162097489e-01,2.642839307125116610e-01,-1.632491843005647036e-01,-5.334161661843608293e-01,-2.842848686639283806e-01,-1.615523818484988217e-01,-3.226818579900324162e-03,-7.694053056271512592e-01
1.658598195567996814e-01,-1.844308629796390098e-02,7.731844533865783742e-01,1.310728768810316858e+00,-1.077050197236189277e-01,2.386760601227945477e-01,-7.673526124534144621e-01,3.497727149378074274e-01,-2.388344993947488504e-01,3.264560929234482933e-01,-1.161158627012839062e-01,-3.547604018365960732e-01,2.212192865617250148e-01,-1.368004974258203998e-01,8.356079545387370411e-01,3.965355197417609889e-01,1.400780928474941456e-01,3.854790542602395398e-01,-5.150837369790782772e-01,7.454095575352300829e-01,-1.710948032570380195e-01,-9.875851140614269608e-02,8.303888031385855406e-01,5.138841704106380526e-01
1.468937223154683780e-01,9.475467204200688220e-02,-4.249046399197230206e-02,1.103971618890593920e+00,-1.096341779601048283e-01,1.538971790525065497e-01,-6.441752971458322707e-02,-5.491224515231619696e-01,-2.013387752601753788e-01,3.787674674427683463e-01,3.572384518404409515e-01,3.791341942217587579e-01,1.062511277195320458e-01,-1.580871726074472572e-01,-6.816030499374277074e-01,-1.604305492525008869e-01,5.710756520893373739e-02,4.230259994359636400e-01,-6.346588739385408129e-01,3.527315939441123538e-01,-1.225509932585609474e-01,-1.771537269155986638e-01,5.528028560711459871e-01,-3.907609652831652847e-01
6.739196480698839142e-02,1.264857259479474361e-01,-6.336100399328614685e-01,3.756555012081986833e-01,-6.399193452019477646e-02,1.638964168754188655e-01,4.172657532088404064e-01,2.903442805955891437e-02,-2.815294925432578754e-01,2.514550999769514794e-01,-2.991425621232070564e-01,-7.844925969311298264e-01,1.564156240127442254e-01,-1.604670087818649282e-01,1.209005656525949102e-01,-8.358480580738218702e-02,1.608828471727309917e-01,3.520762106539869207e-01,8.953065185437044660e-01,-4.975973519562096326e-01,-5.597385647633385669e-02,-2.049146836270386296e-01,5.882645561962107639e-01,-2.122010123719872965e-01
-1.296547996703470776e-02,2.402013260960152996e-01,-7.626133244648024556e-01,8.908335632653012759e-01,3.786748162215228253e-02,1.459684590947277760e-01,9.478752747628879094e-01,-6.834743206644350311e-02,-3.527243055540149608e-01,3.548076259994429882e-01,-5.271799046707809078e-01,6.178292767932964669e-01,1.229447838959718264e-01,-1.700029543508669305e-01,-2.735077155801667326e-01,-1.535179043871982008e-01,6.153771425875095846e-02,3.064813797850227672e-01,-4.105573591452797433e-01,-5.636924365441120521e-01,-4.862902412912797900e-02,-1.885364075333644529e-01,1.088768052199317882e-01,1.154776155381974090e-01
-8.796684267711946115e-02,2.242694805565911276e-01,-6.547517840864488514e-01,6.996886887930209298e-03,-8.821703427477306514e-02,1.295388177701284615e-01,-7.583299369206535356e-01,-2.054403064853059513e-01,-3.845479402803637647e-01,3.228959748222119397e-01,-2.296253906517326249e-01,3.080089625124948771e-02,7.144621737621875690e-02,-1.354037962146434348e-02,-5.666309948311699651e-01,1.029838357572848029e+00,1.183870980487600894e-02,2.862740729842613852e-01,-3.444167412735589240e-01,-3.288215549391599324e-01,-1.121676836579660677e-02,-1.485975453580172245e-01,2.299620466102778593e-01,3.824677734669410523e-01
-1.910271189211307785e-01,4.311469924374485840e-01,-9.315916838522917409e-01,1.570770122726973250e+00,-7.749988499468420111e-02,6.339905631512360307e-02,-8.344428488269581973e-03,-5.296360675086091430e-01,-4.459852649739234898e-01,2.980289460102999444e-01,-3.708898368386311928e-01,-7.227267216900506996e-02,-4.953620407309719531e-03,-1.434079383636256977e-01,-6.805748371109484607e-01,-7.466764717481071401e-01,1.412059297751310227e-01,1.652986521368971229e-01,1.075691297230079169e+00,-9.716179174183854350e-01,-6.914851332603824674e-02,-2.357644559089353831e-01,-4.201496797024797947e-01,-5.946775283923836364e-01
-1.762227212375861995e-01,5.232828027073921362e-01,6.037122126017076956e-02,1.101675670570919419e+00,-9.764271086883297146e-03,-8.253761780837613748e-02,6.303755943363966718e-01,-1.213094931039435220e+00,-3.448773696663303134e-01,2.820574438274934814e-01,7.604902741991340642e-01,4.521431043108753434e-02,-5.485414673126243201e-02,-3.038310323754669917e-02,-6.273061533419344027e-01,5.950826493498827530e-01,8.296751701701818305e-02,1.443425329601909779e-01,-1.765548505887453712e-01,-4.307389277537374550e-01,-1.089838959191368750e-01,-2.721873389774648322e-01,-4.707576267256141089e-01,-3.925132574104202021e-01
-3.777668424850842976e-01,5.925354954831795196e-01,-1.370059256261626945e+00,7.527608183375130713e-01,8.563945691445930264e-02,-1.674894876976712466e-02,8.321773590468543036e-01,2.829590282709157911e-01,-5.110400485693129546e-01,1.320806663888744459e-01,-8.525946047195942512e-01,-1.025877884138075569e+00,-5.803515897078832114e-02,9.584540293176560533e-02,-2.496002220463049426e-01,1.092926715341460131e+00,2.299540161023520823e-02,1.638694145944909475e-01,-4.514267750333690876e-01,-8.255177675165925599e-03,-1.795647729710619922e-01,-2.093834108251032278e-01,-7.682676548053054555e-01,4.122657333695958215e-01
-4.712256377446825684e-01,6.947638053057233476e-01,-8.166910395468488515e-01,1.043829890457307341e+00,1.562544307732610660e-02,-1.221880086570495960e-01,-3.663966006976185907e-01,-8.403074649213861935e-01,-4.652074299283801562e-01,1.700853010769718399e-01,1.665512439254694943e-01,1.802886730400310444e-01,-1.219080754455895976e-01,1.304734576212393804e-01,-5.202183816219980717e-01,5.368109310029727244e-01,8.102524161068191955e-02,1.115838287108263660e-01,4.604276115081857856e-01,-4.142642958018202259e-01,-2.517876423571252520e-02,-1.828164872610677782e-01,9.913002648518705051e-01,4.244310595467551961e-01
-4.537805196496228488e-01,7.342901917158722869e-01,2.028554796416167927e-01,6.926611265880791013e-01,-1.288635422450234817e-02,-1.610055001610812275e-01,-3.242614168347931480e-01,-5.045178522102922170e-01,-3.716938512937015826e-01,2.050520096671593628e-01,7.928325637429126660e-01,5.028327425208162227e-01,-2.109878847897695697e-01,3.770540141013523083e-02,-7.098446615105210578e-01,-5.415433474006590142e-01,4.738114009053953635e-03,4.066611394318972450e-02,-4.110499945721918791e-01,-6.972406632150800476e-01,-7.090537829138737758e-02,-8.318368361559144719e-02,-2.402189204777885889e-01,8.702448637489299532e-01
-4.666281605896823170e-01,7.755130295460745948e-01,2.173217089325260587e-01,6.180276976455670868e-01,8.998676827037234427e-02,-2.318425086148179215e-02,6.446970827450692054e-01,1.050429752209909529e+00,-3.087150038409822717e-01,1.415859262798691842e-01,7.733656326191095109e-01,-1.641097081157162352e-01,-2.678868932206656117e-01,1.664300893259602898e-01,-6.219751827336145178e-01,8.281466122135953123e-01,6.766714527303227533e-02,4.222311654158292932e-02,4.443540211175041055e-01,-1.053855129534062574e-01,-1.566347280375900708e-01,-1.413117369151435931e-01,-7.472477548783701407e-01,-3.006642821796787768e-01
-5.312299345608154644e-01,7.448736289719397607e-01,-1.327318999870072125e-01,3.276174520565389159e-02,2.115654526442403705e-02,-1.415933459784788906e-01,-3.615653122059733215e-01,-7.266857367382097976e-01,-3.976581823028884077e-01,8.755878590133135686e-02,-3.674909321626836367e-01,-3.553159460725386354e-01,-3.322835709759524025e-01,1.966728747152045598e-01,-5.860097432250879201e-01,4.965495632831678496e-01,-1.868814079196903788e-02,1.458757064968056738e-03,-5.330455087403945802e-01,-3.926503025021390592e-01,-1.739165976946097092e-02,-2.347754599292901923e-01,8.931012056257466858e-01,-6.763831604032017886e-01
-6.085003145833951521e-01,7.355966064598348231e-01,-3.295521468730320813e-01,8.712146529568140507e-02,8.936562294219468905e-02,-1.916558230328772039e-01,4.447523530381370382e-01,-5.217621176737772259e-01,-2.385651060966147152e-01,3.366806738847127889e-02,1.121311746121141040e+00,-2.939539255844632604e-01,-2.593721604792276203e-01,1.777573305680198168e-01,4.514604758993435718e-01,1.278320078073361676e-01,3.985309739389167327e-02,-2.536903850121290105e-02,3.792168150751229483e-01,-2.651526040856509447e-01,2.251281921189900170e-02,-8.473188452505051038e-02,3.470766779895516629e-01,1.104918388324698686e+00
-7.570315857627009093e-01,7.303134727005126114e-01,-9.154170213713274107e-01,1.248757226033039291e-01,5.654197035002409000e-02,-2.754931382412141305e-01,-1.897558338416847346e-01,-7.973122425364588262e-01,-2.347410161846448795e-01,-9.341681896486465908e-02,3.908274527197693748e-01,-9.081429489180607995e-01,-4.472661651051511589e-01,1.368113221754240771e-01,-1.174640231767624110e+00,-2.433532891937530696e-01,6.955232690933026152e-02,-9.426097247656062272e-02,3.322775324088237947e-01,-5.878725042931305378e-01,2.509619037167897665e-02,-1.399121562422019072e-01,7.417864049041655861e-02,-1.764038678178136976e-01
-7.189609579272588924e-01,6.004618819383813477e-01,4.875246492110366092e-01,-7.295311806603499427e-01,6.977108772458319452e-02,-3.065645227019521135e-01,-2.169140832176200129e-02,-4.142028651495640035e-01,-1.341954711369056641e-01,-1.035315594879751555e-02,7.899719714000629223e-01,4.840453647655444946e-01,-5.440086287132893661e-01,1.148868137022739377e-01,-9.408861230674465670e-01,-1.204815946037668117e-01,6.900401219197790925e-02,-1.618189954143086362e-01,5.389978039116966047e-02,-6.758888370866455997e-01,-2.074702597123362358e-03,-8.289143804318188646e-02,-2.797061988697111534e-01,4.051174745939292166e-01
-7.463247442398640574e-01,5.002756588055969900e-01,1.979229709804667947e-01,-6.861505194620692860e-01,1.025769209688697781e-01,-2.165133300373209557e-01,9.829926019841711549e-02,5.950089562793627884e-01,-1.089144117800003864e-01,-2.793104322067745809e-02,3.921403722201227682e-01,6.517400333249839806e-02,-4.803155428622471468e-01,2.177033261853298929e-01,2.478524792921507625e-01,9.281551976200519416e-01,1.707159570709977092e-01,-2.319647678661255208e-01,7.648464464230637638e-01,-6.722912524760832342e-01,6.294249918183085490e-02,-9.117702566258176211e-02,4.041330608158529292e-01,5.305904895420959777e-02
-8.635332884288934308e-01,4.729496594181696323e-01,-6.598930901229765889e-01,-1.178609648415097633e-01,2.062572390819026324e-01,-2.147347127301352243e-01,7.522548138090721093e-01,1.389297933522196660e-01,-1.728801710272023090e-02,-5.403536888637232305e-02,7.713813842896530826e-01,-9.259995437187801270e-02,-5.301720480828115978e-01,1.267494545270790585e-01,-1.772163407717171901e-01,-2.577765429335608927e-01,2.699369635933070444e-01,-2.988538118906019503e-01,8.782451808397043758e-01,-6.785779060409302677e-01,6.361674665438707410e-02,-1.520193581602875821e-01,7.025978488391539101e-02,-4.935056775539485852e-01
-9.127964187523674999e-01,4.204009575794526166e-01,-2.975441462755361033e-01,-1.443368118047851922e-01,2.525249177347608787e-01,-2.867605431677587857e-01,4.629436853198466983e-01,-5.674667080455942925e-01,-2.494414520338175678e-03,-1.192703649429603385e-01,3.152684883274375904e-01,-4.793738447671560543e-01,-5.235911748620744044e-01,2.086014140102053493e-01,4.029910551083549369e-02,7.217928325286231406e-01,2.092036154795908209e-01,-3.263916586963311328e-01,-3.734216283324464647e-01,-4.709096091952414964e-01,4.537495637086379208e-02,-1.568215390881826099e-01,-1.769335017179831382e-01,-1.734383065210114983e-01
-8.804850858245907297e-01,4.095346590479340687e-01,3.993017746105951837e-01,2.426983724577583545e-01,2.699448386882049578e-01,-1.856592344476879208e-01,7.348737925668186177e-02,6.171832658476440470e-01,-2.344755386298565808e-02,-7.902994775791094550e-02,-1.169987891275774405e-01,1.631203934150102786e-01,-6.144332989080624197e-01,2.191381920083134704e-01,-5.656344875303392916e-01,4.184130061565861647e-01,2.072624423497796686e-01,-2.676921590319027988e-01,-2.425602398446793373e-01,2.998834441148111596e-01,1.846556429793466958e-01,-1.379115966099201951e-01,1.008660567799294139e+00,1.582386811210630406e-01
-8.991492454987313199e-01,4.198668194144706822e-01,1.242319073036835114e-01,4.522433058860401700e-01,2.077317640715428682e-01,-1.756679419635253925e-01,-5.517698855451488305e-01,9.602892376004845687e-02,1.039627767961316118e-01,-1.170070857250528062e-01,8.889712531661537742e-01,-1.794411622349787461e-01,-5.604542360007541690e-01,2.348729831697683457e-01,3.396778294990053237e-01,4.519262027935813109e-01,2.298637093898880934e-01,-3.198487120605727485e-01,2.749795313502902822e-02,-3.972974342243981161e-01,1.509210767534600317e-01,-4.201159072107625569e-02,-1.295830353147330027e-01,7.052835054960389094e-01
-1.030755702207730717e+00,2.481196512998714854e-01,-7.693114917889960491e-01,-9.929160016632266883e-01,2.359240947225053620e-01,-2.916920813633560594e-01,8.753786046957259814e-02,-9.785411201710202400e-01,1.319918474790851559e-01,-1.429160952989413924e-01,4.094498991120927855e-01,-2.467163386202806397e-01,-6.227857189189004439e-01,2.635733879200782837e-02,-1.843426197661456323e-01,-1.212111384419686688e+00,4.445662858658261385e-01,-2.858283814857943139e-01,1.577064178365870761e+00,1.996005067478598960e-01,4.810292487583400778e-02,6.633488624240738152e-02,-9.178527031789248669e-01,9.021186099927032132e-01
-1.032526985320045165e+00,2.042116340237223882e-01,-3.068236935731247922e-02,-1.868029710383992681e-01,3.507905030666926827e-01,-2.780468933830544387e-01,7.896536057669220066e-01,-1.499959177405695288e-01,1.992856581963351470e-01,-4.231051572337794775e-02,5.096842895818707309e-01,6.617435413934115163e-01,-6.647390459811072239e-01,7.605676784004747337e-02,-3.268349372777492601e-01,2.570648405778985790e-01,4.045894489931413096e-01,-3.146054006130265535e-01,-6.659984719224157357e-02,-3.337865284325047255e-01,2.166596312188610873e-01,9.002809363726048397e-02,1.093572972691192025e+00,4.197662014113703322e-01
-9.528305085644364070e-01,3.104343046918996152e-02,8.136737762880184022e-01,-9.864458466788619262e-01,4.103753252047248057e-01,-2.812934614305616643e-01,5.123340169256785925e-01,-1.537345243371803782e-01,2.963341190852828433e-01,7.607491027048742666e-03,7.902842760485901952e-01,5.125317388327529367e-01,-6.495361234005337936e-01,9.536740416593814107e-02,6.269814074634640078e-02,4.451375445477510073e-01,4.575910412900636715e-01,-3.071272439527057974e-01,2.740920803271144068e-01,-1.349187879515738875e-01,1.087635146038975209e-01,1.192501261746644614e-01,-6.351356718036150761e-01,1.942243432660094860e-01
-9.063075989195926718e-01,-1.041501090026242943e-01,6.470598479394588098e-01,-8.733390251540238403e-01,3.536448711975238579e-01,-2.861813864743094071e-01,-4.375176560112112312e-01,-2.350917504800387747e-01,4.073342671405086879e-01,5.174539800386046551e-02,9.893114348039401262e-01,4.004696630480756303e-01,-6.914267134457205977e-01,-2.141540518342152644e-02,-1.958112878579242599e-01,-5.241012378258436133e-01,4.776097534935025424e-01,-3.171387423834214903e-01,8.923172245166910432e-02,-2.602776822380450383e-01,1.026150582591335986e-01,1.430185029218663528e-01,-1.598339476473725207e-01,1.717876183697143455e-01
-8.286008530724278121e-01,-1.268542108987809058e-01,7.506787348336276811e-01,4.651681019193787403e-02,3.083028425356580393e-01,-2.651723882316572301e-01,-5.773247890487476219e-01,-3.138463562788162964e-02,3.493744736215050328e-01,4.464318039954867645e-03,-1.360318226619775805e-01,-3.889279100551037427e-01,-5.650054854981133579e-01,-1.394524343984942516e-01,9.289906951764007603e-01,-7.041193176427701372e-01,5.298296677290712520e-01,-3.746349872325026031e-01,3.204202714553947562e-01,-6.670616885575553212e-01,1.922852674578765797e-01,1.447118499438043993e-01,7.359849752534465273e-01,3.667565754080795437e-02
-7.815024942241217687e-01,-1.508215629862720009e-01,5.188061652544573299e-01,1.716701908601745152e-01,2.383802816884668663e-01,-2.909347636967463679e-01,-7.679827194250882227e-01,-3.469176575079577773e-01,3.613876782031078538e-01,6.918731022727182128e-03,4.598684216475100450e-02,-2.071868346638065794e-01,-5.564018398089968231e-01,-2.093569625063331496e-01,3.089663808789260280e-01,-4.710274366020020809e-01,4.662405725886404895e-01,-2.066747922135451776e-01,-6.339937964583040042e-01,9.309557420344292122e-01,2.627372736855542734e-01,1.946932924280179444e-01,7.361260191608887116e-01,3.500433413361323520e-01
-7.242786628695180307e-01,-2.537000105095883473e-01,5.620322672881770121e-01,-4.472054539212518276e-01,3.093193950678622128e-01,-2.736392882131987170e-01,2.910629546092263764e-01,6.282801978733210113e-03,3.907206337315823896e-01,1.478233437038821985e-01,1.651807284700634315e-01,8.447703068028550311e-01,-5.376433120803076893e-01,-2.783612150331654655e-01,1.963442923718499988e-01,-4.089850757061308517e-01,5.274339435117264552e-01,-2.119125086123358481e-01,2.625202487329343359e-01,-1.946139905901667078e-02,9.181218600398896590e-02,1.683648686804747330e-01,-1.145382622962226371e+00,-3.131197918463533014e-01
-6.333609589497037895e-01,-2.100070180847359025e-01,7.408584098526691530e-01,5.600468604899252467e-01,3.283016352008912286e-01,-3.377817288099684845e-01,1.220531685302627262e-01,-5.895876256644475566e-01,5.076270247456488027e-01,2.487896780129249252e-01,8.925242725303533797e-01,8.588427654233069530e-01,-3.939874171566833949e-01,-2.012055362923984847e-01,1.000485321681405582e+00,7.207339135512922379e-01,6.005227877955185978e-01,-9.783792079153741383e-02,4.791775716924451256e-01,7.102850440537468169e-01,1.699934438174631468e-01,1.348358443914767502e-01,4.205379816972384388e-01,-3.510448455596905659e-01
-5.369111567966586840e-01,-2.711680018386106172e-01,8.703251025005368513e-01,-7.704936732257172682e-02,2.159070692131279112e-01,-2.466715001542402197e-01,-1.048005870371333526e+00,4.493320289336537599e-01,5.849194363608635205e-01,1.251768813901115440e-01,9.042520061437693268e-01,-8.120094292493724719e-01,-3.187376073570141188e-01,-3.223804740997386897e-01,7.920534468056349420e-01,-4.922945821538761146e-01,5.807149744802628799e-01,-5.226297569304540896e-02,-1.466022022671034097e-01,2.651686498514427837e-01,2.042525371019445479e-01,2.495992368010179208e-01,3.610318853772420122e-01,7.946856052953958915e-01
-4.079679536337281753e-01,-3.080881161950134728e-01,1.116838820409089550e+00,-2.878946414914715368e-02,2.697781557858904833e-01,-2.334593165250818947e-01,6.734509788553270926e-02,1.380393475503616241e-01,5.608869929228466056e-01,2.296905584163164704e-01,5.460810357514778168e-02,3.422414576842196521e-01,-2.847915704905502055e-01,-4.006230124129379622e-01,3.846097181766076067e-01,-5.523541000469344153e-01,6.287268752167443076e-01,-1.331158625601255030e-01,3.254651846764411438e-01,-7.637490709877138295e-01,1.265929525420556589e-01,1.560983280351756208e-01,-4.002254428203274594e-01,-6.517027364556944313e-01
-2.732684862739038212e-01,-3.513708325107276487e-01,1.202103157768262376e+00,-1.161792309936875711e-01,2.477757406675611396e-01,-3.265554212760309327e-01,-2.268439287976313223e-01,-8.241791129922013681e-01,4.822890431660195598e-01,2.996400890688905028e-01,-5.222055629867506932e-01,3.616706845833015382e-01,-2.959394199120629065e-01,-4.904877342298438192e-01,-6.912574276697693032e-02,-6.817421454958367821e-01,6.884743265926965838e-01,3.192744758373167180e-03,4.217155496093447087e-01,7.226181372765216882e-01,-1.374353587686184819e-02,2.523866942799699031e-01,-1.173525290407638977e+00,5.270015607913922651e-01
-1.922858452924364192e-01,-2.414896211211198518e-01,7.273707812167485853e-01,9.784594068003742429e-01,9.095627523748714416e-02,-2.387755265228690693e-01,-1.413542909212885723e+00,3.427067242508478051e-01,5.266629955566483057e-01,3.513082717278862011e-01,2.577462289305976206e-01,2.972524183259079300e-01,-1.758708638440259764e-01,-4.171445543401527400e-01,6.776681217458611073e-01,5.297330215699440625e-01,5.897155716125715985e-01,5.864484963795158629e-02,-7.150821170877582622e-01,2.937384873469219837e-01,6.686672317208414151e-02,2.882603563139929936e-01,4.321323765723983357e-01,4.095030974844146021e-01
2.424852937472761483e-02,-3.324664589689192429e-01,1.808937669555755523e+00,-3.585908438851208579e-01,1.388033200226103936e-01,-1.371329664116964775e-01,-3.474146370275988521e-02,8.556264864316376340e-01,4.428447826768429074e-01,4.101138726833918891e-01,-4.556039383464259296e-01,2.774639966326218343e-01,-3.922191945081785619e-02,-3.205112410897459352e-01,9.867335270852599649e-01,9.791506847179003437e-01,6.285537727256416130e-01,9.044242054582420087e-02,1.603766610195310749e-01,8.548074340340519606e-02,-4.547692058424178396e-02,2.737545099200017207e-01,-6.992877597359598019e-01,-1.120238573810074523e-01
7.483255074072042712e-02,-2.470987851571863070e-01,6.398466745959034974e-01,6.167797283632313610e-01,1.195622118270606715e-01,-2.407980338249345875e-01,-1.817428868011640719e-01,-6.603253632431050901e-01,4.187478136042811494e-01,4.722652102452796763e-01,-1.888641176841460156e-01,3.382092290361894960e-01,-6.310930242037743332e-02,-2.603102825596311232e-01,-6.864500295055871171e-02,7.257020304136623245e-01,5.797568719179064800e-01,5.411869107053420003e-02,-3.122013114598445327e-01,-5.188119351511280009e-01,3.442949915735546429e-02,1.899476137147714516e-01,5.959734628012576252e-01,-6.379791612376987109e-01
1.259799313656812525e-01,-2.286396846385752024e-01,4.202221380014600216e-01,2.723781020976882572e-01,2.816673177924136628e-02,-2.278492497016628981e-01,-8.629194542452289785e-01,-1.037484931807259869e-01,3.286678966521543455e-01,4.655294670629100962e-01,-5.512311066881322441e-01,-1.595307845142555081e-01,6.816028920452849027e-02,-1.518230615286469409e-01,7.908276190614310641e-01,1.059934729300377576e+00,5.744167630775436351e-01,4.011280421998543455e-02,-8.915831034465733496e-02,-4.486733590403592098e-01,-5.526791057926569439e-02,2.952625331909559669e-01,-5.623285949685555840e-01,6.669990692390280751e-01
2.512702925446274604e-01,-1.572559907532891654e-01,9.360676387477152582e-01,6.227890561816439297e-01,3.221864937285450620e-02,-3.234765368411763875e-01,-2.124225267680095453e-01,-7.696118026941648482e-01,3.091972107636904443e-01,4.961282921369585819e-01,-1.383063400939828769e-01,3.301661193529756289e-02,8.718707212913680282e-02,-1.205925819599473758e-01,2.624869219060064762e-01,5.023974137956304098e-01,5.442678996639230826e-01,1.515217314511270175e-01,-2.935910681918525444e-01,5.232420210062282973e-01,-5.647512218711873977e-02,2.818231220918510083e-01,-2.404799494396205051e-02,5.142521832674629145e-02
3.202508463657526838e-01,-2.182253491093325004e-01,6.823875542511609327e-01,-4.231671091764741544e-01,-9.406108497195329876e-02,-2.291770201695487452e-01,-1.209105737066570541e+00,5.473203223692357788e-01,2.719811621779461563e-01,5.760838126523127878e-01,-1.702045198255668634e-01,4.429704131502285036e-01,1.690706109316003902e-01,-2.103993920537974849e-01,6.428747553481608534e-01,-5.068758382406302054e-01,6.189391299860976803e-01,1.531005524102684867e-01,5.767589858467987440e-01,-7.753460988642213447e-02,6.076090440366713197e-02,2.338910808036634148e-01,1.063307725608594323e+00,-3.121920124715912293e-01
5.550373405240910385e-01,-2.052463284577096814e-01,1.864609787685608255e+00,-1.160582741967197684e-02,7.969691248767202252e-03,-2.177363088462270779e-01,4.177200960793817086e-01,2.804917448170796135e-01,1.581811480589920271e-01,5.340161243797973967e-01,-6.704280451966510013e-01,-3.572980615107383406e-01,1.306955890751705374e-01,-1.260443729132881552e-01,-2.218045965715369217e-01,4.277690294213091216e-01,4.553887089862679871e-01,1.016277430010151667e-01,-1.068804517923133579e+00,-7.101389836003444422e-01,9.729758128235185821e-02,7.039089162857981030e-02,6.737157031745978353e-01,-1.331962411700411852e+00
6.829357736243557575e-01,-8.927215083697719045e-02,1.241026688365655550e+00,7.803480612435067520e-01,-1.115282673574573002e-01,-2.158514744620316783e-01,-9.624998410037159946e-01,2.926300771669027023e-02,1.891189751832515475e-01,6.962197681156939710e-01,1.729942073681108861e-01,1.002412912464151429e+00,8.548270592104960375e-02,-9.532138115368404829e-02,-4.537201597156481636e-01,2.764582756310499656e-01,4.602214256408503346e-01,1.042164913306615898e-01,-1.378451953725393919e-01,-3.089935547196451249e-01,-3.406886133958098029e-02,1.824430415148958762e-01,-9.250925464370074458e-01,5.482287126479012951e-01
6.140100311138393385e-01,1.238001278754823943e-02,-3.547975187078306059e-01,6.876060020139226348e-01,-1.426960781143050971e-01,-1.991719207680152648e-01,-5.413234186134923132e-01,1.615665936090251997e-01,4.889056529985363886e-03,6.029968646054610915e-01,-1.039935821810712202e+00,-5.833941177425183700e-01,1.258066250374210715e-01,-1.174690090675273302e-01,1.451568109046906252e-01,-1.092299651065299360e-01,3.541332153822338569e-01,1.602283194151786772e-01,-8.403032837662411936e-01,1.402111957967891454e-01,-3.763697238374144605e-02,1.637073912904252193e-01,-1.640372523700847629e-01,-2.528660678766081471e-02
7.501999288501974839e-01,6.572229899221071481e-02,9.767596225648211838e-01,3.687426045589002888e-01,-1.638026090882783725e-01,-2.449535820539499864e-01,-3.316461126391977432e-01,-2.854309127296925652e-01,1.729639640083463492e-02,6.758260953562367224e-01,4.844231227029434372e-03,3.354892067247893239e-01,1.427516533185654857e-01,-1.390350811266187203e-01,1.245157978408836519e-01,-2.180412223000430805e-01,3.841067865928545766e-01,5.826951610599745424e-02,1.675345774901335627e-01,-9.275871124962296044e-01,-3.773568920460919351e-02,1.728551881146250246e-01,2.952638688373497924e-02,7.641180449151600829e-02
7.716292877979672449e-01,3.152273669242086629e-01,2.843053365684801159e-01,1.732873425635665043e+00,-1.839873006477243944e-01,-3.336027205397478768e-01,-2.800270944082370872e-01,-6.868814269033896025e-01,-8.650083120328222464e-02,5.710563174106658701e-01,-4.816679961123581655e-01,-7.507316197863223017e-01,2.202175027309294375e-01,-1.026703676744541160e-01,5.347467872396605149e-01,1.937292244928812135e-01,2.620798277758893402e-01,2.265416202542712421e-02,-8.667648067452693450e-01,-6.757160903364515248e-01,-6.406586155155882811e-02,7.099078660969364296e-02,-9.029882758642308882e-02,-7.670282533393714131e-01
8.872163990457377913e-01,3.574999845884790917e-01,1.046084461057269710e+00,4.107584916615414361e-01,-2.032042859879036878e-01,-3.396204849465090936e-01,-3.252061633431490018e-01,-1.097648315649807360e-01,-3.170539753487497392e-02,5.151452454038407680e-01,5.035090026944522013e-01,-5.840707681546737362e-01,3.072468049040606997e-01,-7.024167549793403076e-04,6.895546896224109545e-01,7.537009520186022105e-01,1.629657566555826609e-01,6.666563283898346848e-02,-9.708789383619287339e-01,6.744385201858527079e-02,-1.981604798494590591e-01,-1.000426176155366637e-01,-9.826082105043053572e-01,-1.547185678807621922e+00
7.773015051555872690e-01,4.066428385290647429e-01,-5.263647598457237287e-01,9.049443844448379348e-02,-1.471292204142475024e-01,-3.212160375899539844e-01,2.296137268224355543e-01,2.232123487315897103e-01,-4.828020165395140867e-02,3.875086308496941134e-01,2.517539380952532602e-01,-1.095280098963181015e+00,2.459024214644086048e-01,1.647180807923089296e-01,-3.532301584766429636e-01,1.284696137999964183e+00,1.134097426264938369e-01,1.390749683831071781e-02,-5.598300319375607570e-01,-4.843606722381144647e-01,-2.928758353368716150e-01,-1.365446016927343298e-01,-9.495003180303017709e-01,-5.977571868700899405e-01
6.831615170108923385e-01,4.165309459851374574e-01,-7.224342851912548547e-01,-2.652960349784787009e-01,-2.690041921802987512e-01,-4.274310127338297738e-01,-1.010388358308775381e+00,-7.836728927314906556e-01,-1.666792891835801593e-01,3.331287350841711792e-01,-6.134229745986005122e-01,-7.264324173355425351e-01,3.664600130816996759e-01,2.579728454934221982e-01,7.749518261658598917e-01,9.672881149407877022e-01,5.846089221454443818e-03,-2.559554350299369022e-02,-9.457378112879810672e-01,-5.037244593017843330e-01,-2.436623088013269989e-01,-1.813214517021780325e-01,1.864716922531584054e-01,-3.438684947201209319e-01
7.901697478756122273e-01,6.117414527767062182e-01,7.231604015621783121e-01,1.201057239304548219e+00,-2.070946156862454590e-01,-3.395719731137822883e-01,6.963829110042657478e-02,6.279850956128808503e-01,-7.714478385438741648e-02,2.411809604421231990e-01,6.679535387651083234e-01,-7.898241742529620302e-01,3.481434531578896374e-01,3.364997633277624356e-01,1.058912842951712785e-01,6.885895831890060936e-01,-1.680226649236835068e-02,-1.100552259266371347e-01,-3.586418259154267596e-01,-7.832044325127919260e-01,-1.176572192204725226e-01,-1.873333513423763308e-01,9.558191625921651502e-01,2.570180840585289950e-02
6.211504123676382383e-01,7.258165542855538055e-01,-1.048582273527608466e+00,7.541197363329215086e-01,-3.186849953162485538e-01,-3.075481370195246589e-01,-1.024264319473246365e+00,4.261749974532776930e-01,-9.645297581161453582e-02,2.908818721440066257e-01,1.225889351154541562e-01,1.662139521159484712e-01,3.303629426819931214e-01,2.719413699806830786e-01,2.183806873895046546e-02,-4.223686692605318482e-01,-1.614183989726244994e-01,-1.340135408858362798e-01,-1.250763582319769363e+00,-3.956838414479772470e-01,-2.083924355794347372e-01,-1.257859957893963099e-01,-6.334992993579848797e-01,5.214164100384104383e-01
5.562778237172596452e-01,7.985828368515657250e-01,-5.158701171583665035e-01,4.325955862014274622e-01,-3.509540933878569913e-01,-3.967504694125282283e-01,-5.551504664815445356e-01,-4.824060847351802628e-01,-2.055108170022261760e-01,2.730624992670554474e-01,-6.552344053763009546e-01,-1.018316442735084648e-01,3.122480295370593240e-01,3.208933019450504465e-01,-5.321688867448789995e-02,1.136070934244387542e-01,-1.631873521993474352e-01,-2.615919381209909078e-01,-2.870018765979469588e-01,-1.018532519686245585e+00,-2.422957406524059443e-02,-8.582020380191063280e-02,1.210904487902905835e+00,5.720905520295603841e-01
6.267793157323492403e-01,8.697720823317441896e-01,7.280266785966150733e-01,4.325951696149572534e-01,-3.595954740211048661e-01,-3.545205991105003229e-01,-3.356187682927002647e-01,3.848800627294157173e-01,-2.398989003694970701e-01,2.068947857202220186e-01,-2.954007163102248534e-01,-4.639128765035394064e-01,2.167130969387129347e-01,4.642578309279136173e-01,-6.558009569836825703e-01,9.085820403211198881e-01,-1.190268518055853653e-01,-2.328602857692494976e-01,1.966241670518159290e-01,1.180403658392253918e-01,-1.576827164634337919e-01,-1.567535180433885234e-01,-8.397223852509917430e-01,-4.846930778291915765e-01
4.828989946902766395e-01,8.875711795259105807e-01,-6.440089847516582422e-01,-8.008803525630037168e-02,-2.040613010908856051e-01,-3.894740544699746287e-01,1.006452463998491531e+00,2.263641527972326539e-02,-1.406199648661251300e-01,1.919608968595610254e-01,7.471001798049013987e-01,-1.175860295375648623e-01,1.901729384335866524e-01,5.717916330720725915e-01,-2.558756321758513530e-01,9.118805890049104246e-01,-1.509158830918861938e-01,-2.824383419741028911e-01,-2.675443714236002135e-01,-3.118261564102273731e-01,-1.208694794776628834e-01,-1.632875637194444174e-01,4.750065919259260222e-02,-8.931539778892932935e-02
3.530809663727432768e-01,9.331423310743958144e-01,-8.443010520239764283e-01,7.259013991423232670e-02,-3.866588859470118100e-01,-2.936200737070366329e-01,-1.448191670699206401e+00,7.986418007018107890e-01,-3.172302689046598706e-02,1.814179849497791486e-01,1.068847520796916362e+00,-1.528112639268994211e-02,1.674537657822177950e-01,5.621908680054210627e-01,-4.486297104211985770e-02,7.665006419430897555e-02,-1.366545480718285299e-01,-3.401029164404224536e-01,-1.906553064433397920e-02,-4.501116692872062508e-01,-1.194027448815786069e-01,-2.303799219521792951e-01,-1.201520795498838695e-02,-4.995739413909584536e-01
3.247456644178391416e-01,9.520307366861786580e-01,-7.309478406470354406e-02,-2.355284314662365458e-02,-4.430866984631242067e-01,-3.869242204248154460e-01,-8.312789938109161891e-01,-4.187693135515317966e-01,-1.408425482795368222e-02,5.214060072206685992e-02,5.220308792803294295e-01,-9.277436552563745886e-01,1.333757719764174787e-01,6.095498898141871180e-01,-8.236728652898676895e-02,2.734562579921201442e-01,-1.964489991549882852e-01,-4.017091835474655426e-01,-5.598230715043917005e-01,-5.351202901332435813e-01,-8.740799719779793198e-02,-3.221326969032168308e-01,2.006575220950460314e-01,-7.525683789597263917e-01
3.373588722130131945e-01,9.437952837905069225e-01,4.559140769157594697e-01,-2.229945338932015075e-01,-3.098709961349737085e-01,-3.782348811992188864e-01,7.629795709140826387e-01,2.197830810746871366e-01,4.661652686391548617e-02,-1.918805902131223359e-02,6.377079210404137388e-01,-7.347122756648200026e-01,-3.699430260450830687e-03,7.434002604099889666e-01,-8.530107690205593896e-01,9.208143343628197863e-01,-9.312997580674778342e-02,-4.164195206411101524e-01,5.743783005076228410e-01,-9.609305589596300878e-02,5.989847083755157897e-02,-3.144799680338209447e-01,1.095279104816284654e+00,1.958953834529042481e-02
1.379920686359064619e-01,9.328581713358496952e-01,-1.075782749356645418e+00,-3.655012811267079886e-01,-3.854921456196692686e-01,-3.242544873848575149e-01,-5.663607575551706796e-01,5.737375862400098114e-01,8.845197701681423164e-02,-1.049771567845617648e-01,5.051816284628951603e-01,-8.131679961704247894e-01,-2.843539984221211958e-02,7.472740742609201847e-01,-1.465278034834194554e-01,2.222508576483227527e-01,-9.566783250803539973e-02,-4.310711072804842003e-01,-3.861928979346630070e-02,-7.982240455504896470e-02,7.861917172703172807e-02,-3.365374030879529910e-01,2.773148652521165713e-01,-1.582128253775672289e-01
-1.033193188219155567e-01,7.961209207701885893e-01,-1.714762371933877594e+00,-1.353259625781705999e+00,-3.574417765970133720e-01,-1.970113484198564857e-01,-5.935903744732078102e-02,1.295968250866025961e+00,7.038016171780274444e-02,-1.572783974786232664e-01,-4.868572133126622403e-03,-6.258700473238363315e-01,-1.255140021379978765e-01,7.729207169427981805e-01,-4.858849991520722833e-01,1.909465803619986302e-01,-1.594276466876113907e-01,-5.025746486661260004e-01,-6.545248024913545848e-01,-5.618006158152075713e-01,6.754923939221944840e-02,-1.948893746317449382e-01,-2.248483247231484461e-01,1.077789024567301635e+00
-2.214444288639731417e-01,8.522941301242917822e-01,-9.949284843645207488e-01,7.564737928984310855e-02,-3.350173358252829248e-01,-3.003472356331085003e-01,1.215664854758788105e-01,-3.523699437584226768e-01,1.636953485780929390e-02,-2.923828186912650340e-01,-3.993568154147627558e-01,-1.194184286821200258e+00,-1.823482545376124420e-01,6.823724487846405395e-01,-2.274808377563840578e-01,-6.244664986193076972e-01,-2.692556766764807041e-01,-5.842361593028764233e-01,-1.139431307073685007e+00,-7.268062933715014884e-01,-7.675906060519245566e-03,-1.770680351737216607e-01,-7.239148072717843663e-01,3.287448718050355323e-01
-2.783404653957940456e-01,6.665911026175361798e-01,-2.316277308453482675e-01,-1.439155117539647089e+00,-3.206263993978428206e-01,-3.219515125081630069e-01,4.230795171300223007e-02,-9.303924626747328563e-02,4.545530601911066532e-02,-3.000190878038944686e-01,1.585605116991870012e-02,-3.682054250756476854e-01,-1.670382598755272563e-01,6.241617921258740820e-01,3.292262979191260541e-01,-5.473702996220846106e-01,-1.570176648330860181e-01,-7.454635006110945650e-01,5.233411646856932498e-01,-1.271379877400363068e+00,6.942482701746639784e-02,-2.894391300784486809e-01,4.468321989760341006e-01,-8.009207551181947160e-01
-4.142349052243993190e-01,7.414011449255741848e-01,-8.474075390502895377e-01,2.798372811815337258e-01,-2.982664275496267337e-01,-3.364524041529117215e-01,7.628093752650212667e-02,9.082670346131631323e-03,2.033439687599908896e-01,-3.048936775780904385e-01,1.059108598238205579e+00,-7.856819689883862146e-02,-2.440424022723751973e-01,5.042325300932665177e-01,-1.960014994779291087e-01,-1.008560539386422317e+00,-7.594543971359654644e-02,-6.870259475629800772e-01,4.544301905719706491e-01,2.843324823567148218e-01,1.651931302479686670e-01,-1.653863975487447346e-01,6.853815920382667626e-01,7.984330301656747952e-01
-5.274670776566323660e-01,6.823520835325251888e-01,-7.435067612083925415e-01,-3.295373358383004714e-01,-1.842089365328903328e-01,-2.926391227308810516e-01,7.843796709486641205e-01,5.261089640465540507e-01,2.921445474758593841e-01,-3.744812853261499930e-01,8.387175063687106746e-01,-5.394768520754921193e-01,-3.514706015019948282e-01,5.216756661295487429e-01,-6.336457501860016661e-01,-1.198923029316737443e-01,-9.117081764105829794e-03,-7.913708791097361361e-01,3.927042089104786360e-01,-6.959279991194142756e-01,1.715967545744491174e-01,-1.902657120201693697e-01,1.169259428192501171e-01,-9.396583747674669418e-02
-5.265865444107399318e-01,3.940688755776691199e-01,2.310952035768208401e-01,-2.120122149971124692e+00,-2.933879665604169906e-01,-2.137307063974484000e-01,-8.041438254395995022e-01,7.710146955546204328e-01,4.075955038971497135e-01,-4.859088388236439959e-01,9.670544375917314861e-01,-9.971824224032439510e-01,-4.929729940322801207e-01,4.635808143296505368e-01,-9.784068039743942791e-01,-4.092005786091660324e-01,4.093539844631109703e-02,-7.931907820183612401e-01,1.812248010686903776e-01,-1.174533117670277238e-01,1.283087415778605411e-02,-2.542413908431588876e-01,-1.246234330571247995e+00,-6.319649696890553559e-01
-4.265290211341052351e-01,3.500271305850312653e-01,1.053682569000366387e+00,-5.271225145252007582e-01,-3.303078130363578668e-01,-2.203253560985928283e-01,-5.319774161481591879e-01,1.974959720550812925e-01,3.820109040074908813e-01,-4.092042693053963287e-01,-1.266054985684599288e-01,1.606307916245599543e-01,-5.836227392704407269e-01,2.969463456757657771e-01,-6.703674026941794928e-01,-1.202696792804235359e+00,1.832345025200879385e-02,-8.646490034942385661e-01,-4.297108186218057679e-01,-5.931063455823680775e-01,1.008595810577300744e-01,-1.361889769936164285e-01,3.178355836849038885e-01,8.455519204603716421e-01
-5.240181974878613813e-01,1.107028051314168926e-01,-2.668617809553458509e-01,-1.833849358923962392e+00,-2.044419873202496796e-01,-1.072665404773174291e-01,7.290377949242039524e-01,1.089036307552453398e+00,4.455686644706861044e-01,-4.171962144182039256e-01,2.724167814577447277e-01,-1.189428949415727854e-01,-5.292124340118774528e-01,1.446283806346908563e-01,4.255718663967132387e-01,-1.217840899736504667e+00,4.505480807262837728e-02,-8.577148227140189984e-01,-2.164097074719798786e-01,-5.314425934609978697e-02,1.844221559943321487e-01,-8.081700496868013395e-02,6.280655595562701921e-01,6.179502747163532206e-01
-5.298352385147778731e-01,-4.606077702956123260e-02,4.153966656080178288e-02,-1.411239457790989249e+00,-6.912332410912658265e-02,-8.772253048285110974e-04,1.133682421639016891e+00,1.207413648083451418e+00,4.779847613435896370e-01,-5.400825439632503944e-01,1.889692201432240370e-01,-1.049260605347135833e+00,-4.693326914683409457e-01,6.223834037811483422e-02,6.655822859922559953e-01,-7.141185802348350986e-01,1.289688069215206567e-01,-9.282471111479886350e-01,3.169057895320875340e-01,-5.338875402927216740e-01,1.166236728332566142e-01,8.439042714210495677e-02,-5.286569939203733526e-01,1.348478398736554729e+00
-5.748764193087704255e-01,2.519551194995861554e-03,-3.401478341539664330e-01,2.416097919576667419e-01,-1.201413234790940365e-01,-3.818420458426861896e-02,-1.339833076767195930e-01,4.073145152673429692e-03,4.770574405589329547e-01,-6.072152692480965452e-01,-1.325678721350644351e-01,-9.172425933405176091e-01,-5.369222581240258307e-01,-7.447144571027092264e-02,-2.241784201416059663e-01,-1.037462798906167993e+00,1.042886314878521264e-01,-9.125417702949510934e-01,-4.754007043047547842e-01,-2.396206631319147684e-02,1.957534031444098099e-01,-4.892600966654836459e-02,5.541519779779426891e-01,-7.435930739043392634e-01
-6.275917687913876719e-01,-2.499972375105434241e-01,-3.699362103031745286e-01,-1.767216895069092963e+00,-9.782625793551102955e-02,-6.220007892917928799e-02,1.502476846589430315e-01,-1.347648032305559795e-01,5.974665976385292732e-01,-5.457021193296500705e-01,5.901149685554895052e-01,9.056656941429319652e-02,-4.480271956491569396e-01,-1.749550847171280898e-01,6.257409271923390914e-01,-7.834105647792186655e-01,1.154598970829972537e-01,-9.040478682538465316e-01,-3.700260116799412580e-01,4.955378034509683172e-02,2.581655020702185444e-01,2.068086409605970899e-02,5.605328883902169768e-01,3.654275161595672561e-01
-5.631222250149835462e-01,-3.770272982896225589e-01,4.066367306653440039e-01,-1.106771695852183157e+00,-4.604848301360399410e-02,-3.702937956508887268e-02,4.031715159952832805e-01,2.240432957459515817e-01,6.335602281216301535e-01,-5.695271393505664248e-01,2.064908846219312144e-01,-3.276241259505552339e-01,-4.598030763367125795e-01,-7.860262850515059574e-02,3.079032653929697494e-03,6.761878352709099760e-01,9.555487888049823963e-02,-8.080966055179417129e-01,-6.211565116829320665e-01,7.227903278874363568e-01,2.919397049541081479e-01,1.032080931295265014e-01,3.491954769073363218e-01,6.371413798181281285e-01
-4.503971018551380379e-01,-5.021169121537867319e-01,9.086984149564973912e-01,-9.321712558115209379e-01,-6.012968447087795737e-02,1.886627989946652040e-01,-1.397629373751233528e-01,1.863730408438385000e+00,6.098450780744368860e-01,-4.750270453079858402e-01,-3.725151291477187265e-01,3.833992376097277166e-01,-3.561856048993380930e-01,-1.750717063707665777e-01,7.651041816382494476e-01,-3.096427638163641305e-01,4.930698776781539117e-02,-8.207873020563952737e-01,-8.142175529860860017e-01,1.899238889093823879e-03,9.144131885590178754e-02,4.323698587548474581e-02,-1.483305037131935178e+00,-5.501308852163693253e-01
-5.135064328647536147e-01,-5.452951349294352656e-01,-4.295134871201050086e-01,-3.684895914955040874e-01,-1.223059061552858595e-03,1.521604377360663007e-01,4.885096345260532269e-01,1.767714447141079948e-01,7.113650761342754647e-01,-4.226785594573316818e-01,4.299966035214059512e-01,3.124517857906258245e-01,-2.535776765655133880e-01,-2.597975181537930944e-01,9.364497983581587803e-01,-5.191613985546784660e-01,1.165437474311078886e-01,-6.603656906076763589e-01,-4.188908299998127249e-02,1.258826723566416561e+00,5.382267146023693438e-02,3.890740747774866504e-03,-5.883133670773217361e-01,-4.933754166701570520e-01
-4.399865095135969684e-01,-6.499366404508799544e-01,3.492415748266746722e-01,-6.630566432035571722e-01,-1.754090179671243671e-02,2.052618583396852436e-01,2.069260952873177781e-03,4.525988179423967583e-01,7.475527873002950630e-01,-3.881971486956778961e-01,1.840941505257711330e-01,1.141731477659230221e-01,-3.306739021527428934e-01,-2.982346734000399513e-01,-3.666795117884160127e-01,-3.338677448719937768e-01,1.210824517065696437e-01,-6.231120776826126750e-01,-2.631033807445605777e-01,5.185548296313137184e-01,5.963964794405898773e-02,4.999939514734215440e-02,-8.220066104035608778e-02,2.473218446424979011e-01
-2.244314623270601272e-01,-6.877074034537264957e-01,1.525074056446729998e+00,-1.638559510046278533e-01,-9.605010597131083405e-02,3.342004925791576819e-01,-5.793512999515428863e-01,1.062584878813992662e+00,7.144588608502149274e-01,-2.060263641902491394e-01,-4.315379708268728409e-01,1.099722129564118855e+00,-1.966527663624315914e-01,-4.170627371437474751e-01,8.403870486502846848e-01,-7.834353822176178817e-01,1.955159050211310312e-01,-6.554371476033039601e-01,2.790393959723731498e-01,-1.313984555797323983e-01,9.802656725546124439e-02,1.227516571648911980e-01,2.627362820345868211e-01,6.045464258571586758e-01
-1.319409118665869074e-01,-7.990184775789296312e-01,8.178713855491185347e-01,-7.598196651962322301e-01,7.709707807253746159e-03,3.498483086334225334e-01,8.339858226696119647e-01,3.961814614481719010e-01,7.860679986550150877e-01,-1.408034381875368779e-01,2.627178790421234034e-01,5.418703555234287705e-01,-1.532658368580184782e-01,-3.923403506052927092e-01,4.008181973325650738e-01,7.938825911687852344e-02,1.709430638043430428e-01,-4.036238922809149976e-01,-5.062324857242537224e-01,1.920978897716652423e+00,9.529269984569783969e-02,1.276984424001246787e-01,6.712517548366654652e-02,1.164789232575667022e-01
-1.408342028906154897e-01,-9.106623836207076161e-01,-1.318767035013166666e-01,-9.472318245096669198e-01,-6.495687538981766151e-02,3.877100131198467636e-01,-2.572526862461206876e-01,3.468981067870064994e-01,7.809095638528684713e-01,-1.007795920785341387e-01,-7.061149303957910128e-02,1.559004283578444006e-01,-9.948393757623416600e-02,-5.389991963778318906e-01,4.152771724578838142e-01,-9.612281573390992762e-01,6.659508224482518779e-02,-4.737791230680573618e-01,-1.069096276812784518e+00,-2.045277751973593183e-01,-5.167595541128819359e-03,1.614447616059795643e-01,-7.260848332187780363e-01,2.071148777961777654e-01
3.425407979144266812e-02,-1.021785534677834395e+00,1.071166999554788779e+00,-9.201386320402396013e-01,-1.663907390046430179e-01,3.018566001556670098e-01,-6.741814122596991865e-01,-6.472761683515444453e-01,5.930937161185556583e-01,1.241383130410023128e-02,-1.485357809655349692e+00,5.160701957377092919e-01,-5.030602167783695261e-02,-4.662768744848501123e-01,2.653879115020909563e-01,3.445967251654356023e-01,7.402410465740288936e-02,-3.820356565397405868e-01,-3.731289329239469987e-01,6.736021620907411966e-01,-3.402924652096325081e-02,1.102003746615082547e-01,-2.897144276435397181e-01,-3.902523831088315909e-01
2.237009916643395158e-01,-8.965891122125676516e-01,1.269847570870271891e+00,8.609551610686070333e-01,-1.080551708807120370e-01,3.145359235610090121e-01,4.190604027954799582e-01,2.016965697316031036e-02,6.042457871057185237e-01,-5.519379224242793036e-02,-3.023151664962352436e-01,-5.926190104723531027e-01,2.078872593665208671e-02,-4.559418784382308631e-01,4.152429347531925719e-01,2.300142189916119517e-01,6.956369411259941127e-02,-2.487212972564158686e-01,-3.248292019698170718e-01,1.154977252217235018e+00,4.781925406235425224e-02,1.363915546740314122e-01,6.011172112647455990e-01,1.512490851447209628e-01
3.704811100551834713e-01,-9.246747014733383008e-01,1.062422032515131454e+00,-4.637640101034445905e-02,-1.835509915666411473e-01,4.861557804227180091e-01,-4.628657186773340593e-01,1.381428183018834188e+00,5.275801123735396336e-01,5.551973087869613299e-02,-7.106164484107121426e-01,3.944059535789291582e-01,1.406250761818956252e-01,-4.646612939193036640e-01,8.153795455559901262e-01,5.772278687570925326e-02,2.659369242566310756e-02,-2.478708254047651272e-01,-5.182454455238528768e-01,1.918522865557765744e-01,-1.362857372920318333e-01,2.263317009649843947e-01,-1.338256680509673835e+00,6.566833589689672346e-01
5.141698930627272013e-01,-9.466254770423380149e-01,9.892290346925008970e-01,-2.221924196306647448e-01,-1.362730325560939648e-01,5.413721902034596134e-01,4.133186572533698033e-01,8.022850597818000917e-01,4.748056459662678419e-01,4.165569010597058863e-02,-5.706517881603958564e-01,-2.212597853411003568e-01,1.058124011465559344e-01,-5.350749096713458552e-01,-1.920411020149701553e-01,-5.386670751255417944e-01,-5.136623871028751787e-02,-1.359521014980309694e-01,-8.563529056000764861e-01,8.656560352761797361e-01,-1.308621765084696520e-01,2.713186736258666465e-01,-1.937259522562289893e-01,5.252500672994449005e-01
6.136616606871486690e-01,-9.453766697090646431e-01,6.000668178684621656e-01,-1.582264675154771982e-01,-1.458905793025913611e-01,3.768099262207521560e-01,2.799865414170811251e-01,-1.120259075557013873e+00,3.495057262137949983e-01,2.005860318184312652e-01,-1.118056188380906368e+00,8.649881162033253856e-01,1.709527087220975572e-01,-5.141579176922744798e-01,2.235393068247881199e-01,8.540701615445345229e-03,-1.572900284950004279e-01,6.887434904233456778e-02,-1.155674992145268698e+00,1.778419895463921874e+00,-1.493066512202962381e-01,2.980302704019938687e-01,-8.982190742853021770e-02,3.499887597036621667e-01
7.021632483080895160e-01,-8.969797497798489561e-01,4.191160005798207355e-01,1.752400664402009589e-01,-2.570241853190249892e-01,3.483359508460011078e-01,-6.199290869976971097e-01,-4.678767461539302674e-01,2.937076039358645363e-01,2.160690411399301958e-01,-6.565210695773496807e-01,1.694568420320496926e-01,3.929418005840152883e-01,-4.165158628028630683e-01,1.458682601702739001e+00,7.602982513398667264e-01,-9.802633905157395744e-02,1.656725803769504846e-01,1.696738780031028515e-01,1.211992246673353035e+00,-1.242264771217904684e-01,1.899232664155769690e-01,3.286315996590062904e-01,-6.966075649517154966e-01
8.549841879346220530e-01,-7.350631236078122299e-01,8.603464065197891086e-01,1.142746125531248991e+00,-3.425590172473561013e-01,4.318846465340548946e-01,-6.878788186672547544e-01,6.265962271223256552e-01,2.707345038654639380e-01,2.379502646620499651e-01,-2.876294612439646570e-01,7.406811460627185650e-02,4.929748066571409404e-01,-2.800463064808611513e-01,8.950066134032411691e-01,1.123402355692528332e+00,-4.890293874378774663e-02,1.084499869976901787e-01,5.051363433807737335e-01,-1.655214982776953558e-01,-1.338297803559659604e-01,1.458755198858422419e-01,9.050055875412531259e-02,-4.451315670906427768e-01
9.493659007581534137e-01,-6.565851535056257404e-01,5.688414018101690672e-01,6.058605317192072848e-01,-2.915946765352275261e-01,3.864209226119889040e-01,4.229039417041350335e-01,-8.040718460040019444e-02,2.736825589621807442e-01,1.785124060470207885e-01,4.455770965066235823e-02,-5.263712767015388261e-01,5.088896237951220369e-01,-2.109518647073267972e-01,1.901443110890520816e-01,6.475015530593183355e-01,-2.505066976042118476e-01,2.458083116921918609e-01,-1.444506381639396597e+00,9.612296504283791565e-01,-1.708736955150650938e-01,2.302319048616901787e-01,-2.322773513832734615e-01,5.809657483574570680e-01
9.563728985116120018e-01,-6.593498157604288368e-01,-1.256251528896833725e-01,-2.504134785170484268e-01,-1.764877605075583777e-01,2.164181422961837242e-01,1.232173408265701209e+00,-1.219782772989973285e+00,2.231590663780957662e-01,2.920690389235597317e-01,-3.339251921886914332e-01,5.565512310263172058e-01,5.348261146091832785e-01,-2.301552476245603551e-01,1.432562982264695139e-01,-1.257439709437491171e-01,-3.150549248278265990e-01,2.617081304330383662e-01,-7.083604727165497827e-01,3.661969125682131843e-01,-2.683071243316106913e-01,1.364863611675011801e-01,-6.953804521310246178e-01,-6.162232874036162045e-01
1.074433159662640414e+00,-5.965054467312761455e-01,5.758103212024477946e-01,1.293735639316120900e-01,-3.084636992054484161e-01,2.660343154257556741e-01,-6.548483292733942029e-01,1.293539543601629482e-01,-7.464025258259371354e-03,1.575140799034177863e-01,-1.638990672048453723e+00,-1.024058857889723173e+00,5.504750958630529878e-01,-3.055203019975635259e-01,7.887329199112025346e-02,-7.639864425316635899e-01,-3.358764982467926652e-01,3.283628807912936654e-01,-2.395491854043176050e-01,6.899830949286314130e-01,-3.378683904126944526e-01,1.033581974943774684e-01,-6.109369309325539676e-01,-3.305089074683572603e-01
1.022659584627383822e+00,-4.513863453087876842e-01,-6.285902973576569241e-01,7.629965543868065803e-01,-3.590583556981992164e-01,1.451560165595293661e-01,-3.702298713984970013e-01,-8.530664484984022966e-01,-1.472752044649018599e-01,1.688382411624925750e-01,-1.388509155762860381e+00,-2.711159980232725752e-01,6.372395260543094464e-01,-1.884994294865872666e-01,4.868905152389940150e-01,4.866599579267486542e-01,-3.729072499458518930e-01,2.581205533120355944e-01,-1.811437181547188024e-01,-3.209144357880749920e-01,-2.917678355465269102e-01,1.943562766553302845e-01,2.666468333237577149e-01,8.051433251068693675e-01
1.038601746997012354e+00,-3.057642723577743693e-01,-2.887679145771298028e-01,9.167046052418807989e-01,-3.101251113199985365e-01,2.014222494732115232e-01,3.474243378949877226e-01,3.869602196582848652e-01,-1.023654599243533359e-01,2.978252627352030446e-01,-8.706164353799214495e-03,9.226305474784526339e-01,6.945610784904933110e-01,-1.531049273730565041e-01,4.366904725796689202e-01,1.892342787745448507e-01,-4.364377610337077940e-01,2.357168824266488716e-01,-4.066058676139483463e-01,-1.378509619631287653e-01,-4.120831423373185753e-01,1.283096656862781071e-01,-7.647746172832038392e-01,-2.656171845206806159e-01
1.198130767919654005e+00,-2.802865562632429475e-01,1.046615395771799628e+00,4.295868635081212528e-02,-2.717042393894472663e-01,8.824281804042449773e-02,5.052435375483175228e-01,-6.933630124507692560e-01,-1.680828440878019414e-01,1.787060992714019081e-01,-3.363052277317572503e-01,-6.101513282282595707e-01,6.581854931032469214e-01,-1.089576673439699023e-01,-2.437590086522188615e-01,1.204692206678740496e-01,-4.983365137469104034e-01,4.001973690684226259e-01,-5.321535309582849926e-01,1.423108056676887223e+00,-3.874569034509552923e-01,1.604090845616774619e-01,1.002401549044661389e-01,3.658453006450235190e-01
1.114624163448606931e+00,-6.055278206469921765e-03,-6.587246151679685413e-01,1.651024622695318689e+00,-3.821662994015316839e-01,1.018490018877451636e-01,-6.905398941380792577e-01,1.170079706180426893e-02,-3.762742278910140570e-01,1.732995076892255848e-01,-1.534898354400912268e+00,-2.248717351032311074e-01,5.513425355181427179e-01,-1.063021316161739394e-01,-9.132253744058512757e-01,-2.266604202445099969e-01,-4.846119728607823363e-01,3.137576916923285886e-01,1.718217932563546047e-01,-1.685746672928678525e-01,-5.083563523269063467e-01,-9.916392224920911325e-03,-7.712826002074956167e-01,-1.130676968943949534e+00
1.174509594273925206e+00,1.096016553408926952e-01,2.513658179471159326e-01,8.238333529093834207e-01,-3.921089852099778339e-01,1.117522299910669870e-01,-1.664613034368055966e-01,2.185102890115393215e-01,-4.307992911787934531e-01,1.333821872993840030e-02,-6.726492897919987834e-01,-1.129824889226892060e+00,5.626945200485964360e-01,-3.110569208576235978e-02,-2.477057506037742551e-01,2.813024426051136118e-01,-5.130488141152461656e-01,3.644539972265506966e-01,-7.382137637523655815e-02,5.439955655815738034e-01,-5.401998756095668375e-01,-5.033985801978335672e-02,-3.662629974305837699e-01,-3.626968103406771338e-01
1.070329256664381612e+00,2.065819797243823031e-01,-7.878346890213210330e-01,4.436409519551868241e-01,-4.094417660452960295e-01,5.963607330637590853e-02,-9.762300120278688542e-02,-2.147009852091272264e-01,-3.849565175274959339e-01,-1.066487955430778234e-01,2.408530740952097293e-01,-1.010049853406746578e+00,5.560339633813844440e-01,1.737249703261928846e-01,-2.240171877708972970e-01,1.367967287388362818e+00,-5.974561579456373339e-01,2.609559782327897648e-01,-4.761272885493305074e-01,-5.236926811820376004e-01,-4.451597988954837937e-01,-1.292350749046251857e-02,6.362990066887797003e-01,4.455443579147945754e-01
1.014303809712122861e+00,3.139196985832936049e-01,-5.993779882025450645e-01,4.850957641315884472e-01,-4.030456536525718336e-01,6.295995590250383356e-02,6.869168494011600179e-02,1.460767437386956691e-01,-5.027490926347002453e-01,-1.993120606055209243e-01,-7.633691681969037024e-01,-8.416225648531496795e-01,6.517094025171112914e-01,2.118257170674804624e-01,6.407545447577916997e-01,4.724838278076076703e-01,-6.816043882269017251e-01,2.198530004970140617e-01,-6.223551845006195515e-01,-2.408956609880911204e-01,-4.060177280323270521e-01,-8.369624812343551268e-02,4.692734360722495834e-01,-2.804057618761895410e-01
1.020552514812612666e+00,2.995177873271441249e-01,-7.599246160999023614e-04,-4.013418581306895661e-01,-3.610868080322016116e-01,-3.349421703942808554e-02,4.108481719685204148e-01,-5.405374883925430085e-01,-4.759334561971301225e-01,-2.249876450867122069e-01,-3.547266248103292385e-02,-2.173846163128330122e-01,4.829549896026814615e-01,1.899227344239897419e-01,-1.016750005229156928e+00,-3.362570514733115301e-01,-6.838816405376845209e-01,2.589324316676547832e-01,-6.411774197792920182e-02,4.901067976302397877e-01,-3.598452094859068140e-01,-2.726066027022029659e-02,4.233726117229393848e-01,5.507277979614698671e-01
9.534533026365819008e-01,3.783635872706128112e-01,-4.765278265642852173e-01,1.126107683679460902e-01,-2.789087670826068677e-01,-1.048163881153049842e-01,7.680072389649847953e-01,-4.946337293642519284e-01,-4.371068901063962509e-01,-4.019069891020775609e-01,2.756168112724572961e-01,-1.146185447758427678e+00,4.472312275923189806e-01,2.502146657238526473e-01,-5.008861652352035732e-01,1.388694907813234347e-01,-7.410066853860850511e-01,4.523544409025129220e-02,-2.647651793502580064e-01,-1.372559667593729715e+00,-2.403166110418824553e-01,-8.277283601763477106e-02,1.054367186543992085e+00,-1.410137002285561936e-01
7.848754482047339831e-01,5.462188650955530633e-01,-1.356877124513448107e+00,8.705536583371452641e-01,-2.533841281803927425e-01,-1.692349202932101060e-01,3.688012403552871077e-01,-4.787577393681204385e-01,-5.739673141680257107e-01,-5.052831579541467999e-01,-1.010261011693524447e+00,-9.306333336643680676e-01,3.801711319003961420e-01,1.562382445771457462e-01,-5.146540577173084330e-01,-8.561258794984998310e-01,-6.907065216553108788e-01,8.160442493663297436e-02,3.697060796917311931e-01,2.671508179365409408e-01,-1.579909942474420348e-01,-8.281573399345250330e-02,8.481768091951510380e-01,1.054335605957820998e-01
6.618005681078557023e-01,5.697396531525739105e-01,-1.073661538968419649e+00,-3.101213310638251119e-02,-1.973387521560155122e-01,-8.707468947428909090e-02,4.320565021498600222e-01,6.939287800261982886e-01,-5.640056767625089007e-01,-5.644893399166386327e-01,-3.268335563086200990e-01,-4.661080650301812067e-01,3.859847598871635199e-01,2.844875294244034736e-01,-9.070255888031993063e-02,5.493922766959805637e-01,-7.751526018904060233e-01,7.461902275225529291e-02,-5.489426630781562011e-01,2.361123260904422483e-01,-2.109851780591136261e-01,-1.479455368924343928e-01,-2.605226106474569647e-01,-4.478721593797831968e-01
4.146060913676806736e-01,5.798482384725505145e-01,-1.950717999509356648e+00,-3.068670854632631895e-01,-1.492207620673616508e-01,-8.568583127438555991e-02,4.323273297676814009e-01,2.680731565770730351e-01,-5.051245370106425270e-01,-6.273128942600803004e-01,1.919639568745135638e-01,-3.397785176330032630e-01,3.345933709926842137e-01,3.369685309822851860e-01,-3.378550302314980991e-01,3.575540581762846060e-01,-8.303869639540013559e-01,5.597896905879497231e-02,-4.897139009720344327e-01,1.744251621527763418e-01,-2.899272406772706034e-01,-1.557120904671015216e-01,-7.067673762668077453e-01,-1.089106549883724351e-01
4.051751254544061487e-01,6.799408309881815882e-01,-2.768663392552161429e-01,5.358485346771310054e-01,4.102508035346155713e-02,-2.371376900954802192e-01,1.632690482550529065e+00,-1.015278330019693476e+00,-5.385029154940901286e-01,-5.648255191548917642e-01,-4.132155499853203962e-01,5.539375116703386670e-01,2.574756259934410374e-01,2.725423576836277784e-01,-5.223170146668540959e-01,-5.336894656563820893e-01,-8.419986663158217643e-01,2.325089657296301043e-02,-1.295895719275541036e-01,8.932494267142689071e-02,-1.866471743382242809e-01,-3.466765877682354002e-01,7.119794467591917808e-01,-1.392581628091301926e+00
2.124218154684140714e-01,7.779180858626792983e-01,-1.342846581200337397e+00,6.198821044514049028e-01,8.897036084913934051e-02,-1.899841725155856920e-01,6.375923925162720884e-01,1.627501273862100861e-01,-5.299797132860418758e-01,-6.552249659282052274e-01,-2.039708043789517644e-01,-3.062031462145285987e-01,1.931630077982992855e-01,3.124405151843057116e-01,-5.260598259730937531e-01,2.062934148659456568e-02,-7.699653181275672997e-01,-1.373240803358197759e-01,6.221701553284532116e-01,-8.687166281332799889e-01,4.596046777017868956e-02,-3.216999518495949895e-01,1.828465528587929656e+00,5.868141570788876216e-02
2.266761375929851607e-02,7.636574918714491567e-01,-1.477119547077009765e+00,-1.893802746145569205e-01,-7.687931278560294901e-03,-1.266790962922179631e-01,-7.522149539950284680e-01,4.752957902603743845e-01,-4.450527715672291107e-01,-6.931942723854853661e-01,3.622245538307660717e-01,-1.157102847924187661e-01,2.444704188231217046e-01,1.475965296111158287e-01,3.929445829090691955e-01,-1.255337565798574362e+00,-8.670433439558916655e-01,-7.634592781391394412e-02,-7.009664615827086998e-01,5.925474348995439788e-01,3.129996835559811785e-03,-3.670823738903399303e-01,-9.601781910268962494e-02,-3.590628572895749882e-01
-3.256991198907274176e-01,7.675877473123561279e-01,-2.720420074068088834e+00,-1.971868135075399431e-01,1.448597052868369484e-02,-1.547138489278956919e-01,-4.113712821624005561e-02,-1.011770634672454761e-01,-3.788120184621056596e-01,-8.724852856522566924e-01,4.125983338989877014e-01,-1.130685833506865468e+00,8.170425847037737777e-02,2.681626155961944757e-01,-1.076474830060723864e+00,4.097907823121176296e-01,-8.350922640405930020e-01,-1.066398270865041853e-01,9.249759323005665723e-02,2.369755257486483302e-01,5.270200147207266400e-02,-3.335994573692442899e-01,2.109208979234535875e-01,2.055507309703852314e-01
-5.329234836227731975e-01,6.338167974936561588e-01,-1.817404777957830619e+00,-1.110806365359469972e+00,1.129586149011866519e-01,-2.050578708190660682e-01,7.381130318176352123e-01,-3.837166669818437570e-01,-3.370353620763048563e-01,-8.185124319208082477e-01,1.113422964681796551e-01,2.725224467927560568e-01,8.016834279957836540e-02,2.238070418084578406e-01,-1.989163693357866580e-01,-2.638265779610952100e-01,-6.430264022438241245e-01,-2.276532895535314516e-01,1.581494814634660795e+00,-5.094471486187750475e-01,2.044113934453641312e-01,-1.880805733313528350e-01,1.059150289235715858e+00,1.254523876301660845e+00
-6.446124098903922572e-01,6.344158311629519709e-01,-9.972750513929611316e-01,-1.270968461607286937e-01,1.369481641038256814e-01,-1.936263268107555890e-01,2.687529108177248438e-01,-1.722382075768180698e-02,-1.429725082776604483e-01,-8.612602429391122971e-01,1.180916615498122546e+00,-1.821023216188766281e-02,4.926119587701345559e-03,1.318315146780884850e-01,-4.882903255995866276e-01,-8.111166690084071762e-01,-6.859254274578711064e-01,-2.492103857701267466e-01,-2.517288370627689467e-02,-2.773973077114111341e-02,2.707830308231004568e-01,-1.042671240651161513e-01,6.241379825907727996e-01,8.925443634992912267e-01
-8.282111701063491482e-01,5.403962672327932149e-01,-1.352046263082133493e+00,-6.237507156240589268e-01,3.260466907424544036e-01,-1.852268779318393954e-01,1.478916389528023512e+00,9.401890180317062917e-02,-7.982527653888493724e-02,-8.558864610379905979e-01,4.720111431124796586e-01,1.554675871052860203e-01,-6.947617365915687015e-02,-1.255079275189953381e-02,-5.598765892355467289e-01,-1.303811047213381702e+00,-5.732565103505913306e-01,-3.818444954924160584e-01,8.708445952542970270e-01,-7.414605370064706324e-01,3.332304856808746552e-01,-1.038541622059878100e-01,5.624456111445742534e-01,1.047814184262236825e-01
-9.302051049841983943e-01,3.815054537724070216e-01,-7.874895501765271089e-01,-1.119323268251940284e+00,2.399776344267268713e-01,-1.637997768646589081e-01,-4.191371030471478520e-01,5.116659165890156957e-02,-1.239830515312466963e-01,-9.237771658823265009e-01,-4.860026162285460138e-01,-4.085964845975028625e-01,-1.086115938721583241e-01,1.899564828351979484e-02,-4.297753788688885024e-01,-1.030555529579160190e-01,-4.960377267998429818e-01,-3.986044456252542112e-01,6.780553673883404908e-01,-2.591945669514217343e-02,3.955662468406828114e-01,-1.487482577203313727e-01,5.715653187970184401e-01,-4.143538274847078373e-01
-1.120166347930347195e+00,3.678856270688914964e-01,-1.475860206292227250e+00,-5.539697618973549176e-02,3.250165539366327572e-01,-4.587533045334166171e-02,4.776527098404195759e-01,8.921603273722118477e-01,9.710136502169147699e-03,-1.020780743483390207e+00,5.504875868753618118e-01,-6.915148746953875269e-01,-2.432876254684970263e-01,-4.788974310271128937e-02,-1.053695198990826531e+00,-5.282157640429585577e-01,-5.166968893868063573e-01,-4.236383912506437310e-01,-1.647034978800381300e-01,1.053946183303363857e-03,4.244983667113739201e-01,-1.237664661930203414e-01,2.658505348236253618e-01,-1.584704033778594479e-02
-1.236068229903986904e+00,2.096872855933362700e-01,-9.847504211660874640e-01,-8.762518575408673183e-01,3.362163595476091449e-01,-5.902599110149535366e-02,1.607157574091959695e-01,-1.262335143893589251e-02,8.752831340084676892e-02,-8.316366964185772925e-01,2.824727982752772704e-01,1.277647913215193665e+00,-2.405361588068312406e-01,-1.248707394622667333e-01,-2.269344615297284318e-01,-6.247229220363001989e-01,-4.922514754456233099e-01,-4.118857984547473761e-01,2.341967773347030865e-03,3.084089493114016145e-01,5.252113460579947990e-01,8.447899637112121773e-03,7.220822682404517412e-01,8.974617893873807484e-01
-1.271370975769178013e+00,2.339542677071823618e-02,-2.707244373090032519e-01,-1.200922399921308781e+00,4.866036061788205913e-01,-6.358063957469481386e-02,1.200912645328240380e+00,-1.078377699323131433e-01,3.139520627982392842e-01,-7.790261807615066481e-01,1.377232624266502503e+00,8.117720844560153415e-01,-2.908978622600875696e-01,-2.362610647046415879e-01,-4.124857528525235351e-01,-9.053829875475298827e-01,-3.252277929471013573e-01,-3.209098769238668547e-01,1.147271427020477352e+00,1.060575456699135222e+00,6.234842334647197060e-01,-2.376956850752659500e-02,9.175126430293720770e-01,-2.433722508629468928e-01
-1.494642520770873118e+00,-2.374296327535935225e-01,-1.612375269398010902e+00,-1.882411266547622697e+00,5.053179335002730976e-01,9.059529070236084503e-02,3.155717459569075123e-01,9.986265667359415232e-01,4.003851977263155337e-01,-7.466806685635037910e-01,6.760138488750674357e-01,4.118733216431846866e-01,-4.864142956216009894e-01,-1.800685949319639489e-01,-1.626768495058999342e+00,2.137484281688371013e-01,-2.086495712904971045e-01,-4.303104106153161634e-01,1.073728815066178122e+00,-4.103814289976466245e-01,5.589178431779027179e-01,8.495165748564059705e-02,-3.586851532055459479e-01,5.300684042770913429e-01
-1.416317510955820147e+00,-4.195548488429975964e-01,3.536549667951822684e-01,-1.208776084040312560e+00,3.666656806504808852e-01,1.085090180761565382e-01,-1.042094022878231607e+00,8.310382281806327764e-02,4.532969388928463905e-01,-6.737309501329894479e-01,2.519526841868191536e-01,5.516894431105160423e-01,-5.597067837349706254e-01,-2.611858377354059901e-01,-9.899963975908748770e-01,-3.966497964209153571e-01,-1.856170714439270841e-01,-4.300060643446504405e-01,2.337452255854977623e-01,3.727612489579407162e-02,6.191814575694616352e-01,1.769354694978631237e-01,3.859184492694103241e-01,6.356498761126877506e-01
-1.407372076728314880e+00,-7.248306175525927042e-01,1.669737553471619673e-01,-2.059535264554985812e+00,4.275943571809143195e-01,1.553797726694716441e-01,2.439207755155760049e-01,2.481931967816810025e-01,4.005918586857858399e-01,-5.784368996425186538e-01,-6.243407044482059964e-01,6.862585450642265661e-01,-3.960109276147194546e-01,-4.289353689724990648e-01,9.368495820985127676e-01,-1.074074120912927865e+00,-2.337585178522637031e-01,-3.715760249871146170e-01,-4.976990963853929473e-01,5.261436913981071273e-01,5.989815658836696866e-01,2.788897681122561867e-01,-6.801260402711535591e-02,6.822202687206841976e-01
-1.431585816561051550e+00,-7.708993292741204151e-01,-3.660308401128400391e-01,-2.004968599834302534e-01,4.602024193678400654e-01,2.472941622408949824e-01,3.171220482757650116e-01,6.244724004107157223e-01,4.118294825133868575e-01,-5.191799345816556777e-01,-3.398736112554397448e-01,4.881623153147882643e-01,-5.183611871029289997e-01,-5.457457374060534772e-01,-7.130912329600288535e-01,-1.010135941213477162e+00,-1.334346209796074822e-01,-4.346321018609887732e-01,5.848320043151262748e-01,-2.619400356572217925e-01,6.534814013111422959e-01,2.450411915958947418e-01,5.209802688082776356e-01,-3.608439911621140750e-01
-1.319868301205455730e+00,-9.535648070642512852e-01,6.034623726244766617e-01,-8.409590277202686481e-01,3.507722347566566423e-01,4.328025343256205471e-01,-7.696420399705229398e-01,1.344783234940110095e+00,4.534380619850115757e-01,-3.321652680008340131e-01,-6.132630512157345032e-02,1.379826169437472050e+00,-4.005056872936582080e-01,-6.043748320948574282e-01,5.350764699845345085e-01,-4.506507213473042728e-01,9.482042243510210855e-02,-4.205424395796667492e-01,1.722941902448911211e+00,2.090655548306752654e-01,5.505442121433690161e-01,3.433092202661377490e-01,-6.364230317317480790e-01,3.838214766906459796e-01
-1.371461626037989490e+00,-1.051691976998772704e+00,-5.832467799130068853e-01,-4.129248179529345641e-01,3.508372503107741180e-01,5.275070381490306604e-01,-4.036071311619451873e-02,8.598519932464449012e-01,6.069772183850659086e-01,-2.623937635796572687e-01,9.145303469560422949e-01,7.832505014227080231e-01,-4.905712356315633516e-01,-6.071027152923259562e-01,-7.007254096726167614e-01,-1.968780234490208336e-03,2.904026811368196070e-01,-3.185795687171452673e-01,1.686417759548483275e+00,9.254639062727035848e-01,5.201489505076983821e-01,5.060851632722036531e-01,-3.171210695611842434e-01,1.128931147119154099e+00
-1.167799168710106583e+00,-1.234974473035989950e+00,1.155293271333317495e+00,-8.739649272419439674e-01,3.883976107878694961e-01,5.211990349957452695e-01,4.614202264839515899e-01,8.517664028355742545e-03,4.870027663334647317e-01,-1.727696380712901159e-01,-8.031858772719876471e-01,6.178680782417744766e-01,-4.295133546550640169e-01,-7.792287118868341800e-01,1.272228784932410428e-01,-1.050605598064461521e+00,3.185097294102910981e-01,-3.418302600476155195e-01,4.638331618772583709e-01,-4.075256553469286391e-02,5.310949733078547119e-01,5.319393587930700829e-01,1.654296877253636222e-01,2.393462243659040256e-01
-1.094414258358127778e+00,-1.470662906785207502e+00,4.624385582802755801e-01,-1.514047472389566718e+00,2.745958638991030654e-01,5.065432473541098268e-01,-6.191133860722203286e-01,-3.257130024903078791e-01,4.925169462224105454e-01,-5.988089109116444264e-02,-3.064967783682436275e-01,8.072024081340970492e-01,-4.648505756757696505e-01,-8.220033593206115263e-01,-4.541791094506720805e-01,-4.226258312327032529e-01,4.291794206969474779e-01,-3.201888140681666828e-01,8.215222660234625662e-01,9.840374400669016364e-02,4.777052661227095820e-01,5.542452936663366803e-01,-2.115099556830036809e-01,-2.070916271188141811e-02
-8.503835469628733268e-01,-1.558888103881594933e+00,1.508112706802111846e+00,-4.554022864980514784e-01,3.080317906661234617e-01,4.989840008629528034e-01,3.075837121970909083e-01,-2.462878015527607822e-01,6.004720461574715173e-01,4.437090218118704132e-02,6.245775669656793427e-01,8.344009389513316055e-01,-3.040736550601651489e-01,-8.208947876050624037e-01,7.856740937877628728e-01,1.501143308000906784e-01,4.898730120352944306e-01,-2.350581244398897984e-01,4.817065399668352677e-01,5.565919727752908219e-01,3.369082495539685862e-01,6.131608396064920363e-01,-9.576238884871008938e-01,1.917465785965946079e-01
-6.626656528497930632e-01,-1.486484570066817446e+00,1.179271999673822346e+00,9.620295731395803740e-01,1.824526041451786929e-01,5.054114946684110654e-01,-7.555448515832854373e-01,-1.808570994358853767e-01,4.918461130022092065e-01,2.617119148483509350e-01,-7.130074816722038467e-01,1.550052607184933651e+00,-2.922718049320073841e-01,-7.951694278278974570e-01,4.453947628815075298e-03,3.803148201870016898e-01,5.194987060964235681e-01,-1.604590778102236437e-01,1.877117002365038256e-01,5.346768291765724435e-01,2.522279700828815030e-01,6.556710764489138699e-01,-6.502542207128549911e-01,1.822193585535755722e-01
-5.012104045865011237e-01,-1.535590925882189817e+00,9.720041400546354238e-01,2.151147579376398999e-01,3.008662639150850304e-01,4.630805755803269474e-01,9.445378986224943763e-01,-4.145743850803502717e-01,5.441812457959598337e-01,3.949478872919467420e-01,2.072048486259245315e-01,1.203057556058440003e+00,-1.702943700454575549e-01,-8.931099735573455600e-01,6.499176168031973733e-01,-4.404306078669504854e-01,5.624280716507341626e-01,3.007449855813983108e-02,2.146159021460481708e-01,1.411574421159120574e+00,1.824527005090278153e-01,8.366491221816274582e-01,-5.139506868757663938e-01,1.280638854257196257e+00
-3.181040182576599928e-01,-1.734930176810869362e+00,1.139118857337243496e+00,-1.222946224338385512e+00,2.900043522233694548e-01,5.137827288278689064e-01,2.548184699287114330e-01,1.959832107916368305e-01,3.317874064693128178e-01,4.793810420709463394e-01,-1.405515478082815628e+00,6.525648255017606481e-01,-1.432726213036185359e-01,-9.087916215019986588e-01,6.998522752655111923e-02,-1.203461057106661458e-01,5.600861414078308620e-01,3.810020828211227450e-02,1.257051343604279059e-03,1.177448320424201444e-01,2.043309625435195398e-01,8.787348718133549674e-01,3.699597488836725567e-01,4.925057486117498939e-01
-5.776080590979040807e-02,-1.631137257880764579e+00,1.582427866411468154e+00,8.137308957899297424e-01,7.674457268805859322e-02,5.641221476266377044e-01,-1.417957371348721018e+00,2.243546643127047324e-01,2.725966622329092370e-01,4.343831068873069690e-01,-6.292561163654932788e-01,-3.381624043783284517e-01,-1.759290200258292469e-01,-9.036992407092503399e-01,-5.463793915646169008e-01,7.951382196239140110e-02,6.031252706751510928e-01,1.755790903939790648e-01,2.727114629196371043e-01,8.859428801561251010e-01,4.429568132915609469e-02,7.980675423794103551e-01,-7.940732005777452196e-01,-6.735358915276709046e-01
8.692561161450612639e-02,-1.582859092629230302e+00,7.951034355776143148e-01,6.897732054590863804e-01,2.515158033139440474e-02,3.830231282048282004e-01,-3.978460785948678136e-01,-1.484260373046376369e+00,1.400988597588743445e-01,5.495114589414198392e-01,-1.020671972070568145e+00,5.709922558716138408e-01,-1.358143827627620315e-01,-8.743910700138620706e-01,-1.859643170305965432e-01,3.369425074838476863e-01,5.426053971318671731e-01,3.582132912040310591e-01,-4.609075394622833000e-01,1.366449874491120209e+00,-4.327123603628374449e-02,6.872491262349874619e-01,-4.897173126819302502e-01,-1.100881079425916509e+00
2.557297240762626545e-01,-1.416556870233321330e+00,8.004778470870647089e-01,1.526686305252658027e+00,1.213553589434112900e-01,3.403296540847597917e-01,8.275509430417836709e-01,-6.515893223094624265e-01,1.254824644693153801e-01,6.431297499372436999e-01,-2.199996236809736161e-01,7.465351243838667106e-01,-1.777259599931289569e-01,-7.515821266831029801e-01,-7.179405885497374129e-01,1.051735551671021840e+00,5.418590738187600842e-01,4.924390830170595756e-01,-5.825918502585983316e-02,1.116067791958238908e+00,-1.654002275709221259e-01,6.824900180790516302e-01,-7.725288796576337269e-01,-3.431669588546025773e-01
5.112011250572127130e-01,-1.465186059303045907e+00,1.634592548670649403e+00,-3.832777940458931276e-02,5.047799625102611376e-02,3.648328062585343701e-01,-2.775478272509911415e-01,-1.015067203221131642e-02,-4.405520452117842045e-02,7.470257050510327179e-01,-1.108111645510766907e+00,8.201580954268099521e-01,-1.022863787230527538e-01,-7.626775726527519339e-01,7.924520843924874602e-02,3.134892194340047622e-01,3.998428766817410107e-01,4.572741999570875127e-01,-9.642285067347344807e-01,-3.494201467055157995e-01,-2.561005086727657365e-01,5.125651780132128854e-01,-5.292468334492685944e-01,-1.423272320917764233e+00
6.860215550027627396e-01,-1.320997745242901589e+00,1.083030087409757147e+00,1.039393079203445147e+00,-9.867422771042601293e-02,4.008154497515556969e-01,-1.085868000890918950e+00,1.823905965629947779e-01,-3.153986166543470970e-01,7.607859160984218327e-01,-2.022562020096839941e+00,1.887555766076015051e-01,-5.005129050503510924e-02,-8.241925391853575089e-01,1.497715309475180501e-01,-2.853229552668679059e-01,3.147995502783021982e-01,5.680891385315325337e-01,-7.491855415852143318e-01,5.627135125771891566e-01,-2.232739600802203794e-01,5.085622080430654002e-01,3.536147661351374261e-01,-2.638376550995158443e-01
7.717865567034449814e-01,-1.060565709157813341e+00,2.396452994239730294e-01,2.096808230195542855e+00,-1.318716895172474257e-01,2.389984337122048608e-01,-2.526141432339994441e-01,-1.253705904062286880e+00,-3.149761636403780596e-01,7.486097743430331075e-01,-2.588960178574996052e-01,2.093174163151920175e-02,-1.501061017658505414e-01,-7.482198806622810672e-01,-9.995531841451669175e-01,4.859842953578248914e-01,2.439903635702811435e-01,7.134560862220709065e-01,-5.607676031196863198e-01,1.093729260388521141e+00,-3.743323838005141457e-01,5.087862005505184859e-01,-9.275328137961312835e-01,-3.421169082266473094e-02
9.393076667126436519e-01,-9.179923312629402199e-01,8.351049514025736809e-01,1.377022771757472341e+00,-1.514136837620643772e-01,1.969023264025824005e-01,-8.181543432859580967e-02,-5.738840100595303806e-01,-3.949393489248549383e-01,7.557256688292383062e-01,-3.742539167377132436e-01,1.121957358540209143e-01,-9.225806686962795267e-03,-7.438546181435001792e-01,5.006451817507469038e-01,2.788952419257622051e-01,2.018873453670795848e-01,8.394552596844949699e-01,-2.476867161563721664e-01,1.076103400084033712e+00,-4.111352547701913052e-01,4.018774443852524136e-01,-2.443704252647556641e-01,-7.285149757258725378e-01
1.199598875235800666e+00,-6.330416067069724040e-01,1.723447393050773435e+00,2.314020000451586956e+00,-2.422029373190699164e-01,1.284148020801488543e-01,-6.257689626311603304e-01,-6.423833329795770597e-01,-4.758765721711420427e-01,6.967853191598151197e-01,-3.820031344879638580e-01,-3.170200742266901517e-01,1.972398370088770947e-02,-5.911162946934381823e-01,2.003064922496565481e-02,1.227899269257333836e+00,2.035945970812573502e-01,7.656917672011145370e-01,3.097975366601195546e-01,-4.859400040611188132e-01,-3.530180225160234331e-01,1.870840850377312181e-01,6.807411487782818460e-01,-1.686522566406849277e+00
1.166454539783993827e+00,-4.357499911493815103e-01,-2.486477865396001796e-01,1.608759090264102465e+00,-1.443972760450275561e-01,6.108518354943105744e-02,7.008583728645075839e-01,-5.434512538990743380e-01,-6.606922844292104635e-01,6.409382825482400348e-01,-1.161311814479898619e+00,-4.178628027323029737e-01,-1.111272178591078963e-01,-5.507897748516492609e-01,-1.200978388883026327e+00,5.808761669552593432e-01,1.862918193385317278e-01,8.696691633154086665e-01,1.860445669747346764e-01,5.841180812020231317e-01,-4.252338750504170983e-01,1.503904527297029725e-01,-2.863931957210306689e-01,-5.541167554167463205e-01
1.137864362093122361e+00,-1.818776647963902260e-01,-6.014752160000229608e-01,1.880423738343874662e+00,-2.867000545872223638e-01,1.918930388051260510e-02,-9.492593817499062059e-01,-4.359009092691215059e-01,-7.799947182235602572e-01,6.480288031182747099e-01,-9.206495994771664027e-01,9.177478874941169540e-02,-6.953995470634743992e-02,-5.596234822772035988e-01,-2.215298908791595855e-01,1.524643526069908717e-01,5.148033212002570136e-02,9.861465325324276776e-01,-7.551470153277574093e-01,8.920404969795290295e-01,-3.657616999130592905e-01,-3.507567319256790772e-03,5.584190651999016985e-01,-1.152831463024081238e+00
1.249080023999311839e+00,8.027491632204943051e-02,4.908613784642699152e-01,2.048499642311415680e+00,-2.621382601467582840e-01,5.017941345171421375e-02,-1.530729708315452242e-02,2.473876134626148415e-01,-8.110556782241891138e-01,6.749887694347577183e-01,-2.152235946425149482e-01,4.581771966896053261e-01,-7.849193589626911327e-02,-3.547385736795301003e-01,-4.014392843332063587e-01,1.582678062363069404e+00,-1.460085063709582187e-01,1.029564865889833758e+00,-1.341794178798675352e+00,3.978345433318319357e-01,-3.756561780363559810e-01,-9.538013093813189902e-02,1.085957735915640404e-01,-8.242936786406113159e-01
1.316667515204527072e+00,4.042115527826720678e-01,4.797590261291762581e-01,2.523262694207814683e+00,-1.462462087880109229e-01,-5.993014318207606772e-02,9.921626747905750721e-01,-6.828173705277631456e-01,-9.093612000696643660e-01,5.337541570362802634e-01,-4.527317636131976686e-01,-6.710282874828286115e-01,-6.468040941895886187e-02,-3.043545289663294184e-01,-1.720615830642287236e-01,8.334583980112438839e-01,-2.235669595359902617e-01,8.304318044666624266e-01,-3.943452831724571506e-01,-1.530311867181811891e+00,-3.033581777988085815e-01,-2.275034766653996621e-01,6.332706402363278420e-01,-1.034831651095626581e+00
1.275188320248017648e+00,7.022730113088112569e-01,-2.437680216573723802e-01,2.334928831588740650e+00,-1.740302315386808296e-01,-8.069335330456535449e-02,7.360947288413240835e-03,-2.555473183779380375e-01,-9.718563691848173258e-01,5.674825683728892400e-01,-3.540004453927111383e-01,3.551010269735784819e-01,3.963499574657557145e-02,-1.753175757439094651e-01,5.545946607688576613e-01,1.234401921043941641e+00,-2.788192314106465730e-01,8.116954379672642883e-01,-1.665191146565187796e-01,-4.565642811649419652e-01,-2.580196602153952412e-01,-3.416831088423659679e-01,4.701992126539405459e-01,-9.633597652169556547e-01
1.020101581005947278e+00,9.356711859981878820e-01,-1.962347692674944355e+00,1.690350554807963812e+00,-1.780761096791954323e-01,-1.114201857049521155e-01,-4.267091129200033944e-02,-2.256884640639691686e-01,-9.899440422278801277e-01,4.706601142717884434e-01,4.251023922674432298e-02,-2.889773168102484080e-01,-8.829676988458820541e-02,-1.277554233243701209e-01,-8.729130949847289100e-01,6.311016895895951162e-01,-3.041058441110882637e-01,8.761431590945659709e-01,7.285687093326151387e-02,4.993585970940362939e-01,-2.355365143303827791e-01,-4.442322582215185722e-01,1.946650186997109233e-01,-8.812690680380643737e-01
9.106672332328460406e-01,1.155605140814548459e+00,-1.064746199977256058e+00,1.588806564880015593e+00,-1.388150422664987116e-01,-3.010531300767733676e-01,3.315579229273751816e-01,-1.422469938635649855e+00,-1.114701160744860475e+00,2.920497113402517608e-01,-6.287513230012107268e-01,-1.089495983730591977e+00,-8.462483923981921341e-02,-8.723914428923013054e-02,-2.659829654712528857e-01,4.881550483522686945e-01,-4.558946716878078398e-01,7.414622495888021358e-01,-7.610129226030567517e-01,-8.940661991758862559e-01,-1.884643187671480591e-01,-4.410723263507668745e-01,2.531702717988971729e-01,-4.963441795070033802e-02
9.179923243815832912e-01,1.193179687473490569e+00,2.489570116499376096e-01,2.084199086819866764e-01,-2.115594360441905297e-01,-3.684762452158221735e-01,-5.901993256875744942e-01,-7.781413961945902180e-01,-1.105462767274178804e+00,2.967585866159473396e-01,5.487014040416688526e-02,1.217788270354427382e-01,-1.184716663263549602e-01,-9.777431077489825983e-02,-3.474665777817432244e-01,7.350965870112624589e-02,-4.555131845310614325e-01,6.409546816861538820e-01,2.099174869188869252e-01,-8.268154107716159107e-01,-1.279899551732495699e-01,-5.429537671602235882e-01,4.053796937363516317e-01,-7.089318386191879595e-01
6.295795955728075155e-01,1.311902088752990858e+00,-1.786121914635777186e+00,4.627986253219464885e-01,-2.326132720724714831e-01,-3.518788759645133379e-01,-4.255125697181290079e-01,3.024749479156441101e-02,-1.250723102261992237e+00,9.732708516729510206e-02,-8.325176803949517756e-01,-1.094919681806367340e+00,-2.085868169673038286e-01,8.405951223932035810e-02,-8.510997023129790451e-01,1.362534565662741004e+00,-5.938061108803867061e-01,5.255372579954160628e-01,-7.035742142992142956e-01,-9.725033429577119026e-01,-1.058270265370558211e-02,-5.380644081928394051e-01,7.976475836930470020e-01,-5.626963302802101552e-03
5.080101920147603867e-01,1.563870355620052166e+00,-9.262875929635741024e-01,1.748544745248938659e+00,-1.711721474153739542e-01,-3.286986206955684886e-01,2.662530748102306943e-01,3.140743391625944181e-01,-1.219402404568672438e+00,-6.521621501286679889e-02,1.558094402669903955e-01,-1.028057689241320460e+00,-2.837886187988490350e-01,1.315777485775768973e-01,-7.718737161420989867e-01,7.450855847453772274e-01,-6.122370020446620265e-01,4.452526652851480637e-01,-1.753225735277626554e-02,-6.266415301920251757e-01,-1.864863210219197542e-03,-6.172464859389606984e-01,4.505662238745855586e-02,-6.018790938529771095e-01
3.220955259156347839e-01,1.534199738613055031e+00,-1.068096828434948353e+00,-1.610353646091839952e-01,-1.898715076753260123e-02,-4.174589386296658766e-01,1.141383992179919593e+00,-4.739741350753690630e-01,-1.143788115840418174e+00,-2.307346157818602195e-01,6.899031145984041435e-01,-1.007386100236373760e+00,-2.695079897065555397e-01,1.025863162747708002e-01,-3.654395969249973897e-02,7.437326192907300904e-02,-5.546507824432608258e-01,4.201496142053252614e-01,6.446069497142942195e-01,-9.400119496348346981e-02,1.669411192811807443e-01,-5.957009761507410239e-01,1.071652539135258042e+00,1.169304716164831781e-01
1.327716983709071596e-01,1.565291964594115459e+00,-1.135631573006750328e+00,-4.290450253139027614e-02,1.562767021439597503e-01,-4.144040219652134205e-01,1.461589644182377690e+00,3.334998246551890144e-02,-1.064903401423235030e+00,-3.137613364589225684e-01,7.604799070135526140e-01,-4.178832841501038953e-01,-3.836658828555832290e-01,1.550673473488218268e-01,-8.089295532257200216e-01,4.501182724744319241e-01,-4.878454826449666326e-01,3.684387313080263460e-01,8.635863413932950428e-01,-1.921512097795242680e-01,2.310626551896944048e-01,-6.942970357105764379e-01,5.195004874862594324e-01,-7.764695442288163107e-01
-3.762882771024814860e-02,1.669095507515280907e+00,-1.014904947269366753e+00,6.079299946966252310e-01,3.039861165770315066e-01,-4.847225537014028252e-01,1.328676188574043016e+00,-5.054835566325941443e-01,-1.066846154102463418e+00,-4.168108487469228129e-01,1.510937522044724646e-01,-4.584420465138286938e-01,-5.176351126252446422e-01,2.927256075619518727e-01,-1.180107943270406690e+00,1.201115754440674976e+00,-4.681487248534140777e-01,2.835374976506549460e-01,5.367317006002910729e-01,-5.055106862281313340e-01,3.949617161500136309e-01,-7.442068599484917835e-01,1.133361605026136587e+00,-5.542370201329389623e-01
-3.055730089075927580e-01,1.624796270903474449e+00,-1.666141256975550489e+00,-3.881517401938476830e-01,2.848130912859646591e-01,-5.223307298427490863e-01,-7.445288535539383579e-02,-4.992433963075651460e-01,-8.457234398784188034e-01,-4.800109177344243361e-01,1.559392438914407153e+00,-1.019776471187903155e-01,-6.327895202281633713e-01,3.809111354900003854e-01,-1.076533730408140155e+00,1.079308425287652140e+00,-5.801165357476258944e-01,6.850190726974877964e-02,-5.722756969944773342e-01,-1.679648449263148935e+00,3.939367772248760224e-01,-6.836687957385264580e-01,-1.117148369459127211e-01,2.524594317832647428e-01
-4.996609892769690031e-01,1.626448171402830267e+00,-1.236058683569525529e+00,-1.054802202261995170e-01,3.943176750769772365e-01,-5.629610697700170308e-01,6.384531902464506414e-01,-4.741820993272382045e-01,-8.081890214589613208e-01,-4.040909643668475493e-01,5.100139322794506880e-01,8.885469692094805083e-01,-5.883773188368669471e-01,3.734783642910816104e-01,1.962234775171743939e-01,4.443308518017207165e-01,-5.249180625343580209e-01,4.187105282631387038e-02,3.694549976527266022e-01,-3.496273810687435812e-01,4.296317965755998558e-01,-5.307725885123649734e-01,-8.533095690036263115e-02,1.117523969989624222e+00
-7.005922688181833724e-01,1.521524824026378564e+00,-1.145755481357059624e+00,-8.031038873292155600e-01,4.069889663731096618e-01,-5.582392209056493693e-01,-5.700836922026003215e-03,-1.821817156972690976e-01,-6.721729429539279321e-01,-4.659832358196507318e-01,1.017682684032829465e+00,1.529002374023706867e-01,-6.699347058652799225e-01,3.865217574675643974e-01,-3.922075617606837761e-01,3.839872220923721269e-01,-4.103676680585948700e-01,-9.396660745807222659e-02,1.077246729108284562e+00,-8.976674907499393452e-01,5.953024824494568268e-01,-5.324568753732810134e-01,1.073968019827296283e+00,1.167793340528400226e-01
-9.883260316272700630e-01,1.367977123060021061e+00,-1.800411179664547001e+00,-1.268901696337640050e+00,4.146077385990241115e-01,-4.722233954075512607e-01,-1.994014871472889472e-01,4.868247815683990343e-01,-5.314987056156431633e-01,-6.514189561345025137e-01,1.218618795127537791e+00,-9.959075637061380881e-01,-8.430580404582062037e-01,5.161331224355434344e-01,-1.261225611534356528e+00,1.211247413086231184e+00,-2.618626860863193517e-01,-1.692531491703392343e-01,1.400843929231357032e+00,-5.524519934410049293e-01,6.362760331270556069e-01,-4.464696084333370507e-01,3.003135626103535794e-01,5.063497626678221675e-01
-1.206942632732834086e+00,1.302290317424253274e+00,-1.488924868948686697e+00,-5.285580526393552914e-01,5.312424130961788116e-01,-4.407387646996899222e-01,6.763766158646826732e-01,2.420087980058035493e-01,-2.523481022191496614e-01,-6.023677571685723819e-01,2.130646897649373095e+00,4.169916353805007692e-01,-8.516097644840507908e-01,3.636985520085133650e-01,-1.482961301462037418e-01,-5.121849774441111780e-01,-2.170513763701629739e-01,-1.680447873361645139e-01,5.771490157228896800e-01,4.175411847769228135e-02,6.295724066586229073e-01,-5.560099581755840736e-01,-1.512984931866074301e-01,-1.013473629506324247e+00
-1.389433726971552874e+00,1.042950576435975663e+00,-1.097414083585614542e+00,-1.783863516816308614e+00,5.881838557252375699e-01,-4.152408723415944580e-01,3.925242243593428659e-01,9.265951200599462090e-02,-7.662979985685650086e-02,-5.546407703154611069e-01,1.610830835147054607e+00,6.639335353899930015e-01,-8.621173954204665035e-01,2.813433220122699141e-01,8.381147810480760185e-02,-4.474687899163166671e-01,-2.332270737966116725e-01,-2.910344092152172268e-01,-4.031143646639437361e-03,-8.479158893052600732e-01,8.332950805258576565e-01,-4.168218828729572945e-01,1.257415954025323579e+00,6.980610254760271083e-01
-1.458436556612056956e+00,7.707987730691898687e-01,-1.851794371830128849e-01,-2.043039210035720199e+00,5.348054951219484154e-01,-3.406877842232387543e-01,-5.622296838355376192e-01,3.762713868351285074e-01,-2.010483477161920107e-02,-6.588690305700594108e-01,6.784166527756639864e-01,-4.841955545505162162e-01,-9.296723617701762032e-01,4.132352545579640601e-01,-3.756091665570512328e-01,1.106907152415210760e+00,-1.962355003689578159e-01,-4.785821000186467056e-01,2.702623285019315480e-01,-1.547633709271495350e+00,7.905645165924117812e-01,-3.370301567995193093e-01,-3.243921961146782329e-01,4.521071452523113265e-01
-1.425979397163585016e+00,6.076909624022980294e-01,6.342155780808286236e-01,-1.174466963482468929e+00,6.432942839816404579e-01,-4.186153907341152447e-01,5.863856357422362331e-01,-6.705410381949579168e-01,8.336696095280742014e-02,-6.288463421499028705e-01,6.925340552394386728e-01,1.724501409842588706e-01,-9.064699588463560609e-01,3.732214668270562585e-01,2.566665118566443526e-01,3.199754050851432163e-01,-2.231790298343833134e-03,-4.764468305019028405e-01,1.393057437358871775e+00,-1.636322380133439225e-01,8.518455547253428461e-01,-3.783655307574549376e-01,2.550280354086044698e-01,-4.850923821231966082e-01
-1.560202018166266358e+00,4.498328915561080055e-01,-5.906032502078445434e-01,-9.933003862273441786e-01,6.717234098547240073e-01,-2.896524028508440929e-01,1.114332984125974008e-01,6.749612242114820804e-01,2.719000872601998187e-01,-6.347666281557144963e-01,1.322853351086967999e+00,7.509903149878757733e-02,-9.893871427431754073e-01,3.200376276484453997e-01,-3.482885401555148586e-01,-1.459515250513981899e-02,2.124777465393340448e-02,-5.957333764857800640e-01,3.208027201926205163e-01,-9.465319618520476874e-01,8.171039191589748452e-01,-1.574399226086607984e-01,-4.868581460657689930e-01,1.333548711814493970e+00
-1.510456661232540965e+00,7.576864877858921488e-02,6.272643569458882240e-01,-2.508385882205969253e+00,7.528496960238846292e-01,-2.231192856153292048e-01,4.833921210242954070e-01,4.503211893086986883e-01,4.340876759474259772e-01,-5.712621715711599935e-01,1.269662832623438931e+00,4.866347977293086213e-01,-1.071871187066845366e+00,2.736023011384903225e-01,-5.269840601700055416e-01,-3.218200746701999765e-02,1.647326469086197176e-01,-5.676019729696034632e-01,9.477507853958845319e-01,7.375024750786529637e-02,7.990928612341301474e-01,-1.815562141793708728e-01,-3.401072200699247206e-01,-2.027847240277214080e-01
-1.473197438339820309e+00,6.987495478501803969e-03,5.472501580441730962e-01,-4.239296031468491321e-01,6.975147028974980623e-01,-1.280180073040527999e-01,-5.009650582416272924e-01,5.394458199611744664e-01,5.387362661928928320e-01,-4.076854273894523484e-01,8.141912881082498110e-01,1.235525903068109166e+00,-1.090739546908825908e+00,1.391052591734501243e-01,-9.240726357790027268e-02,-6.222505359717134255e-01,3.867913975461756970e-01,-5.397747814719076054e-01,1.717526510270471096e+00,2.870269235920946405e-01,8.908688858200206617e-01,-2.981281257232046289e-02,5.118041183699173491e-01,8.960428375728072270e-01
-1.500137520136696656e+00,-2.799111533388775053e-01,8.281140057310722169e-02,-1.745773052717024765e+00,6.983144996534466076e-01,-1.196080233936622217e-01,-1.873796186265813679e-01,-7.991392021603382911e-02,6.367387847956722524e-01,-3.042394594937207764e-01,7.096287397831747557e-01,9.460720169001395341e-01,-9.372475835525168053e-01,8.083068960142755777e-02,1.221744618480463673e+00,-1.431570741633862998e-01,3.858483567257384728e-01,-4.626105481288586008e-01,1.285595637837433358e-01,5.471947831687000718e-01,9.148483163863779799e-01,1.552798437568613243e-01,1.774257544819659027e-01,1.301976953196967379e+00
