0.000000000000000000e+00,0.000000000000000000e+00,0.000000000000000000e+00,0.000000000000000000e+00,0.000000000000000000e+00,0.000000000000000000e+00,0.000000000000000000e+00,0.000000000000000000e+00,0.000000000000000000e+00,0.000000000000000000e+00,0.000000000000000000e+00,0.000000000000000000e+00,0.000000000000000000e+00,0.000000000000000000e+00,0.000000000000000000e+00,0.000000000000000000e+00,0.000000000000000000e+00,0.000000000000000000e+00,0.000000000000000000e+00,0.000000000000000000e+00,0.000000000000000000e+00,0.000000000000000000e+00,0.000000000000000000e+00,0.000000000000000000e+00,0.000000000000000000e+00
-4.722920993280976809e-03,3.758705014065108485e-02,-2.397311746735925064e-02,-1.002749374609397323e-02,-4.207290204056694100e-02,8.856880498295562065e-03,4.443073984272764149e-02,-3.733342041204998352e-02,1.303656533452627990e-02,-7.739563066112771506e-02,4.847124506049060866e-02,-4.677430813818552607e-02,1.108017883034464329e-02,-4.786514284763453142e-02,3.253480860499863986e-02,3.207444719938173233e-02,-6.669226976056161216e-02,7.220582210937419310e-02,6.106443565901167533e-03,2.006957542590834601e-02,7.325826648700645150e-02,5.679796816911693996e-02,2.059132989437671701e-02,1.415424812231572647e-02,2.045580737541388416e-01
-1.128178477546470937e-02,-4.907225431926565129e-03,-4.372746030228635838e-02,-2.365415899849663411e-02,4.375753394995754442e-02,-1.791251106923132802e-02,1.048759477875939317e-01,-7.972337624473189999e-02,-1.385538243554550186e-02,-2.681822840862593815e-02,5.627480769972878494e-02,-2.694885120817199636e-02,-4.379607758592797551e-02,3.611737963378590377e-02,-2.801344979084783790e-02,1.834579501419826911e-02,-9.413725644083623112e-02,7.600688432845290055e-02,6.408703145126312846e-03,-1.575587526883262535e-02,7.334958893140210157e-02,-1.129477727361598294e-02,4.880337558570470302e-02,-3.744444661913381295e-03,2.327943519403742889e-01
1.421257357225436113e-02,-2.261980724060949632e-02,-6.861950773625991040e-02,-4.321623517696597527e-02,-5.481069532013470302e-02,-4.656682532934329488e-02,9.311429867567937169e-02,-5.683054046690586697e-02,-7.850010187530558070e-02,6.339432132203302872e-03,5.401409346174010362e-02,4.828529163867522483e-02,-3.475030846737393875e-02,1.714486560393509162e-02,-4.912201359211396112e-02,-2.078998864074463326e-02,1.023943603587400969e-02,-9.992029883988992611e-03,1.269170455306298517e-01,-7.883534145392370740e-02,5.135157714527601586e-03,2.969131532070447971e-02,-9.693374663202393438e-03,1.988093213545244833e-02,2.531512606425606604e-01
-4.479122955228653780e-02,-1.884239813358479232e-02,-1.220753369141834299e-01,-4.862487048398651812e-02,3.974207567748270359e-02,-4.940084442767942591e-02,2.068197302659107728e-01,-4.236752201502401449e-02,-3.009752062697241409e-02,3.995984294920021385e-02,8.639457183464077650e-02,5.127002688351134374e-02,-4.111630003238173070e-02,5.617291869427116363e-02,-3.277551193793613177e-03,9.088376225044283996e-02,7.937639221785233734e-02,-3.724685627243705388e-02,1.196048802157315821e-01,-1.258252762524117996e-01,1.587667900132001819e-02,-1.777064077946402532e-02,-2.722089664875490533e-02,6.884926101218449834e-03,3.648433723869465295e-01
-7.464162993864897899e-02,1.887109776003478845e-02,-1.877134665028401539e-01,-5.870650127975599042e-02,5.701690316362603012e-02,-7.652530794025101668e-02,8.874294023337468695e-02,-7.830772583972964163e-02,5.296575164752011927e-03,-2.570028782532653155e-02,3.354009946134137859e-02,-1.965426169324034633e-02,2.628988877085819409e-03,-3.532586523073508872e-02,1.156159657107357908e-01,-3.225343382028930672e-02,5.490486900698043210e-02,-3.159489903136342148e-02,6.092873634278838171e-03,-7.325963416536805661e-02,7.933999740742959939e-02,-6.687216547673607847e-02,3.615676892193972480e-02,9.112470685416443339e-03,3.273540135862685330e-01
-4.885265014750284074e-03,-5.967741250358352123e-02,-3.665248919726948884e-02,-3.466436395492238365e-01,-3.403411381405915814e-02,-1.501339095934708934e-03,-2.516649211607836500e-01,1.337960072255469646e-01,-7.688542191553529581e-02,-5.398022547126151566e-02,-1.729509935343028770e-01,-2.287072253319039350e-01,2.681596934295260581e-03,1.962154027322561556e-02,2.027873868501317289e-01,2.136333136651805964e-01,3.137796280108252900e-02,-6.054224055256754444e-02,-4.466282770852245121e-02,-5.445911198687627963e-02,5.008645024860894357e-02,-4.400986769489229067e-02,3.587241140169145082e-03,-9.401271209331879541e-02,6.392130510931754994e-01
7.141870208357292693e-02,4.490391336476817763e-02,1.392461953583466472e-01,1.899515877633050076e-01,4.847130462828880271e-02,-1.954878601566092250e-02,2.084798017702976791e-01,7.778300917200599296e-02,-9.049086128582850552e-02,5.498538241000409249e-02,-3.247440890113084677e-01,2.539272815360051894e-01,-1.499107533188895336e-02,7.903003308989768605e-02,1.595488654098255465e-01,4.438758706758597627e-01,8.164797262015582868e-02,4.962044151544120485e-02,2.468160161536681607e-01,4.898191881676396964e-01,-2.303529012953171862e-02,-1.986189277821054366e-02,-4.789147217703206283e-01,-1.620096301773450709e-01,1.044718499922872024e+00
5.745478404075832213e-02,4.009440633816341304e-02,2.136113314754577996e-01,-3.039507961639165146e-02,3.784103469754424715e-02,4.313754134081013158e-02,2.289827494108002126e-01,4.790055990138311626e-01,5.235839792937223292e-02,-2.536050861193136358e-02,8.896541454870310339e-01,-3.177798896768492531e-02,-2.676228773633737568e-02,-5.978194576539191951e-02,2.527469565885959724e-01,-5.470148640633952786e-01,3.234796623727559384e-02,-5.740823284793253323e-02,-2.835863198235056282e-01,-6.688860915663212836e-01,-2.322360548297847105e-02,-5.733333843741819646e-03,2.117190800220656796e-02,2.882060895257637645e-01,1.454704409964811207e+00
-7.480111215719742468e-02,8.605987133201709050e-02,-9.375345002340378375e-01,3.406443255199800291e-01,6.290398479038690482e-02,4.623763607614404109e-02,5.081880523880918377e-01,8.290455985318347099e-02,8.935957435147464517e-03,-5.151460312701041516e-02,1.849325427475016215e-01,-3.359172526974020245e-01,-4.528350217114451848e-02,-6.390879649476324809e-02,-3.464664066637990203e-01,-2.087810685755614737e-01,7.371434924881237194e-03,2.252029745222863810e-02,-1.564492680325363649e-01,7.212175812477598091e-01,2.415779640223283953e-02,-3.549289625240989454e-02,5.725911301137726062e-01,-2.146537240161069393e-01,1.587370286551216925e+00
-5.153900065429428690e-02,3.435589183229631471e-02,3.173366560736381459e-01,-9.645238278905354790e-02,1.688546239722238385e-02,7.284866531484426866e-02,-2.505504419608504674e-01,-3.398058388178589601e-02,3.565096145831103680e-02,-6.561712192967211754e-02,-5.217479305362496961e-02,-4.285359433609737811e-01,-8.807254526727548161e-02,1.714722767606328968e-02,-2.012494618852636030e-01,7.119765286523591641e-01,-8.324271389335341498e-02,2.784767073261221193e-02,-6.966184482124432309e-01,1.587379357034529592e-01,8.872923989114514520e-02,4.156198630976687403e-03,5.030525737916661244e-01,4.007840305983985663e-01,1.367672756059789663e+00
4.276938390063111939e-02,5.674409070667812971e-02,7.292329759705376002e-01,3.234682515727198560e-01,-4.451992637519570223e-02,-5.366342734093404454e-02,-1.496606333121033861e-01,-1.161260291640997755e+00,5.254013285277128742e-02,3.949992090930029565e-02,-1.125810025862404584e-01,3.580266128050652030e-01,6.895831734660737289e-02,-2.903248225386387271e-03,8.216613292162805449e-01,2.729084205889464876e-01,-3.760802536180740674e-02,5.763072866758067736e-02,4.888535745486218831e-01,-3.218442080354232820e-02,-1.645770389192610650e-02,8.192728075585678504e-02,-1.100118547210467312e+00,7.300116834356213946e-01,2.216236790975020909e+00
6.064057211380408097e-02,6.296972039703513380e-02,5.688897851891798751e-01,5.146781252476700930e-02,-7.357910807683733234e-02,-2.768252093236560352e-02,-5.941443832894832688e-01,2.049602605358362417e-01,-7.704713319741543498e-02,1.212451057849936453e-02,-1.095463558106712920e+00,1.554617481673173929e-01,-2.099327663569350300e-03,7.684602413494091844e-02,-1.168901974820177325e-02,2.854939010057614968e-01,-3.064765939772059328e-02,-6.129962161407248589e-02,5.633589783632561021e-01,-8.218392074833648087e-01,-7.623110402424998489e-02,6.721206718169228655e-02,-8.474170251318335900e-01,-1.453771841658151875e-01,1.949368442679961122e+00
-8.305692220944296822e-02,2.310879903906576383e-03,-8.378581497308116299e-01,-8.864606464000599484e-01,-8.871698931328801663e-02,-7.378691228275277569e-02,-6.037399331812000058e-01,-2.836696102794972196e-02,-8.832571317815188228e-02,2.041549694977900370e-02,-6.814736610409550810e-01,4.600000863896036574e-01,3.413030694221627637e-02,2.414950514278202398e-02,4.628403170828923607e-01,1.672092687355717852e-02,8.868171704501898178e-02,-3.074685953217670686e-02,9.254975549785755540e-01,-1.925008480013600254e-01,-5.118070714522783560e-02,6.888391071494287532e-02,2.637407555035453655e-02,3.372310216703489627e-01,1.948849599453334358e+00
-5.638650932841207664e-02,-7.174085500666879667e-02,-1.231147673503060203e-01,-4.378199193652103083e-01,-1.882717482218669580e-02,-4.069961738461871925e-02,-5.305706829975413361e-03,5.381485168549365872e-01,6.466252370872671573e-03,-7.341149444025185655e-02,1.963622951706561759e-01,-4.900594675402266676e-01,9.262165844721798047e-02,9.023569954999346998e-02,6.247316513840475150e-01,6.393932184886252923e-01,5.651195272425188487e-02,-4.449153697448304801e-03,3.312960677885683214e-02,4.574693863240056890e-01,-4.546780295103810404e-02,6.248811331460536744e-02,4.120163491285135926e-01,3.518169818545802130e-01,1.455983734954485298e+00
-8.832316723829693184e-02,6.141351558657631715e-02,-2.349580741612177226e-01,6.941598476668318085e-01,5.342092895658100138e-02,9.186285901474050553e-02,8.409496212286085015e-01,1.407838372110148839e+00,7.990646038206239421e-02,-1.804506370877828614e-02,8.891933425111724354e-01,6.253488917307117312e-01,7.247848617555716078e-02,9.552677940850798355e-02,-1.075787545210395990e-01,4.308955045224345248e-01,6.848716869106327709e-02,-4.270702684881487465e-02,1.425775085977260548e-01,-3.588976390077002199e-01,-1.216909985118510770e-02,-6.151900996091475005e-02,6.987595614064711080e-01,-8.771428693425258327e-01,2.463010414482607047e+00
-4.622156876382270407e-02,3.024659688729640361e-02,6.734138734462424836e-01,4.388651205077437334e-02,-3.638201254530890050e-03,2.039071301590897334e-02,-6.917628749427534585e-02,-3.902281615598639508e-01,8.759626569654969941e-02,-2.629994903325860722e-02,2.758856279412768564e-01,2.531071297812043097e-01,6.599092125328304137e-03,6.290284352469119322e-02,-4.747210235767541642e-01,-1.266951812050358117e-01,-2.856611804147472788e-03,1.784618345230870595e-02,-8.428662311842312072e-01,-5.434744243682142900e-02,6.844115239294544517e-02,6.339627220072586999e-02,9.196732505702147620e-01,6.441289709714840273e-01,1.730033801599859977e+00
-5.730086705616108111e-02,-4.180292622509931139e-02,-2.134607098852262519e-01,-1.968245109926674008e-01,-6.040371838023443629e-02,-8.113520238663629591e-02,-4.653735615770093759e-01,-5.107476808454899375e-01,-4.516730520637197988e-02,-1.416774564523104463e-03,-7.621256598551106043e-01,2.749489760168763453e-02,-4.980675590659484897e-02,-7.856064189120604002e-03,-7.068653710741892304e-01,-8.568683403280721311e-01,-3.492176892459203374e-03,3.730912374683099941e-02,-4.572428859674964596e-01,3.663974977194912191e-03,-7.509198097399677474e-02,6.749450573414056409e-02,-7.740270318816132589e-01,-1.283874916925497323e-01,1.798150629827090174e+00
-5.496872749974152095e-03,-4.782453099099929356e-02,4.178099705391262741e-01,-4.084108491798040808e-01,-4.772256619739953520e-02,-3.559813176140064206e-02,-4.074530113469915782e-01,4.713955963405319638e-02,-9.547618465117710396e-02,-3.059119136595836452e-02,-7.635667536544883394e-01,-4.423575566136387915e-01,-6.349939850630667570e-02,-3.828859268527462500e-02,-1.675934301748559507e-01,-5.582765137348523199e-01,-6.707187031455413839e-02,7.608205899720563159e-02,-9.603036332825215515e-01,2.158533670488706549e-02,-3.336542069178931313e-03,3.726367352786869036e-02,4.655961726380337118e-01,-1.853815745412353277e-01,1.683737817886069799e+00
-7.707274057677884760e-02,-1.952882879045408915e-03,-2.510141154266057884e-01,2.722167365628229696e-01,-2.358487929781802328e-02,8.516720859980767000e-02,1.180829602559703151e-01,1.236144767938174960e+00,-8.972138189801653896e-02,-2.821604433690041991e-02,-3.333800961370315674e-01,-1.893282943539671692e-01,6.680420714998780429e-02,3.546107859708338972e-02,7.338127724319649658e-01,8.244066256560607098e-01,4.946291361753754612e-02,-3.685331803603517087e-02,5.418334354378778750e-01,-1.095316509354267387e+00,-5.565166194396833910e-02,3.417562798667128643e-02,-5.181876596605974328e-01,-3.010739539306854784e-01,2.221053373065704051e+00
-6.108439198515788759e-02,3.371731702277117049e-02,3.720907788085358048e-01,4.504550811599399296e-01,4.010888673949443428e-02,4.671656137902824302e-02,7.874120566124980236e-01,-2.079263438936448105e-01,-1.478437831476289710e-02,-1.826189038421993649e-02,5.088109747306944763e-01,-1.189612859279844392e-01,-1.539347513616670660e-02,8.801858949881444238e-02,-5.558260121049893865e-01,6.070914969880295553e-01,7.062725553461146610e-02,6.885975626218225620e-02,2.989651560569820954e-01,2.559824262275662843e-01,-7.388474164783047360e-02,3.433471703848255119e-02,-5.755255791910486307e-01,2.694481607028959003e-01,1.596075805203958753e+00
-5.469143305305365632e-02,8.193186402618432562e-02,5.213704934876262076e-01,2.410773565867682100e-01,-1.352844711750614271e-02,7.589962503956437789e-03,-1.580434298016606121e-01,-1.378145951274917791e-01,7.882390244344243679e-02,2.106398509584000989e-02,6.259574731975142692e-01,1.345857097729354079e-02,-7.922794032103191997e-02,9.779692697716202421e-02,-4.589226637340705350e-01,1.915929586975904098e-01,3.155155798145619500e-02,-2.575905526974821974e-02,-2.857057258429030466e-01,-4.876713244387561597e-01,-7.631551919922513472e-02,6.015925950284695123e-02,-1.754611823555572991e-01,1.200475122405555289e-01,1.192238226686495040e+00
3.160639662730629906e-02,1.998558732070893074e-02,8.865416235021722491e-01,-3.631872182377141600e-01,-4.273854848836741716e-02,-2.547795460873544804e-02,-4.777885775426669035e-01,-4.759578635422520021e-01,-4.408218414645398431e-02,7.679614188612826631e-02,-1.126770516852749537e+00,3.421636985676080323e-01,6.466246859921226386e-03,-1.198824919335331196e-02,4.974207680020090172e-01,-5.097046005005855251e-01,-1.443577440634599696e-03,7.033201577607307853e-02,-6.726348486084868794e-01,5.434683367486103922e-01,-6.932635294966996153e-02,2.083512815201121748e-02,-1.852464517096889529e-01,-1.012283202775202257e-01,2.020158692492974861e+00
2.561221766557070234e-02,-2.062754924782178589e-02,2.002349514103228256e-01,-3.501691059983529919e-01,-9.221499339690152064e-02,-3.652755853999460622e-02,-1.652967763908075871e-01,-1.608007651047329567e-01,1.900615096955898808e-02,-5.741214558274465585e-02,3.795505170828605834e-01,-1.111424348344814295e+00,-1.650023973234329699e-02,-3.169347612897482902e-02,-1.289356741066989276e-01,-1.583781687008881944e-01,1.991413602393687921e-03,8.976090614254800260e-02,-1.612341081742714177e-01,-9.017666287638868849e-02,-3.221290502515458676e-02,-3.092793605592299155e-02,-6.131227111062771684e-02,-7.415021670991703284e-02,1.306222592770584168e+00
-4.785510533041070769e-02,6.336872426839534889e-02,-3.450083749535524658e-01,5.088168115334663621e-01,-6.041504598718780428e-02,-5.717411142285259984e-02,-5.723369410077037978e-02,-4.027409826762896605e-01,-8.400324441758244554e-02,-1.717164972486012742e-02,-3.781985196143289318e-01,-1.302777986782315822e-01,1.359543285203015928e-02,-8.510763119028830204e-02,-1.329668909161768053e-01,-3.606756530100977409e-01,5.025081019321331333e-02,3.010077972948665970e-03,1.779519890655560099e-01,-8.028704025757832374e-01,-3.696320455425644580e-04,-1.655911935206907937e-02,2.568398742244532573e-01,1.670634810419486249e-01,1.285352968096425741e+00
-7.975744130099332585e-02,-3.984989793642385036e-02,-3.062662656807842998e-01,-6.487778791631215736e-01,3.391596907946689554e-02,5.529490503029235726e-02,9.638980988490121193e-01,1.276298085156258422e+00,3.148292659013066791e-02,-2.135124192955767386e-02,8.879139436193280721e-01,-2.418770546400188237e-02,2.488293290232071464e-02,-7.222579486944769034e-02,2.125231822326201780e-01,1.467536018875672255e-01,-3.139858802480466338e-02,6.669622607168410044e-02,-8.092296358499422304e-01,4.670704915323379836e-01,-9.053266028462748916e-02,-7.443640418633543088e-02,-4.177155761241730936e-01,-6.812410476623846911e-01,2.340645471089557006e+00
-2.297760333517628872e-02,-9.117650855948034039e-02,2.076575316247318836e-01,-8.739400274545523484e-01,-2.342967148923758014e-02,2.552505864354362441e-02,-3.138952943290899134e-01,3.468264345551943517e-01,3.597764855103131182e-02,-4.541609146646624628e-02,8.278071532477598860e-02,-2.545978351489461833e-01,-6.356865618274251672e-02,5.807310618178213035e-02,-5.819205884599120138e-01,9.026063313853274206e-01,7.274910139793087926e-02,1.286969810738239350e-02,4.587589717656220256e-01,1.051983688898947000e-01,-7.814961943027803892e-02,-5.809729911822184012e-02,2.213493541349830784e-01,-1.612333294684835383e-02,1.599140051596710244e+00
-7.359902256620098893e-02,2.924605043591599340e-03,-7.915063800439702257e-01,8.784293131346530004e-01,-4.963955494219890463e-02,-1.659093347292650567e-02,-4.439772422822143016e-01,-2.725240023234431486e-01,-2.197615854456565904e-02,-2.732360841153397280e-02,-5.756219225216098190e-01,-3.735604862854220443e-01,8.463439389552351866e-03,-1.035770489277910988e-02,6.561807936094927740e-01,-1.439781857422601230e-01,2.331646992902983162e-02,-5.503724566277335556e-03,-5.638248183228585786e-01,1.588669061771620927e-01,2.632852827015468716e-02,7.963659523972747845e-02,8.685791942447768088e-01,7.886776817740317469e-01,2.080494706602921351e+00
5.085177582840144650e-02,-4.895017305525828366e-02,1.029056817706655691e+00,-3.201520827152621318e-01,6.582950400301224025e-02,-9.609989537168295293e-03,8.741106490800062412e-01,-2.993472479227596295e-01,-6.285542046989696374e-02,4.633041838728035877e-04,-5.565524461198675388e-01,3.286431891125833893e-01,7.279826551564511083e-02,4.094133239318013817e-02,7.703066177081314692e-01,3.802549590558670367e-01,5.264345518368816756e-02,2.520191513354094054e-02,-1.551810091325224183e-01,4.842360042200299919e-01,5.020732282175170702e-02,7.996321534493290584e-02,2.348558489358592294e-01,2.876315077822803046e-01,1.897358017652416518e+00
-3.675480080782278502e-02,-7.597378398511989150e-02,-6.774642615193871009e-01,-3.894407878335319761e-01,-7.040452241112873932e-02,3.709878171943989389e-02,-5.865785568692586383e-01,-1.498982574619601715e-01,-4.134519917369410685e-02,4.124607659905948909e-02,-2.868255149557854544e-01,4.908300979072720005e-01,-5.002168619834872210e-02,-1.293564886104748429e-02,-5.454979016759335941e-01,-5.351485845694936572e-01,6.666449574775773490e-03,5.965094317559399562e-02,-8.794730339315753875e-02,2.909106961013469550e-01,-2.716607754256447627e-02,2.904345249205854407e-02,-6.357854688835579138e-01,-1.557957196784441889e-01,1.558807399805729910e+00
-4.291945842931732535e-02,-5.328672896787500779e-02,8.693048367650399455e-02,2.448755043915729623e-01,-5.668671353549427361e-02,-3.823763695072655844e-02,2.861587775787814980e-01,-9.450731551776886397e-01,-9.347272126006633819e-02,-8.431863380995857638e-02,-1.390786215985606589e-01,-5.531280381301604265e-01,7.969514055700567534e-02,-1.793920276437744113e-02,1.018010426775860955e+00,-1.909799963743614437e-01,-2.557200515591865481e-02,3.647860591484101966e-02,2.269655776531709357e-03,2.642064386824315436e-01,-5.984820920465420968e-02,7.717990680142915172e-02,-4.428140024735058300e-01,5.431893301798893514e-01,1.745002099356402159e+00
8.731557723473748478e-02,-5.966573990658674553e-02,1.290990611821587697e+00,-2.858419413507622409e-01,-2.438793715364523385e-02,3.816209661478722065e-02,6.239638084715746214e-01,4.901317478068140110e-01,6.357226800291493340e-03,-7.742725971438013666e-02,9.831290525160225613e-01,-2.199712094688148767e-01,8.173858059937809395e-02,-5.151954640544745279e-02,4.000803654627045902e-01,-2.625881837621505399e-01,-5.111195915802105305e-02,1.366089741878080688e-02,-4.203442032341608847e-01,-3.785895166908138099e-01,1.257114562569050520e-02,2.079698494330409209e-02,1.313408854780211410e-01,1.591228882035114478e-02,1.997845775504998977e+00
8.944291276453092410e-02,-4.186949564941522262e-02,-2.751046736363957357e-02,3.677483219743971077e-01,3.079439332872738189e-02,1.654558899614597817e-02,8.278540378817370593e-01,3.147416060136731808e-01,-3.566360576625413059e-02,6.167104062982536883e-02,2.335594375794118605e-02,1.013588955483332166e+00,6.551999827384143160e-02,2.534124863673856143e-02,-1.687270548606442655e-01,2.866405487502634575e-01,5.479867965433989074e-02,6.436070460306346497e-02,3.814113123692159935e-01,1.708850818575410602e-01,3.510393286204190055e-02,6.186170818469653720e-02,4.662968637931175220e-01,3.245616520675717043e-01,1.609216896046347101e+00
5.688668425843002030e-02,-7.418456278211627009e-02,-1.365472052335908182e-01,-1.071745487710672046e-01,5.914233439593848118e-02,8.481435572652781807e-03,6.861257220802347012e-02,3.412234840688440074e-01,6.483927945696119077e-02,7.876646251345681415e-03,1.028154802716046978e+00,-3.481994686484844448e-01,3.587964457900570669e-02,7.589456162724267374e-02,-5.656971616131803993e-01,6.225961130190060810e-01,-6.347676244797487155e-02,8.873938260593904059e-02,-1.255254069199516431e+00,-7.736974537965420062e-02,3.960901148116895143e-02,-7.130147222083131620e-02,3.021694787440205032e-01,-1.200183118116442404e+00,2.278778458024294462e+00
-5.044536693191958854e-02,3.865341515525499982e-02,-1.046075060432009707e+00,9.251664856014900629e-01,4.400748828624580916e-02,-4.461573445458595633e-02,-1.605744944000482288e-01,-3.093584836140254590e-01,-6.762057764369036605e-02,2.773792479868686378e-02,-4.023523583305056439e-01,3.943563913288705702e-01,2.452506825594087669e-02,-2.714822769819841275e-02,8.104922710416023746e-02,-9.435801520431210676e-01,5.468012140018848471e-02,-5.468313524232304434e-02,6.803335766051511468e-01,-8.540423715517053704e-01,2.201354755357598503e-04,4.753219337619482565e-02,-4.817021258290761221e-01,9.969743441648719617e-01,2.393142848673570633e+00
6.708052731125657697e-02,3.002743373271166138e-02,6.864735125468921506e-01,2.974952255503472420e-01,5.359572246930199846e-02,-8.123571153203557049e-03,3.653864550628461716e-01,1.914010408266197394e-01,-7.715529406275933866e-02,-4.305159857079801644e-02,-3.504720329886500396e-01,-7.272327411125842911e-01,3.027935023243581714e-02,-3.174489109139320975e-02,2.848218028202889607e-01,-2.678447567692577858e-01,-4.902186290936348667e-02,-1.364663857861721230e-02,-4.707965517952408252e-01,3.073036679962657391e-01,-8.636979320595775111e-02,2.505085871309072065e-02,-5.270468754919489518e-01,1.321005473688023346e-01,1.474623595187793956e+00
-1.059460941332185380e-02,7.270506968837908701e-03,-5.979748059771765600e-01,6.738268019594953473e-02,-5.455815169695524269e-02,-1.900720622344129196e-02,-1.100008962306984195e+00,-4.440019463090489893e-01,-9.541340614803879572e-02,-8.539855345327151959e-02,-1.513427394652717140e-01,-6.666615898031164056e-01,-1.648106134487137969e-02,-6.854810557233240176e-02,-4.044304645122166753e-02,-6.512930126374735229e-01,3.085248832476086833e-03,2.885447682738442876e-02,8.981042595813587548e-02,7.941157803736449416e-01,3.347619110380070651e-02,-5.071691454888246908e-02,9.198467668833935074e-01,-2.709513101408466684e-01,2.061566339392983505e+00
-4.961455014283294718e-02,-5.920378697926542699e-02,-6.624166296577342905e-01,-8.850012654048957650e-01,6.035172396189486532e-02,-6.008191637328736540e-02,3.711987170131156311e-01,-3.153647788073220271e-02,5.701710175056140528e-02,-6.027687670575028467e-02,1.150330091204137206e+00,3.376820756572539439e-01,-5.280368521171546758e-02,1.949013183763348422e-02,-4.064550468268798289e-01,6.373748023251606387e-01,2.984118361447363199e-02,5.281885895876747838e-03,2.743957513691910322e-01,2.171515508966292418e-01,1.944545555437249273e-02,3.335579668597427050e-02,6.886146928990316551e-02,8.400842008460718269e-01,2.056248632927093034e+00
5.930352351334358674e-02,-3.878175342292511374e-02,3.937645916676806301e-01,3.693756008680318392e-01,-2.264306892634407320e-02,6.345515174932508939e-03,-7.997232491949533006e-01,6.284318806812086988e-01,9.159406109755519054e-02,-5.486700688046287910e-02,3.090619330393763464e-01,7.725013682939052551e-02,1.339608459937391416e-02,3.113851809290571482e-02,5.731905846252743908e-01,2.559770487220870416e-01,4.177098581183014137e-02,-5.504732632306438833e-02,5.313568676175483008e-01,-7.612524060471899112e-01,4.159521715445266277e-02,8.354190997552896070e-02,1.145328259927352599e-01,7.091425678897724794e-01,1.797494064467957342e+00
-5.149068675930201788e-02,5.689913299555482418e-03,-1.138961609167479683e+00,1.737461853630085096e-01,-4.035312227336974866e-02,6.599826020593022036e-02,-1.563933097951808460e-02,5.639861672684497451e-01,1.094266100724508584e-02,-4.913368021537568159e-02,-5.516984653960799179e-01,5.834645600308996372e-03,3.707207038001980592e-02,4.595661524189231795e-02,4.186388765203263862e-02,1.199222040319438687e-01,-5.570543711529032938e-02,-6.976437006671075414e-02,-5.797644565787907212e-01,-4.113299170593459619e-01,-8.574221898238418293e-02,5.560054126406344110e-02,-5.550387236710249139e-01,-1.291540306987228326e-01,1.682098283430588204e+00
1.454842587125332320e-03,6.721914105431103792e-02,2.212479236482753076e-01,4.956022502706159960e-01,-1.464301568322247393e-02,1.319009854322111819e-02,3.154810219578723096e-01,6.913513800757267735e-02,-3.530631409785045527e-03,3.049184148370370079e-02,-4.530165240254211412e-01,1.941086236022911971e-01,-5.978187517040256527e-02,-7.902113451461612037e-02,-9.594291935096439516e-01,-1.274391380861356504e+00,-4.509169617630773286e-02,2.144525855378068280e-02,-2.000602629668042642e-01,6.633050964296524077e-01,-7.630376847289854769e-02,2.926002779504761897e-02,3.887647029175290703e-01,1.278825762222905449e-01,1.964355037265142601e+00
9.058621026892489658e-02,-7.219702588526866194e-02,1.207060833224061103e+00,-1.281316442393250155e+00,8.692649453962375539e-02,-1.346558230231670317e-02,1.176150143927018332e+00,-4.271027942667993682e-01,4.508647510342728149e-02,5.213054711221161430e-02,5.446673656600972135e-01,3.577354901462193593e-01,-2.130001560526272042e-02,2.324342421575309459e-03,2.911148952163468140e-01,2.902691742372657813e-01,6.391865479541697370e-02,-1.279149916424970890e-02,1.021512393994651990e+00,4.766426175068316784e-02,-3.409421117109454058e-02,3.274273709419192602e-02,3.726999867592449278e-01,2.034049214716500686e-01,2.552849826240522368e+00
2.643107006741827331e-02,-3.152503445355414602e-02,-5.672750992032470074e-02,2.007036046936465645e-01,-6.117831003117987776e-02,-2.949038605441374472e-02,-6.162400473058480266e-01,-5.263943568811576545e-01,-1.313736644591531610e-02,-1.056894754441270456e-02,-3.634374073223208823e-01,-5.241661493011119388e-01,1.626462628523298037e-02,8.967552133556822014e-03,2.931380869315081683e-01,1.202974328091718087e-01,4.322460104474806775e-02,5.108120715219310881e-02,-1.648267557424291097e-01,1.256909311896617087e-01,5.343809327322839031e-02,4.503518579601074878e-02,8.685796048357687926e-01,1.303475254413900553e-01,1.427677747270518216e+00
-6.080607757973250510e-02,3.637106788269151014e-02,-3.366470460843187240e-01,2.191393031332460328e-01,-6.899677516383800890e-02,-4.497141641548352275e-03,-6.999447092702965056e-02,3.940031125254386257e-01,3.377332696208531354e-02,-8.350917616611483463e-02,-4.784702527859263643e-02,-3.139845775591160737e-01,1.913658209081053885e-02,-3.238492995348962733e-02,1.363108043475900755e-01,-4.248044140910959832e-01,8.532148033542369392e-02,1.469943624517938696e-03,6.009234182579439310e-01,-3.425814347146055594e-01,6.522920288390612886e-02,1.541412454842501500e-02,4.808397837477685344e-01,-3.556390221236673810e-01,1.220109755692486253e+00
3.509116412318683681e-02,6.867865723389221522e-02,2.610138631367865947e-01,4.274710431739157102e-01,-6.302048511957897281e-02,-7.155330086129997602e-02,3.100138153604590774e-01,-6.240230719958839156e-02,-8.609967787715896992e-02,1.803897424375433545e-02,-9.066019172297268280e-01,5.084465578027901334e-01,2.357266479657521563e-02,4.895280616361991077e-03,-7.874563686396961193e-02,-1.513663202537898073e-02,-3.270206617732701604e-02,-2.170672656596708827e-02,-5.272919586033792960e-01,-3.324246123217004523e-01,2.907015546376129356e-02,-2.097772309222138698e-03,-6.689547888376980167e-02,-2.476997493188937416e-01,1.384867595569668985e+00
-4.870368233665593044e-02,1.835965497454838946e-02,-1.915109106066884559e-01,-6.267468943161038641e-01,6.890253445670793675e-02,2.045533354422721106e-02,9.661108892007088667e-01,9.274046769811064017e-01,-1.862114594478718466e-02,-1.118326049231621599e-02,-2.063927200087284364e-02,-3.387780905254103025e-01,-2.113466068130070985e-02,3.607955492327794000e-02,-4.614474567639390568e-01,-1.563028969464934637e-01,8.765828820835344648e-02,2.714538434060762007e-02,6.227194607076678157e-01,2.431900816898246998e-01,1.550624988209631239e-02,4.073882265091312294e-02,-4.393191399006769471e-01,2.441957332415153892e-01,1.815342607600350933e+00
-8.001198174387219586e-02,4.426909045641902463e-02,-2.942505128718220786e-01,-3.234548820184530715e-01,-4.035677641037539731e-02,6.927558486520674075e-02,-8.730778229921269951e-01,6.555067849815551240e-01,5.357906555403893489e-02,3.527095563367710351e-02,1.885359924846898849e-01,2.504796943239904761e-01,-9.219340446876041206e-02,-3.710260466736764462e-02,-5.311432062776859642e-01,-3.540613085697787987e-01,-2.152091926089821916e-02,-1.307567057440925384e-02,-7.919929260027716023e-01,-6.377499563172254193e-01,-7.644049347430578734e-02,8.035497186774123723e-02,-7.933327671597230069e-01,5.639469651175611498e-01,1.977883806560927660e+00
-3.707385860660337984e-02,9.013004322489553966e-02,3.511812232296007696e-01,1.999355981018593464e-01,1.578065219201199576e-02,6.936463511818763417e-02,3.380130239837925710e-01,1.734657287456564112e-01,-5.721594749310274231e-02,6.469864458366353377e-02,-3.813515132159536747e-01,4.513059788122878446e-01,5.202277166573240907e-02,-2.082723545778214502e-02,6.110343753179667825e-01,2.794212428572715456e-01,9.653086251118658812e-03,4.111474742253162784e-02,3.269681051825679696e-01,6.008102063730321740e-01,-6.887528842317941491e-02,1.091011303317558113e-02,-3.360307769356937757e-01,-5.352318005371867748e-01,1.416780261376924921e+00
-7.682042438814955243e-02,5.210317800656227849e-02,-2.295063026808253082e-01,-4.802435432153926431e-01,9.632268812546718184e-02,-3.005337763220497505e-02,3.608564312673078200e-01,-1.002298670398153568e+00,-7.728718223399450027e-02,-6.091481835170109438e-02,1.830617091866892365e-01,-8.316085391675578364e-01,-2.687270088481813479e-02,-6.968214825478732943e-02,-4.592311946157853209e-01,-5.888189782980856046e-01,3.715555337610559894e-02,-6.565376125083877135e-02,4.558694014689482765e-01,-5.123094797753746654e-01,-1.479529369621002122e-02,8.154308296635440212e-02,5.866391748745637402e-01,3.959569693198043971e-01,1.928376508736657335e+00
-1.001967653462518398e-01,-4.881088493250460014e-02,1.020307273126175307e-01,-7.902671734354940192e-01,9.777505485550105901e-02,4.722496273608028927e-02,1.073115295385740076e-01,2.919583971750973617e-01,6.742304357733300280e-02,-2.214026516491346408e-02,1.062071982456488151e+00,-7.373998237074461115e-02,-8.215834217187731325e-02,-1.835075684146858510e-02,-3.574126824415924109e-01,4.275342829873224892e-01,-1.542834244980528791e-03,5.553849093761897837e-02,-3.090304742295274520e-01,8.498679930970198804e-01,-7.346426131644032131e-02,9.285631755777970509e-03,-7.734668403122622882e-02,-7.652867857991003664e-01,1.905250274227507035e+00
-8.230025950432308390e-02,-1.125065575391873129e-02,-1.464644651077408044e-01,1.265845119688779885e-02,-4.631855797023297361e-02,5.303035060653921162e-02,-1.161495830690341791e+00,-9.731399621851227755e-02,1.283522527552841130e-02,2.761729103408722130e-02,8.954656128904028844e-02,6.829714755671095761e-01,-9.508232772654817699e-02,-7.444804581055010362e-02,-1.118879813621002917e-02,-3.525325549364402566e-01,3.919951572564345232e-02,-6.223955986512696992e-02,-6.556244917732728661e-02,-4.257018962536617268e-01,-8.718187479673111806e-02,-9.920003386966796954e-02,2.704958166572546049e-02,-6.862350403898780371e-01,1.639029671750745099e+00
1.627948695920578004e-02,2.843886145181058478e-03,1.120739767726971703e+00,4.143856507550802704e-01,-9.588029237613723832e-02,8.778875346991751871e-02,-7.603349935714345254e-01,4.890590126291866069e-01,5.856999515528535372e-02,-1.081649366070686069e-02,1.321825039001583435e-01,-4.095830808292259539e-01,6.770980960258349279e-02,5.505758715248582069e-03,1.015996335580472199e+00,1.768558720535708395e-01,1.938149524582255534e-02,3.647434211008543370e-02,-4.190079795590361811e-01,9.017689932888401927e-01,5.413817442705612382e-02,1.918561370522167686e-02,8.251289053827978170e-01,5.643432288616706538e-01,2.347814857399458166e+00
6.913278670307917984e-02,3.500932782168314494e-02,3.196239439688612904e-01,2.559072708815010033e-01,-7.689446107004645203e-02,2.525903927735415055e-02,-5.949330276667826045e-02,-4.065602926757244662e-01,9.150736768143244437e-02,7.883479139223359411e-02,6.148254036398153044e-01,4.009811787387138060e-01,-7.403235489107448664e-02,-6.085068716586478077e-02,-4.546537587726122709e-01,-4.155959909358766247e-01,-7.201042406016772146e-02,5.117822550294365280e-02,-5.767804994450017597e-01,5.725709565136440915e-01,6.938301973207985918e-02,-3.975174594201189016e-02,4.883432560387629962e-01,-3.755213730049573040e-01,1.531417794654515330e+00
2.871286103067201972e-02,-5.563112433119013489e-02,-2.470818848717554195e-01,-4.473658085598940515e-01,-3.360140459404688251e-02,5.110812880824922022e-02,4.320408788500045283e-01,1.773147741929840537e-01,3.127770418308289946e-02,-6.719307195066720473e-02,-8.716083963979526228e-02,-7.460908550571350162e-01,2.910769790915268551e-02,-9.447417719030390404e-02,4.262202670290297091e-01,-3.102656747493710565e-01,3.420301310252030214e-02,-5.107265284566303576e-02,9.948856513889101638e-01,-2.292141830422347315e-01,9.147816718602574948e-02,-2.770360366380206218e-02,4.987468461065257541e-01,-2.373092753880503836e-01,1.644598263873309651e+00
1.361273290984072598e-02,1.010480702289168198e-02,-3.142573829997481472e-01,7.270913598695627478e-02,2.552167609012796767e-02,6.339135742018954522e-02,9.572842537458755574e-01,6.881547564525064553e-02,-4.344128400271407564e-02,4.823657001497977381e-02,-3.388620502525918621e-01,7.071361987240898372e-01,4.118455718712277225e-03,-8.374224921805081823e-02,4.195420555553092123e-02,-3.557513855080485232e-01,-6.376604264142279876e-02,-3.291597434305204573e-02,-3.210976172640706561e-01,-2.498119130917599295e-01,6.590720957156932791e-02,3.590705356852749719e-02,-1.578067345747419248e-03,6.220452948888288702e-02,1.401686988285800961e+00
-3.413746546916897329e-02,-8.661091740212484291e-02,-1.651820382173405100e-01,-7.254686906603311503e-01,-7.825773944692138162e-02,6.717665478607179330e-02,-7.134261452471604148e-01,-3.246764214429298523e-02,-5.293706657213825828e-02,1.898016507317318302e-02,-1.276852272619019013e-01,1.162621443034351637e-01,-3.363976453706199465e-02,5.392545818451252582e-02,-2.448127789832825196e-01,8.073616553591872469e-01,-4.869372536326674328e-02,-1.684226652556775061e-02,-2.925735245012229813e-01,3.310843437945826251e-02,7.321152232467934007e-02,6.603903283593859364e-02,1.429434377773625975e-01,3.153658337467366568e-01,1.432017156941194580e+00
-4.172627102200610061e-02,2.136973938498165637e-02,-4.098486490161085127e-01,9.000059638805332218e-01,-2.335900092951114643e-02,6.115786343734104513e-02,3.887793449874565183e-03,-3.489180385597237533e-01,-8.481801964544471995e-02,-1.906879453539844782e-03,-3.335472217345333279e-01,8.222630255876439698e-02,-9.158057123383521458e-02,-6.737147555437193736e-02,-3.643270462528888642e-01,-9.742050281949852231e-01,5.564747781298344520e-02,-5.964203566067632911e-02,1.159560507769645366e+00,-5.572720394292151047e-01,1.920741816988630335e-02,3.252522357273246456e-04,-5.523573877693171985e-01,-6.621070583631143425e-01,2.175274101543525518e+00
5.996598049665477492e-02,1.642384826291898303e-02,6.451078691438963952e-01,4.856360456521250368e-01,-9.655072852049681464e-04,-7.001744060866184338e-02,5.844481733676732960e-01,-9.878963225665940984e-01,4.081014004011984664e-02,4.138545501470503041e-02,7.307181672987913545e-01,1.824715157320783987e-01,-8.875083529319648112e-02,2.701309150516785496e-03,-2.628610075939039614e-01,3.705621279190253192e-01,2.112213175395387388e-02,-8.921730144697415099e-02,-1.161104913501151553e-01,2.273938853694840168e-02,-7.549578838918186152e-03,-5.042416738855637348e-03,-5.801555675090369624e-01,-4.648029448080591153e-01,1.827107819394732990e+00
-2.594758456872764407e-02,-5.593344326608629125e-03,-8.169469385500280900e-01,2.034223082011029637e-01,9.293847005754533874e-02,2.747408317139805184e-02,7.593597863653804847e-01,4.986752474835658422e-01,-7.499169630292795707e-02,-7.543603285607058950e-02,-9.582161002018387830e-01,-8.628132849235546908e-01,-1.211706394566256645e-02,7.595811452618295156e-02,1.569927291211292708e-01,9.087584822890925063e-01,1.272408374974888512e-02,-8.984341610756341190e-03,-4.334010883075557485e-01,4.668207920991757076e-01,-7.347550688428897137e-02,1.612926570556671990e-02,-9.214905925178051849e-01,2.712138019191682181e-01,2.325702034176499566e+00
-6.875277385082978476e-02,7.488200636975705926e-02,-3.024497430812743692e-01,5.387857608287462963e-01,4.302136586031886367e-02,-5.863889366114047319e-02,-4.289316876072525320e-01,-6.632643348576447995e-01,-3.987780888485220609e-02,-1.160549808196051358e-02,-1.991755806562872655e-02,3.682392888373741124e-01,-7.613681624206747323e-02,9.127387956471427755e-02,-7.738754674021181001e-02,3.564088978969827126e-01,5.189035775463593514e-02,5.127766671293249034e-03,4.200247066709347221e-01,3.541892832091309007e-02,7.602199202370794884e-02,-1.589051850473502392e-02,8.713664820754054574e-01,2.838854311105360462e-01,1.527237278570683143e+00
-1.997571932921515803e-02,7.098941447151718709e-02,6.852939034396831053e-01,3.117297978581906603e-01,-3.326771165705105088e-02,-7.153462080031409986e-02,-3.641741154111852730e-01,-2.893034096608616546e-01,3.539854545292797638e-02,6.170002850552908091e-02,5.337105648202320474e-01,6.594824331724407074e-01,-7.721001154442955206e-02,-4.016357533818432080e-02,-2.341200634374107081e-01,-7.306971061596279071e-01,-5.486782244644705653e-02,-2.568654532961504866e-02,-4.916746397567384741e-01,-2.231580649582237674e-01,1.225341386747533234e-02,4.151661545364490613e-02,-3.584626682782748874e-01,7.221382608744633114e-01,1.750137296834158418e+00
3.058855347896638488e-02,8.773237603052097544e-02,6.870797468325235968e-01,2.956468980283609715e-01,6.416304340894091185e-02,3.832652065159195681e-02,5.829544111096223169e-01,1.290744771203621077e+00,5.943971223967742246e-02,5.252640575997771788e-02,4.487260976044696315e-01,3.604886698627449149e-02,-5.098586126443921396e-02,4.120997440585039140e-02,-1.259039836863510287e-01,6.379119961633294977e-01,2.574225259107289221e-02,6.439774232705211543e-03,3.272012077539378505e-01,3.671033989885718607e-01,-7.255087607750941581e-02,6.719314394795505851e-04,-8.190242112048622403e-01,-4.465929482115047477e-01,2.081737201895653921e+00
4.803184639646829179e-02,1.741065061676139170e-02,2.957445333237873619e-01,-1.835112614924387098e-01,-6.141949561612231046e-02,-1.879061837654451284e-02,-4.245465750852259745e-01,-4.512921285679074579e-01,-8.382289309724672011e-02,-4.429303867285419583e-03,-7.148806992801447491e-01,-1.994770708249395119e-01,-4.012157498205692896e-02,2.291899798678792566e-02,-1.306555230365218923e-01,3.142012078235024153e-01,-2.208823328728388991e-02,-3.521868337395126641e-02,-6.914397746463868399e-01,9.417174546174067462e-02,1.899031807362211444e-02,-8.224000082667870526e-02,7.833452387554304952e-01,-8.004283825973600441e-01,1.713979537411771004e+00
5.886873284074112256e-03,-1.538058954420118418e-02,3.230302603550977425e-02,-4.307170861785772353e-02,-4.433122748455003981e-02,-1.471843773411993239e-02,4.188289201939607298e-01,-2.374478360718746406e-01,1.369242051018595974e-02,1.997701541759525079e-02,7.286725104669293795e-01,-1.967066866474559972e-01,4.957594118837055364e-02,-7.640994552760849157e-04,9.274652459358476708e-01,-4.649737531028308446e-02,1.256087889925099760e-02,2.520187803333322901e-02,2.385541785700020512e-01,1.734641739539177219e-01,2.318690428767184591e-02,2.332919183035203625e-02,2.026372718721524413e-01,9.537571612414152966e-01,1.646752579742112532e+00
-4.668447208865889042e-02,3.133526150407295319e-04,-5.712032838500811227e-01,1.001353932704588112e-01,-8.647993946528387266e-02,-9.309798303430827371e-02,-2.613400772587330945e-01,-5.438175458210132707e-01,-4.699777369234731106e-02,-8.537970282591314519e-02,-4.283748812032134312e-02,-7.867516853949216848e-01,-5.920395622748220177e-02,-2.885202626165286888e-02,-7.210762238322199202e-01,-3.296374844676753790e-01,6.184660709090836900e-02,2.081784310276546535e-02,1.262549541438596490e-01,-1.471756901825313490e-01,7.744162571723410549e-03,-1.721678320542177620e-02,-7.298894308597878022e-02,-3.226805911609266220e-01,1.460681009310688117e+00
1.450879616305988939e-02,-8.183963563414275999e-02,8.010799275188427160e-01,-6.757062781730929224e-01,-4.997240465844952906e-02,-9.159118615858358181e-02,-9.187487644249914265e-02,-2.215093458623475231e-01,9.257101007357076972e-03,-1.116417415984793243e-03,2.849164254538697483e-01,6.191614995125072074e-01,-8.224277654055917042e-02,-2.853201524836931902e-02,-5.168464194396016342e-01,-1.582082319295764483e-01,-5.739908817876199221e-03,-2.517402676712982013e-02,-1.827748222179615412e-01,-2.406286518267797270e-01,-7.251603449645227517e-02,-2.195722126680776931e-02,-4.490670762852224107e-01,2.900075288947260299e-01,1.523632132943973705e+00
2.274324710798469873e-02,-9.301732016734876041e-02,4.754827941052979234e-01,-5.343149071055810495e-01,-7.830196632759417463e-02,-6.422242525937926771e-03,1.307783186468593206e-02,7.753222475978538419e-01,-2.668667230293925163e-02,5.088051766891186350e-02,-1.444423321623191647e-01,1.320794968011029802e-01,1.685186081240197531e-02,5.699918911937046362e-02,6.025522309753026384e-01,9.640371280943395016e-01,2.572963625138266486e-02,-1.300661116242654569e-02,5.120787703374485300e-01,-2.293911982012378781e-01,2.180308799906153366e-02,-3.783995242637477191e-02,2.690919438348635673e-01,-7.444941359778431411e-02,1.691546541059724351e+00
-2.262834949504899384e-02,-9.211577746525873023e-02,-4.631622699934058174e-01,7.632284096295946507e-02,-2.470677529681555851e-02,-3.267270161407492823e-02,6.350218062408571340e-01,2.997738639618716672e-01,2.496311599843434315e-02,2.684496672734801304e-02,2.394749217936343877e-01,-7.078412631671310296e-02,-1.319931897050907743e-02,-2.348155563561585280e-02,1.363168332912485792e-01,-1.550946180501615035e-01,9.663558843618547112e-02,-8.439553240539965362e-03,5.805160614751556647e-01,-2.574912463720697708e-01,4.113114268085409087e-02,-6.635611061569034186e-02,-6.806720199440381702e-02,-6.459591513175870769e-01,1.293020904081044531e+00
-2.791642336662736312e-02,-3.266071643702889160e-02,-1.963319076291587528e-01,6.852523582528152746e-02,1.380214929888601283e-02,-5.513397628601607314e-02,4.084432230849432965e-01,-4.204597237447718072e-01,1.627813995123494895e-02,1.305352076589458288e-02,-2.442550240643586168e-01,-4.880859398414779671e-01,5.006009594582694344e-02,5.527537219601771912e-02,3.334611153113733462e-01,8.088581341456764218e-01,1.137023104374260130e-02,-4.313694004514556646e-02,-6.832003358210911870e-01,-1.289649523186582880e-01,-4.346457868680637937e-02,-6.689615950911823039e-02,-3.506820619402867267e-01,-3.293353395977487996e-01,1.477989208850735148e+00
7.576837422817450651e-02,4.034242271255528145e-02,4.237849805519525725e-01,4.579317738863476484e-01,9.969864151277874065e-03,6.262539678163445145e-02,2.784138542880273959e-02,7.734816164116209425e-01,-6.172915107375494259e-02,3.990833975840545056e-02,-6.733696822676573657e-01,1.232272682969986211e-01,-5.680021445908500777e-02,6.597020157716082522e-02,-3.483346496083638000e-01,5.279095861527430822e-01,-4.646838361454194710e-02,6.802261278138765910e-02,-5.371440162383087635e-01,6.420207460870377414e-01,7.696822984461725026e-02,-7.285668716928386801e-02,8.798563629131109787e-01,-6.072287398477219100e-02,1.837911865047097359e+00
7.568642514863599402e-02,7.395401850585403558e-02,4.389293320689693911e-02,6.679176008071021631e-01,-7.640822006353698015e-02,8.623793647383651284e-02,-5.574850169319843785e-01,2.539326322244181977e-01,-2.181198399101424990e-02,6.642990988398544960e-03,3.407516167648320105e-01,-2.578803562312947939e-01,1.532333074574132592e-02,8.478236602977196057e-02,4.463411697345354145e-01,5.961051833800803390e-01,-1.011914437837220238e-01,8.917154700511575882e-03,-2.642445290812786007e-01,-1.511178115615327278e-01,5.774162083557048131e-02,3.446009928389515142e-02,-2.713231774551621012e-01,4.808604133543549208e-01,1.416068066665451930e+00
-7.207919180732147435e-02,1.096463666601965592e-02,-9.372984579447450892e-01,-7.338611005316186819e-01,-9.048519170904373299e-02,-7.634014182077819566e-03,1.313493070718442235e-01,-8.938409166699162745e-01,-4.856605084493537117e-03,-8.391725647295444901e-02,-1.365576465219951463e-01,-3.971416195924818426e-01,-1.192745257674188153e-02,-3.117833016104538252e-02,-1.668786161194197037e-01,-1.081931828048011690e+00,4.600259224388247858e-02,8.475853100738989232e-02,1.282659787306372312e+00,3.699689889445385571e-01,-7.832692236538862929e-02,8.864237180791606496e-02,-1.072823319714270474e+00,6.530376011559350102e-01,2.648134185708853394e+00
-8.708667650652623937e-02,6.215814531796265419e-02,-2.640592362896119760e-01,8.593685204069467787e-02,-1.278150643385911334e-02,-2.422972738714901375e-02,9.065982571391864031e-01,-4.934073504318239878e-02,1.546782306609578717e-02,1.494366275704105129e-02,1.500597857448238148e-02,5.011023316082870993e-01,-8.342768524612664827e-02,1.935267422807149251e-02,-3.675496643476741099e-01,3.524441943653897624e-01,-2.151004163357067567e-02,5.324499281176370280e-02,-3.003887339630643138e-01,-2.302266124483163257e-01,2.651304967532266965e-02,7.065182686626675368e-02,9.788163315575001411e-01,1.475180571699325482e-01,1.601303897214138905e+00
-3.480474218974805023e-02,-3.785127669793253435e-02,5.093561366284753422e-01,-7.403405466393210288e-01,7.099996836381827769e-02,-3.674225976942802063e-02,6.814742027582403328e-01,-3.665543424969461284e-02,4.839081271015410746e-02,8.386635066635321489e-02,3.001942500436812766e-01,3.408070899228926587e-01,-2.311198289555260743e-02,7.635021093124504110e-02,4.677575874851458426e-03,5.659513013674639659e-01,-2.822311141844213722e-02,9.132820922740902958e-02,4.528601435355728011e-02,-3.079748552829805752e-02,-6.539272967751771914e-02,3.922340347309499764e-02,-6.982507457856392818e-01,-4.028586344092197069e-02,1.527019839428199965e+00
-2.038911747836802402e-02,-9.111655499047775775e-02,2.273258640386011664e-01,-6.573971373201926705e-01,7.070035699152132924e-02,-1.501849147752931657e-02,-2.626207877805665225e-01,-1.514245208832710465e-01,6.152980392073637006e-02,7.192264757143186638e-02,4.905320821237822981e-01,1.775629724232465900e-01,-5.356739315585656858e-02,4.238278975248530034e-02,-3.503031810879603247e-01,-4.194388343705647282e-01,-2.691634493691807961e-03,7.908151980273114834e-02,-1.404251546116029870e-01,-2.080693245049741180e-01,-6.606071402099762679e-02,3.560867561674457837e-02,-1.643662293980469591e-01,-4.326809978715948080e-02,1.130441889419670609e+00
-1.599321799099162611e-03,-2.778119334910163218e-02,2.705694184734394048e-01,2.237724989375068085e-01,7.266401462700078362e-03,1.703407036099574556e-02,-3.938672796826224731e-01,4.382948417990384371e-02,-6.647730868552004235e-02,1.510682568159825087e-02,-6.250591947225019318e-01,-6.160085935027315163e-01,6.347885017756449422e-02,1.032595575753170181e-02,7.453194413345685110e-01,-6.157579442034049055e-01,3.309210255139910517e-02,-3.309610973486787344e-02,1.861588763391937018e-01,-6.541308864833194070e-01,4.581421533138407831e-02,5.614473249573938285e-02,7.966063703419706821e-01,-1.578887172295936336e-01,1.767640903374989136e+00
-1.472145944956804176e-02,-4.111498449638001373e-02,-1.238165861323337058e-02,3.623435394135088305e-01,-8.348456149148042460e-02,-4.865139425550718544e-02,-5.213258080551361751e-01,-2.678278050225190166e-01,-5.306014464429764654e-02,-5.224270867175254823e-03,-4.144296971195582380e-01,-4.600321566100997739e-01,5.754124417226558208e-02,-7.595176379321638693e-03,1.090615894858661949e-01,-3.873084896240107100e-01,-7.245851417169291153e-02,6.190687502282382626e-02,-7.530939787923536244e-01,9.506157823466285794e-01,8.778939936562696333e-02,5.161776994674727170e-02,7.926548398779221793e-01,1.727631340842068763e-01,1.784970938736704094e+00
-6.998273106880670280e-02,-9.192597315507455846e-02,-9.828281525284232600e-02,-2.526672739551857894e-01,1.550898978960690844e-02,-1.350104015502961996e-02,5.948529857051292336e-01,1.088374344273478483e-01,-7.882390126333199687e-02,6.172883982755139609e-02,-2.461780285925782019e-01,6.071220330602006277e-01,1.133782677753492063e-02,-5.254886171782843785e-02,-5.668910043799793574e-02,-3.733182366500100713e-01,-9.165549365842462493e-03,4.565295193691015774e-02,1.553058154682969150e-01,-1.175531810062147367e-02,-6.627639706334562120e-02,-3.926142056960091331e-02,-1.083667255996885626e+00,-4.283969592149012295e-01,1.558165655289363905e+00
-8.791502654638549963e-02,6.784401158409086863e-03,4.896097564507484456e-03,7.110764626631775887e-01,9.937433111324397994e-02,-5.019508524544785688e-02,4.536771209782571312e-01,-4.694969382843052763e-01,4.915592682006109104e-02,8.175143614160898520e-02,4.943821279052047490e-01,5.815136188827074726e-01,7.966154868107061526e-02,7.986952051480908366e-02,6.462940671784112023e-01,7.513213811889414284e-01,-1.406267205820599386e-03,8.272628346054400339e-02,4.047356405893748343e-01,6.387404262406706223e-01,2.243270777310055197e-02,-6.684034380687634003e-02,5.097107899397237407e-01,-4.511280835128520517e-01,1.893565050367293834e+00
-7.693116974625319182e-02,-3.533260306410729301e-02,1.021592800784272281e-01,6.991749184696582908e-04,-9.393089449294039772e-03,7.347774625622155442e-02,-7.080361741931918695e-01,5.292446975458285907e-01,9.790809803525346577e-02,-4.256348750011995641e-02,6.173255089066513879e-01,-1.076409208406810203e+00,5.994367288659474546e-02,1.068877949973295882e-02,3.777467905925873670e-01,-4.798266932611330859e-01,-1.605407551863624604e-02,5.528358734849648376e-02,-1.797156159076963300e-01,2.127714907738507688e-01,8.368767085083943236e-02,7.891621805624737807e-02,4.712932434876367371e-01,7.035847609610867970e-01,1.882431629768009929e+00
-4.711102541001677135e-02,-2.878471850178149216e-02,2.748401259070454294e-01,1.159013927496120588e-02,5.755042621119793589e-02,9.562433818412396924e-02,4.080892933086591734e-01,2.283059202278160948e-01,8.740000253791591067e-02,-2.948752599080495251e-02,-1.288612074669864271e-01,8.139858169726377213e-02,6.145069271977182668e-02,-3.443548762778358974e-03,-1.920541863232699820e-02,-5.613964288721776663e-01,-9.660346864564628433e-03,-3.940427885869868252e-02,3.097947948934516305e-01,-8.363833541929683868e-01,3.263209506235130453e-02,-3.663580645424516224e-02,-2.757340425244245163e-01,-7.455619664466583973e-01,1.446496774009299990e+00
4.093863984424350733e-03,-8.732746381884864961e-02,3.565496328590557207e-01,-1.029699107240870104e-01,9.767877185895160186e-02,-4.512815374779166611e-02,1.278188620263657760e-01,-7.413793926629136388e-01,-2.479352658150252298e-02,-4.113638932726526587e-02,-6.274303866259276496e-01,9.988522041005148955e-02,-3.910009083287729892e-02,-9.493381610437295892e-02,-4.697587561490377817e-01,-7.881160712505707044e-01,4.392815105787473140e-02,7.906280718557592846e-02,4.810708015488873168e-01,6.865288859917316744e-01,-4.787181209974058355e-02,2.024022961930310727e-02,-9.857470673028252417e-01,4.675349453560557755e-01,1.971077272330337582e+00
-3.852758216146831560e-02,1.180081391725262829e-03,-1.335701294519040516e-01,9.428397021948191625e-01,-1.926401864129113906e-02,2.045169192120391277e-02,-1.081875903267952577e+00,4.463237378344047102e-01,4.207026718291073664e-02,-7.893454924391657412e-02,1.862345332483881233e-01,1.745713443819990607e-02,-5.790890600424425383e-03,-1.123966274688426026e-02,2.500737116885759503e-01,3.484416588744165266e-01,-6.497485936948321772e-03,9.393032759426866996e-02,-6.107794598841506106e-01,2.865067031023840749e-01,3.521037154359855231e-02,4.153926735403409842e-02,5.798884661612506708e-01,4.287176285164019385e-01,1.868918830511143048e+00
5.745402658753559488e-02,-8.339604023415578271e-02,8.976573910367009468e-01,-4.805296170325173977e-01,2.664706332905951436e-02,8.919036725879017635e-02,3.233209230981336502e-01,9.184618134277595658e-01,5.992266189262962506e-03,-5.406056366330325158e-02,-4.478576246059424171e-01,-8.972409211127241324e-03,3.119950895302105870e-02,5.307638318239465969e-02,5.311053968050946095e-01,7.309269588318741961e-01,2.219084110122171438e-05,9.550936599672864291e-02,3.359585761720569330e-01,1.136488995277008390e-01,-7.851156251611166037e-02,5.473539589155473895e-03,-5.386777477176361018e-01,-1.342838998185819088e-02,1.859815662789366275e+00
-1.752852529092291389e-02,-4.638694947300217586e-02,-2.309374998885850294e-01,3.953754944897375778e-01,2.738529884000115433e-02,-4.834281634022524754e-03,2.190077319530402966e-01,-6.392370684838876160e-01,4.274799460059958145e-02,-2.036399972048041906e-02,-1.022409199884371234e-01,6.321887986083901678e-02,-7.453825843089938175e-02,5.996104510507538343e-02,-4.911788942752970955e-01,4.065204809090878224e-01,-3.472669798980010381e-02,-2.568968726750553433e-03,-1.168697993816942282e-01,-4.338099966923747441e-01,1.360129133237659646e-02,-2.362853308003023955e-02,7.490971646832231823e-01,-4.839461013850886451e-01,1.449478993570337382e+00
-1.852400228208744837e-02,-4.330412478194006765e-02,-4.693344974035584816e-01,-2.519518666057762868e-02,-5.224313045838739622e-02,-9.059128382735759377e-03,-4.263961648671428795e-01,-7.829207474836588632e-02,-3.692231734561707279e-02,-3.036491383236622488e-02,-3.916577144369683960e-01,-3.568688884539384931e-01,5.420205262573793425e-03,8.592925689543520762e-02,4.311920545063802068e-01,6.878322095961193483e-01,1.817781157203346432e-02,-8.534729863196137412e-02,2.008469546103464620e-01,-3.391785882372583272e-01,-7.382134575948381960e-02,7.692926374971448267e-02,-4.080091021818970654e-01,8.643923687150891766e-01,1.565688895212990150e+00
2.976530595750398467e-02,3.077454492996045676e-02,7.139807871829706443e-02,2.519339609330166763e-01,-2.976874011617260118e-02,-8.424303786271153394e-02,2.766447468050096115e-01,-7.909862947046072401e-01,1.141381057593454651e-02,-5.219336025892667985e-02,4.598238401157736521e-02,-1.165676081274618914e-01,-4.239770849433652233e-03,9.823836000818500502e-02,-7.989594347622813730e-02,5.434404022275968194e-02,-1.793884013267732502e-02,4.954056473157356089e-02,7.930303624027718046e-02,6.145488433006652818e-01,-7.227683293278543142e-02,4.536758025701378982e-02,1.510856604972414807e-01,2.683375870966413501e-01,1.143235657098327307e+00
-4.339232724316660628e-02,-3.965667663664074194e-02,-8.713313596490834811e-02,-8.468726572966405186e-01,-7.791510758484490595e-02,-2.149270232764421973e-02,-7.572790311788411000e-01,5.330748334350323692e-01,4.587894604877046367e-02,7.971275683696155134e-03,2.780826231602573362e-02,4.074096648202709670e-01,2.414732539018440982e-02,-5.361314500307848285e-02,3.202807947327293014e-01,-9.652493458737831933e-01,8.119116677402393734e-02,7.378788338941411062e-02,1.029082538384006096e+00,4.198374562768975027e-03,5.045761479051430465e-02,6.843976393370551636e-02,1.253305633713566625e+00,-3.571694604318292887e-02,2.334400946288053280e+00
6.455671591452766256e-02,-9.267021129672363411e-02,1.187290950798954192e+00,-5.004746674898388203e-01,3.458146407126007349e-02,-3.575942809506357789e-02,8.636803839670872396e-01,3.111900117975986424e-01,-5.570056597160810696e-03,-8.743326348272195681e-02,-4.577153231150485890e-01,-3.298120151902551034e-01,-3.026638695222627629e-02,-1.012432808560628783e-02,-5.446358783905186352e-01,-7.611583429955759428e-02,-5.857066853157316677e-02,8.805878635836206225e-03,-5.826139043274769502e-01,-5.733283698471836054e-01,9.374007649728544056e-02,-5.965450182746862007e-02,8.555564299943149154e-01,-1.046148593308326991e+00,2.378643514541851189e+00
9.573699196054141769e-02,-4.164303888425150563e-02,6.257703317816104560e-01,2.735611086737103070e-01,-1.548520224225924391e-02,3.338469371049729295e-03,-4.805553373544346196e-01,9.518519363009006473e-02,6.214205659081209476e-02,3.507886124698511576e-02,3.679771843198597625e-01,1.083937382064255273e+00,-7.356731806473758295e-02,-1.743549080150889885e-02,-7.143662184953951666e-01,-2.269289332986424990e-01,1.199060194920553712e-03,-3.460464545219366084e-03,4.042197137191602119e-01,-1.249539318774424423e-01,-4.580854228579190474e-02,5.268314711728094846e-02,-7.390221986270129051e-01,8.129302329279688433e-01,1.997854818876509952e+00
-5.111820370059461105e-02,-5.395852130270232389e-02,-9.181742828847879734e-01,1.237817209063111212e-01,-3.878363078262309083e-03,1.896599937640083833e-02,-4.130107497554380558e-02,2.117615310368203829e-01,-3.684522401065509767e-02,-7.158151640647703040e-02,-8.104841168158033460e-01,-3.883221852823391940e-01,-2.871866611213971798e-02,-4.851590357046604851e-02,-9.480072043769735557e-02,-6.534711502197934063e-01,-4.396104931249261716e-02,8.266284875946210142e-02,-2.232214646440813244e-01,4.089156938304521205e-01,9.181660226327915952e-03,2.155681974252160460e-02,3.473039057346852254e-02,2.745676670629846328e-01,1.570704482013808745e+00
4.459994793722699136e-02,-8.255649802578432506e-02,5.073545209844426696e-01,-2.325942678742130010e-01,-6.910222607761362656e-03,1.657860841265182406e-02,1.488713423342015729e-01,-2.236922831368681752e-01,-4.738649335634809168e-03,9.740890305514726677e-03,2.240883306612131143e-01,6.466746242140087864e-01,-4.879935943107596708e-02,-9.434066022429837828e-02,-5.514962186574168257e-02,-7.420037961045296004e-01,3.485119821928533979e-02,1.763540960707941224e-02,8.180321850514948867e-01,-6.616804348424175641e-01,6.530547448070134209e-02,6.312356743255022329e-02,2.155347516473533065e-01,4.466850256581396117e-01,1.670031733001124508e+00
-3.473317979400980526e-03,7.413993143716704481e-02,-6.507330969388397390e-02,1.097612091708818571e+00,1.184385035578464085e-02,-2.806825873624990697e-02,1.432393468778312973e-01,-6.660406155194216193e-01,-4.998079291559135579e-02,-1.842572407620746144e-02,-2.658443358655966926e-01,-3.943274660632532513e-01,-3.050654420577286752e-02,-9.052378271763129869e-02,4.447152126344666723e-01,-3.781077544470444751e-01,-6.869542694164731955e-03,-1.268062538735371253e-02,-2.454250016337862217e-01,-3.317101674911200893e-01,4.755922776768999050e-02,4.668391298165106007e-02,7.828585556487967223e-02,-4.092203303332611064e-01,1.614596814481687570e+00
7.311830198858260133e-02,6.500649706984168441e-02,8.362178040840464455e-01,-2.299787609718111359e-01,2.014014572284547611e-02,2.530157984596737020e-02,4.435390243819214984e-02,-1.258392867740924792e-01,5.064241440179312326e-02,1.014650315795784241e-02,6.699604091388122740e-01,-1.685776446503252646e-01,2.028182275448547900e-02,-8.345839569500040911e-02,6.232936958496231306e-01,1.779343788321841036e-01,-4.449058907313951927e-03,3.546103787308876876e-02,-3.556705391562667851e-01,4.195135891724572907e-01,-3.615178347526162850e-02,-5.236365793129395263e-02,-8.830711949728841104e-01,-1.205790660274126180e+00,2.056599546535102352e+00
-1.954759990175047868e-02,3.726308324105093162e-02,-5.931413882888219025e-01,-5.199227456651156487e-01,5.284816449233062374e-02,5.022567326816701483e-02,6.065439534924492726e-01,2.314268645269932090e-01,5.569756044789988397e-02,-5.697886631891124765e-02,3.560878751404525921e-01,-6.395495157793975594e-01,-7.140927215669140571e-02,3.343575631615652854e-02,-3.809848597667851444e-01,7.410914290762695700e-01,-3.379611337553312111e-02,-3.858637437079821819e-03,6.832689666088453961e-02,-7.772116756181085551e-02,-9.338664628834958403e-02,-6.643064914053939396e-02,-8.556334904485516368e-01,-2.678376670393620707e-01,1.766996515737383255e+00
-5.039848551242231967e-02,-8.913471364883501780e-02,-6.530936006864718202e-01,-8.440262292346196737e-01,-4.949539288121085345e-03,-6.422219809265700130e-02,-6.385157742666286440e-01,-8.337009501946970325e-01,-6.962352303880613158e-02,-4.037434845587978272e-02,-5.828964459617225202e-01,-2.735200055388269935e-01,2.233711723834719276e-02,2.288106121849531327e-02,8.312337671795422267e-01,4.311483759262511040e-01,-3.346891357870777212e-02,3.060064819991105065e-02,-3.768857620038773559e-01,-4.926786856258930092e-02,-6.433461043191737727e-02,-9.939835757402659677e-02,2.075955232827778330e-01,-6.811094974402037705e-02,1.939975748751424200e+00
6.682600880117028908e-02,2.499418305889622438e-03,8.679749531932638984e-01,7.260541980955398378e-01,4.072766408692155005e-02,1.754966245759692622e-02,4.089366167060188295e-01,5.479796634140819966e-01,4.489823257737030060e-03,-8.857065139454309288e-02,6.579659535202359022e-01,-3.499333982871267734e-01,-2.188935882240339303e-03,3.791629172615212928e-02,2.021572946436618057e-01,1.931755719251452841e-01,2.533073141152658581e-02,-2.040385388849358383e-02,1.451789016780332120e-01,-3.518241904838898537e-01,7.440091161228527816e-02,-7.219476638422611670e-02,9.740016164169881252e-01,2.430361661695146225e-01,1.887261914593557632e+00
-5.294309787465678596e-02,1.781021206451516292e-02,-8.284274196314529437e-01,3.353383725709249141e-01,-3.376551391874044183e-02,8.605124027720806312e-02,-7.214777697481423724e-01,3.178989769430959900e-01,3.213711801384964983e-02,-9.280204740794606444e-03,8.710719986784484781e-02,6.190661770799004149e-01,-2.704809729091528503e-02,-5.871785750529495695e-02,2.252598828662017993e-01,-9.079603549786660066e-01,-8.459395619372242492e-02,-1.965145210328261838e-02,-8.095634677860031880e-01,1.881718077772065456e-02,-6.753062350038921413e-02,1.632611648073389876e-02,-6.442935325018740444e-01,7.365981845567133313e-01,2.080641522905901653e+00
-9.448812406572892897e-02,-1.870411745977551554e-02,-2.247562900209395531e-01,1.270493898643967889e-01,-9.340463776452406774e-02,-4.087154966877210027e-02,-2.470233392909770842e-01,-6.380524367429156740e-01,-4.499507077665593213e-02,-3.813296121020881557e-03,-7.755981468953161428e-01,4.234479502211642155e-01,-4.588672828524459346e-02,-8.630181504465345155e-02,1.614886652293184566e-01,-3.222777403531615903e-01,-8.314760113528527063e-02,-5.891127563813156054e-02,1.396256654941544495e-01,-5.528112909965983146e-01,6.007356683022974098e-02,5.223223416361200133e-02,1.140135623078269100e+00,7.273869925600302544e-01,1.909888437140337292e+00
3.047140687942095916e-03,6.864734333289490564e-04,1.119761095049316424e+00,1.953292763569259294e-01,-7.316131724197211250e-02,1.644576472643949350e-02,-2.067685735667434965e-02,2.469708879312568217e-01,-5.429700757515529275e-02,6.722627123364993684e-03,-4.745875637013841075e-01,1.235391053260768146e-01,-6.852048072577299198e-02,-3.270089423726385558e-02,-3.496354478843450853e-01,5.425454990011396861e-01,-4.336825708719668770e-02,5.361742831132415565e-02,6.311554538184863672e-01,5.833539508562510800e-01,-6.808904188926889756e-02,-6.180094460426333036e-03,-9.565839664954032262e-01,-3.114037146399619149e-01,1.945518214604751828e+00
-5.039685098266033503e-02,-5.334446706227946589e-02,-1.879718076879896560e-01,-2.262072788531436507e-01,6.592922005316875778e-02,-5.658606587342557281e-02,1.316259207011399202e+00,-1.396503217731565327e-01,1.850485736491352950e-03,1.206606457077596950e-02,4.823038035479491614e-01,4.901650690604279492e-01,-7.469735553312262244e-03,2.820192694915102383e-02,7.094432340120232494e-02,6.137893760819953526e-01,-4.484018404767692312e-02,1.872513217172405708e-02,1.474331049362906931e-01,1.075700042496594011e-01,-4.168870462058285598e-02,2.530874271962607613e-02,-8.160877512905900799e-02,3.578064200690747598e-02,1.659251337340972077e+00
-4.861889664520779863e-02,-5.013085800904160116e-02,-2.990364110841273737e-01,6.628730956218217840e-02,-7.579547427145738592e-02,6.610782989015545619e-02,-1.191814986495096651e+00,6.409133785721812249e-01,4.961382213428983806e-02,2.351158045088494464e-02,7.541046063277754286e-01,6.292041329244526526e-01,4.330244007747606483e-02,-4.742281328497233162e-02,3.277698003474684985e-01,-1.076737626890591215e-01,-1.039738164890882666e-02,-2.811333560958190203e-02,3.322694731847041782e-01,-1.032065177758867414e-02,-8.028162738566010925e-02,1.438065174752339859e-03,-1.262800019959874898e-01,-4.379447852964509780e-01,1.832030539502588207e+00
-1.310062218556035107e-02,2.716618942917303769e-04,5.301096320636484727e-01,1.248727793964519994e-01,-1.002265137801031103e-01,-7.059488313778761182e-02,-5.965492281126926200e-01,-5.953680710985340685e-01,1.706659562772378999e-02,-1.737705992346377792e-03,1.703387305506339766e-01,-2.801342149102503676e-01,6.788627031297558845e-02,-7.082745764798181742e-02,2.825802479961297964e-01,1.799867451214934300e-01,-8.411555918712260160e-02,-8.476596998144125816e-03,-1.982200930091991831e-01,-8.224156419748102076e-02,-5.552656412023974225e-02,-8.470884497309491556e-02,6.861487771016447357e-02,-7.612479827066304106e-01,1.378212006954005142e+00
8.680920885235859918e-02,3.484884696832024620e-02,1.070931397573591015e+00,7.157447056360471960e-02,7.124516350748327786e-02,-5.246122698622884828e-02,9.405983709861974740e-01,3.511551088983941304e-02,2.000645837572022356e-02,3.103079440801579172e-02,2.256093978371642161e-01,-7.693322362262267067e-02,-1.619032909208137014e-02,4.808046982942015823e-02,-5.220545248453476450e-01,9.253815188758286459e-01,7.849187432001403231e-02,7.332147737385291686e-02,8.672873084239107744e-01,3.301494268295708245e-01,3.904551648166557087e-02,-5.126057059786598424e-02,9.767943396969902548e-01,2.764477791098761406e-02,2.252986344812846209e+00
1.754552771980161241e-02,2.364640025870334838e-04,-4.052199879650597580e-01,2.710665026242992104e-02,-2.581415773429146521e-02,-1.229358141031705598e-02,-4.677877063825857662e-01,3.852883403854722166e-01,3.430329947771576515e-02,5.148943053875126852e-02,7.132081101822312919e-02,-1.611079384957635474e-01,4.248666831152000944e-02,2.266520859654397313e-02,1.398397562103343150e-01,3.442066757428207668e-01,9.256987537117117304e-02,6.391423021303782592e-02,2.579245681977093696e-01,3.501203318376493456e-01,6.667870371114695272e-02,-8.471090763692851189e-02,1.962058640401849741e-01,-2.292295912984066986e-01,1.006472481846762301e+00
-6.026769257367515370e-02,-6.866332390405283093e-02,-1.072209962759423485e+00,-8.276086061509366765e-01,4.097943349521460110e-03,7.358885655677824267e-02,-2.755271964090745540e-02,1.041481648100169188e+00,-1.598607061964851805e-02,4.162085859608466443e-02,-4.402013209358957013e-01,1.584351046621201853e-02,4.117438325145417188e-02,8.433867578569109735e-02,-2.074546226243567104e-01,3.657494871674826786e-01,7.068685343341629679e-02,1.818915241886343015e-02,-4.031789876348293999e-01,-1.480828368210310164e-01,3.576700847228200808e-02,6.767830123289697575e-02,-3.103344257923552063e-01,9.846141819376602600e-01,2.139361666071636137e+00
-6.135206449376309767e-02,6.492496401757696933e-02,-3.379066789174942631e-01,6.838004353150353154e-01,-1.610473836232784173e-02,6.520730687901710176e-04,1.219904997144686254e-01,-6.271472989543448451e-01,-8.475397110110477472e-02,-8.290336008930787592e-02,-8.267223086953459088e-01,-5.547316601641826272e-01,3.590290474097013185e-02,-3.599964436495906028e-05,7.060851777515675387e-02,-3.839200392760770963e-01,-4.456716265350668671e-02,2.577159574513210316e-02,-9.004896151482946198e-01,-3.620408094816400246e-01,-4.050193599870782063e-02,2.913399012975104174e-02,-8.329304666284913505e-01,1.572859009148959708e-01,1.955179679084928956e+00
-3.085474445712610425e-04,-7.945048496025552964e-02,3.429779123631448989e-01,-7.211159762237066007e-01,-3.709129204989558559e-03,-2.070196323121586968e-02,-6.068738799925449401e-03,-3.790012492244684839e-01,-7.909797523709485856e-02,8.602665500630990447e-03,-4.272033908825326742e-01,2.268487570338013626e-01,7.950713691892857815e-02,8.789833363486598827e-03,6.035716565641279230e-01,-2.560984678984847829e-01,2.746699413700931514e-02,-8.006754306572494428e-02,7.242730006839853685e-01,-9.383340760340322939e-01,-2.760812231440200326e-02,-6.516466398102083168e-02,3.069301168470306429e-01,-1.015739545716758396e+00,2.001949578552417730e+00
-5.465385957932727967e-02,4.179035984150925032e-02,-3.560712569680865025e-01,1.138901234448207234e+00,1.139072383362527141e-02,-5.498222404092728555e-02,2.041404184914737130e-02,-3.409926193784167947e-01,-1.155399031745793503e-02,4.393333949040761910e-02,6.143274220220025228e-01,4.843490731710506925e-01,9.841625166692322124e-02,-5.140693714553212779e-02,4.617769611801186835e-02,-6.615055605732491628e-01,7.857681896277721179e-02,5.969207888296390596e-02,6.295732839330395736e-01,5.905779032960887243e-01,7.794017100221561911e-02,-1.546924396014615066e-03,6.125459332220759556e-01,5.636497309663816013e-01,2.017037638211510941e+00
-9.918345619333052143e-02,1.005678527726945326e-01,-3.591510637320523558e-01,6.154395459090278298e-01,8.619075289232491777e-02,-2.537689207347570974e-02,6.921547300250237011e-01,1.148425782665331019e-01,5.211674849550684829e-02,-1.551591687500980532e-02,3.861740986073255999e-01,-7.153534964051638800e-02,4.757382568135581913e-02,3.333028655830783116e-02,-4.859865268101552505e-01,3.174907332820207095e-01,9.040121067013537348e-02,-9.398812209154061570e-03,5.346646574728680656e-01,-4.383995845402129388e-01,6.215196481238291493e-02,-3.778565733372801771e-02,1.110182287983159793e-01,-3.244921131963784955e-01,1.461109335081669958e+00
-8.263716057690462247e-02,-2.087101301816507437e-02,5.128811242951027971e-01,-1.119691650775971103e+00,-6.599111802014670514e-02,6.214775828234986310e-02,-9.462348224721066625e-01,3.628800340609583119e-01,9.368233274313958470e-02,-6.659020880569727074e-02,5.373412955828614779e-01,-5.952040043795028268e-01,-4.908307760444957646e-02,7.583850999071894972e-02,-8.604167456070994646e-01,8.982024908965663412e-02,8.941394627041798771e-02,-2.518579320449343406e-02,3.411292331662431065e-01,7.802251728449963175e-02,-6.413010733772911420e-02,-8.286599731255855916e-02,-1.245868574777048599e+00,-8.868415695647919872e-01,2.540232573127019666e+00
5.607262540221935598e-02,7.050383998359505133e-02,1.286701187005215852e+00,5.142562093842852899e-01,-8.338664149897395683e-02,-4.408137746535978341e-03,-6.562695126931845646e-01,-1.967754086502060962e-01,-2.605474236243687791e-03,4.232010552899706513e-02,-5.896201558486839911e-01,4.923831515504370482e-01,-8.894124039610584731e-02,-3.734712959073593908e-02,-5.994669899241418243e-01,-7.025678427536985460e-01,5.682536399525005277e-02,-8.445791491639165205e-02,-2.404289134414500095e-01,-4.603091234788444508e-01,-1.734411353681972190e-02,-2.576123043662134626e-02,3.661382898000971609e-01,6.025362061830594751e-01,2.153332346830037825e+00
9.338753395995769147e-03,-2.839839711929711963e-02,-1.383369884768443636e-01,-7.255559091606147426e-01,1.057427311503930656e-02,4.961428524824029740e-02,5.744190308958365687e-01,7.040588971088241887e-01,2.966816797202109779e-02,6.874556600126197070e-02,-1.518566643874958988e-01,1.517186400716857286e-01,-3.186860933891411118e-02,-6.863679102120684439e-02,4.682237152136940472e-01,-6.730641053669250695e-01,4.372981407203874182e-02,-3.653424199193899824e-02,-5.291185470561610149e-02,3.423654666003644875e-02,2.768509110320410693e-02,-4.082616014252841291e-02,7.202440856923599810e-01,3.948087365453747388e-01,1.669919100215412344e+00
6.184535488704445694e-02,-9.620028416480039257e-02,9.519245242595972267e-02,-3.383922692441221347e-01,7.356162715173858446e-02,9.783925678747636134e-02,9.617280561166593467e-01,7.936770795718192106e-01,-3.852758167394659816e-02,-2.972916761400656860e-02,-2.012986081642751945e-01,-8.619178195432588563e-01,4.866396259192246054e-02,-6.323607890473025017e-02,6.481138268173822770e-01,-1.557118973979100263e-01,6.810717567031665531e-02,-7.366397806624180866e-02,4.317286397441434387e-01,-5.399472985241487999e-01,-6.423496837953576732e-02,8.840434672933841775e-02,-4.382339926139970920e-01,1.175692165989158600e+00,2.239905102145080207e+00
3.592217447927481544e-03,5.471267614996597195e-02,-3.817829376543468434e-01,1.297805763656123546e+00,-9.874225828260779769e-03,1.532421149605436156e-02,-3.168128849427569449e-01,-4.330442579309805584e-01,-9.354934060702879695e-02,-8.458601526387954372e-02,-5.049273672006574509e-01,-7.741377051391138409e-01,-3.689570193203373094e-02,-9.089672412409244284e-02,-3.336402221626070252e-01,-4.955646528224237901e-01,4.091879556159329356e-02,-2.291051662435472647e-02,-3.180031784290416885e-01,-1.203319475323324644e-01,-1.008025523579705873e-02,-2.570948794166551254e-02,6.472749308898082532e-01,-8.953392009178010591e-01,2.167286308426593866e+00
-3.907985793662904772e-02,-8.012499386261634493e-02,-5.682135373906527231e-01,-6.799336085846114930e-01,-4.822859542061543048e-02,-5.494136426791858263e-02,-2.712353947224346862e-02,-5.836293070353643087e-01,1.024962577771226790e-02,6.172046208305914661e-04,2.599285418553021199e-01,1.779035852243727456e-01,-2.972478038671677592e-03,-1.028809867014504748e-01,4.756818441032413247e-01,-2.701618805053315198e-01,4.464806005515839504e-02,-3.529532549964253807e-02,-2.222630647655071401e-01,-1.673777912301937509e-01,3.255301941077301531e-02,7.059168955054831440e-04,6.632419565231471026e-01,1.723438017002172917e-01,1.449243537764072220e+00
9.174097598564689982e-03,-3.367619450999004282e-02,1.372313081848641758e-01,-8.626266997366505151e-02,-5.669771664298570157e-02,-8.721466255557221159e-02,2.839243046649725932e-01,-2.217735669608826010e-01,-3.307874520803666396e-02,-7.506257244774772186e-02,-2.908156729045402455e-02,-2.618864507822986631e-01,-5.732535720272818880e-02,8.082014998753503376e-02,-1.915224373811638403e-01,1.220278873431166033e+00,-7.272348219037924610e-03,-5.086979654013279450e-03,-5.022082759132240337e-01,4.211089496710930802e-01,7.755114594425038810e-02,9.432391482309063213e-02,4.785405633998079944e-01,4.643680734721729597e-01,1.633714301362092725e+00
6.604642449186204356e-02,-6.164148074729219884e-02,5.502981214548906541e-01,5.367194038928113642e-02,-7.041194670691480750e-02,7.642822404217200494e-02,-2.532509349189981940e-01,1.438255876060687610e+00,-6.410795925490342384e-02,-2.346124631766333124e-02,-5.060575393879369610e-01,3.797165982166423315e-01,-2.946173607776270131e-03,3.772083417910335190e-02,4.790627043443612676e-01,1.681522971350916107e-01,-8.091418177475473428e-02,-8.108789530127036294e-02,-6.826424538456457025e-01,-3.409520274588959121e-01,-6.080402575228277540e-02,2.801517494029026958e-02,-1.319038419388238070e+00,-7.262174951394876343e-01,2.447169825822535838e+00
-6.246019623762016915e-02,4.332860588655385037e-02,-9.001282261516956318e-01,5.173332857550628772e-01,2.863346588630975159e-02,-2.246583950538283414e-03,3.789847735316022037e-01,-2.157034258869917620e-01,2.502380630439104969e-02,-1.917414874385825474e-02,3.250712113531699643e-01,2.260020207719115326e-01,4.996138939302946502e-02,-6.006998837774779609e-03,6.066237639436895535e-01,-9.394411178051376154e-02,-3.311183504702762403e-02,6.497000329744151426e-02,9.876441587524299737e-02,8.450385845562728981e-01,-6.615254557700449289e-02,-7.754994799292286300e-02,-3.531824074403808744e-01,-6.402509981480345447e-01,1.756681281003861672e+00
-7.653873760962331962e-02,-9.000407969921297990e-04,-1.953811765046857274e-01,1.787769745054188508e-01,2.492521880211386737e-02,1.346106044414785430e-02,-5.643336586084649747e-02,5.675328927176348515e-02,-1.484558228496124510e-02,-2.515758982570998059e-02,1.672829605723974988e-01,-7.376733119027367724e-03,-3.614439410146136344e-02,-2.673619468288590539e-02,-7.374328752494960781e-01,5.819129354123120379e-02,-6.561516959383834058e-02,5.467951699001771804e-02,-1.026064447109460986e-01,8.566150144153045209e-02,-6.339720157503750397e-02,-9.563814307408220750e-02,1.558902818103539145e-01,7.574196334559418764e-02,8.542094594533864438e-01
4.477624433903315548e-02,5.001964022817673161e-02,8.684444818299521529e-01,5.730463238396108494e-01,-3.470870703575718030e-02,7.582090548234005078e-02,-6.260785392607109978e-01,7.275485961565781867e-01,-6.950907861421573575e-02,6.388025015611739632e-02,-3.555911723159845828e-01,9.621570744826077881e-01,8.111764681672287147e-02,-5.854769907895995829e-02,4.297167046360924614e-01,-4.489746312910724568e-01,3.426324850958428758e-02,-7.839953608967409338e-02,4.532204122764487142e-01,-6.300544687971783020e-01,-2.603586930981990899e-02,-3.273683258452952938e-03,5.224961207421561227e-01,4.474303427165741698e-01,2.134541683132801904e+00
2.517478418664825801e-02,-2.240405703652059710e-02,8.454137402989536643e-02,-1.320636692357866071e-01,4.587784953856497566e-02,1.757228289749457328e-02,8.458703071722822875e-01,3.849488969820324957e-02,4.254402261179124345e-02,4.323955226055539725e-02,4.453958657057420223e-01,4.187306713238619915e-01,6.989226695751338259e-02,-3.195318314370865220e-03,-3.979817310849859124e-02,4.000343373757994092e-01,-1.052885639337977630e-02,7.169317516433310056e-02,-2.805349547956628165e-01,1.404754988843205155e+00,9.988776202554894290e-03,2.574087768843713597e-02,3.134372954017993207e-01,-4.677188227492581896e-02,1.856743088446565881e+00
-6.870021936232088844e-02,-8.086320068747931966e-02,-9.147278913431817760e-01,-4.060011011838516870e-01,3.472723089956596121e-02,1.319791698999867036e-02,-2.578405789833506101e-01,2.291876950713794825e-02,7.845660316307867532e-02,1.617508454272620355e-02,2.333937708706798619e-01,3.002491885207622668e-02,9.253320669386541630e-02,-7.756260514565294084e-02,-3.108460712810523496e-02,-6.920770492573538046e-01,-6.992881779665346964e-02,-5.185008415358527412e-02,-8.021568641736922523e-01,-7.521722990434422940e-01,-4.851684695075955678e-02,5.640600557106245638e-03,-4.291913219598494922e-01,6.675645096830520875e-02,1.745096227087044705e+00
-2.816957042939646078e-02,-9.400508099761306635e-02,2.144679433153502401e-01,-5.384078971256598400e-01,-2.842335658112643548e-02,-5.548130727520927952e-02,-6.356113006588398617e-01,-8.945092491407794499e-01,-4.272623656455409868e-02,7.926312685458485052e-02,-1.081326482889126916e+00,4.085877311537139400e-01,2.398075301405396681e-02,1.031717149173472237e-02,-2.556772136925556937e-01,5.794739053367589099e-01,-4.415160515263651109e-02,-2.976262120652989340e-02,-2.464193740847597791e-02,1.500332475035942581e-01,-5.671434491453559990e-02,-7.500651458078189115e-02,2.556518630619225574e-02,-4.983557404725653672e-01,1.893016893456439753e+00
6.195480902953506841e-02,3.072766338124754970e-02,3.879909841741024934e-01,1.100232832449249853e+00,5.317093426348015739e-02,-1.006810343198888957e-01,4.986148256306838222e-01,-1.659311106364566024e-01,2.447258464107582299e-02,-5.937112499417838973e-02,1.188742551972953310e-01,-6.600912935999750930e-01,-1.862560110284220208e-02,1.180221265911363115e-02,-9.415025465610543653e-02,3.999226953503570159e-01,-2.151274880661459277e-02,-4.699109029747156052e-03,9.125177066225537148e-02,5.868578316278227902e-01,8.259451666274272852e-02,-8.268680330672720236e-02,9.300756875798985579e-01,7.018285813262284401e-02,1.874846370790788308e+00
5.789614124676850659e-02,2.314798744354107374e-02,2.270347026851446959e-01,8.895033343389402436e-02,-3.965266242817874764e-02,2.497358193636634027e-02,-4.313790361514492355e-01,1.192811665843322988e+00,2.291463406359783850e-02,3.024520343841312353e-02,-2.476406625538292161e-01,3.503372779897981348e-01,3.541720308119546134e-02,2.941792324571973483e-02,2.952742374812505899e-01,1.469067359993134758e-01,-5.881351501218802513e-04,-6.388429404477746765e-02,-7.274409778445117825e-02,-3.834664151401190324e-01,-2.894728775786122033e-02,-2.198596547901221498e-02,-9.633139740569214293e-01,6.289059792602883503e-01,1.857970962765627565e+00
6.292886323639912405e-02,-8.091627603661666335e-03,2.047572858320176881e-01,-1.746813404063348729e-01,3.318795151229098073e-02,9.279542912139038258e-02,4.161383624106596013e-01,7.101332400803146427e-01,1.235644913869593520e-02,-5.711260469149449792e-02,-2.534366524580411451e-02,-2.366676259385785408e-01,-3.446315745353462079e-02,-5.295608662152290202e-02,-7.078731090755671085e-01,-5.160480912265394959e-01,-4.511589422627952650e-02,-5.165308074510886749e-02,-3.519281965497840226e-01,3.454217920076978476e-01,-1.051596160306783601e-02,1.939676518618110856e-02,1.304621516885915711e-01,5.314288757247079831e-01,1.463859570798258680e+00
4.746198465087192453e-02,-4.192199036870880580e-02,-9.491297676147536500e-02,-2.026553391405312987e-01,7.792118940686790229e-02,-7.156739528228212022e-02,2.990258111514046968e-01,-1.145167235346925549e+00,-4.065067122527410426e-02,4.670821751911671815e-02,-4.805209588533101428e-01,8.717333465909122836e-01,-6.089536232336481558e-02,-6.962275893953129291e-02,-3.194511147007766394e-01,5.140806163741476476e-03,-7.020671135415945674e-02,6.231837555046510629e-02,-6.249990625019157253e-01,1.271623268892118297e+00,-1.066176254476469687e-03,3.637411953327235326e-02,1.768302382574828691e-01,3.477481579656885868e-01,2.177469727912292097e+00
5.115825178584954003e-02,-5.755850212442903402e-02,-2.387044996471650582e-01,2.492148821252121449e-02,-1.473572109220444570e-03,-5.957722681048038815e-02,-6.698070504523875313e-01,-4.614054071502811660e-01,-6.606625557958395456e-02,6.408357487285490373e-02,-1.246723064510446566e-02,1.966665211236745259e-01,6.696708614903440493e-02,-3.318428255793448578e-02,9.530739182677653298e-01,7.223914346935355058e-01,2.473709448913877229e-02,8.987745903268339054e-02,7.060317064782972718e-01,7.647177511455671706e-01,6.232206126229120069e-02,-4.417354809228035695e-02,5.861629531236360879e-01,-6.739298641638015175e-01,2.026641678621915688e+00
5.488005086105707253e-02,6.405375395883528000e-02,2.952765647607699107e-01,9.204655831740446992e-01,-7.192042828313943703e-02,7.896746506886020978e-02,-7.381768536061175112e-01,6.896438726334734870e-01,-4.571662176003321587e-02,3.419240983398028066e-02,4.067888802921340585e-01,1.124657150990519550e-01,6.368424743975548141e-02,5.443025850174981750e-02,4.623614536170587708e-01,1.003222426929165856e+00,8.599821246626983273e-02,-2.374933738443552045e-02,1.064956997962705820e+00,-5.758144141856793574e-01,7.437861050468275170e-02,-7.627486214920128904e-02,3.646493195834212830e-01,-3.675848869760814930e-01,2.266100553098286952e+00
3.749615949088236366e-02,5.133748136068727597e-02,8.058460375856285607e-02,3.017209990231915495e-01,-4.742602707785248395e-02,8.858052514374842312e-02,3.873566242209339761e-01,-6.708487707988902704e-03,4.123036873190269458e-02,-7.078295189169667156e-02,7.760450012704469547e-01,-4.001316533884199389e-01,-1.126823461640791280e-02,8.318303627776796327e-02,-1.598190127144583361e-01,4.510690130699295253e-01,-5.500115874087399548e-02,6.968075546741969717e-02,-8.773501092877549201e-01,5.616821385012114032e-01,4.154346333523217805e-02,6.635715610921827379e-03,5.494581578015741985e-02,6.599922746762322268e-01,1.673427399480007294e+00
-1.090148275221702878e-02,-6.478586732619584510e-03,-5.487336296481195586e-01,-6.275583787260118340e-01,4.986577833203478805e-02,-4.936623183443428209e-02,1.204840286449696540e+00,-1.069598549154800793e+00,7.327572005766619379e-02,-2.186695861552123699e-03,4.230578983018153938e-01,7.575913419532981363e-01,-1.612341851290266526e-02,1.458185624317767659e-02,-1.368085270446955937e-01,-4.057611272730136664e-01,-5.584523300183957817e-02,5.566996514443214861e-02,-1.082564232811050742e-01,-3.331758329174505651e-02,7.630900518984573555e-03,-2.458686477870197784e-02,-4.514333021727241491e-01,-5.105826170644942597e-01,2.173022883403960659e+00
2.880281317807820152e-02,-8.309266685846417033e-02,2.772948321667780824e-01,-3.738187401064324011e-01,-5.753814203946766570e-02,7.270774088010156788e-02,-6.825393481826682596e-01,3.119520259393825934e-01,-3.804532074583514417e-02,-7.228051548434860640e-02,-9.232338870449601220e-01,-7.915891098142221471e-01,-6.144791234526181256e-02,-8.449000050802329964e-02,-9.246262163676929879e-02,-1.037420584595353690e+00,-3.042820625993331030e-02,5.366677059078478473e-02,3.577088628149762695e-01,3.814908467745257159e-01,-3.248415505247309598e-02,-1.730813090556292122e-02,-3.888396169159918925e-01,-2.094207601810013086e-01,1.962445973396436116e+00
-8.939760159753484814e-02,-4.438038145991179961e-02,-8.318035606689386796e-01,1.601496652859152325e-01,-5.384238330826396357e-02,-4.403225616711822776e-02,-4.279948458681461232e-01,-7.025346186873764331e-01,-9.298581456402471579e-02,-8.648792223550244573e-02,-7.111717740621444905e-01,4.361870706468629066e-02,-2.835476624048705041e-03,-7.583422024222133406e-02,3.556592921687731224e-01,2.245693545833232774e-01,-1.661300016660971490e-02,-1.508118918912587647e-02,4.464910312325000574e-01,-5.606613649072058614e-01,6.644855562992074693e-02,6.985043772750169910e-02,4.670670673830543129e-01,9.158361088637269054e-01,1.922487427764852264e+00
-1.063835687379588446e-01,1.028528063698463946e-04,-3.102097884961797503e-01,2.214674125689650719e-01,4.079817341327662827e-02,6.387932817249836193e-02,2.722051487924392887e-01,5.705601339476203959e-01,6.558804898708528452e-02,4.994717682543767245e-02,6.810802599313440231e-01,1.281130000758287313e+00,7.736384639153448539e-02,-5.623522625286900278e-02,3.423752434850181325e-01,-5.802874364078264291e-02,-3.813883642382592809e-02,-4.650183619105904831e-02,2.356255856911815272e-01,-3.631164547946250098e-01,-4.561238009245516256e-03,-2.501565837164959616e-03,-5.738105876205206179e-01,-1.685909572225033903e-01,1.830947875504456368e+00
3.846942643125195183e-02,-6.877699507318441041e-02,1.155255066018024968e+00,-6.463561330185894072e-01,9.531966097862670795e-02,-1.296621234483444352e-02,3.566262517920475439e-01,-5.248403879711190934e-01,6.557630042183870689e-02,1.099747847425605607e-02,3.098550921222305576e-01,-1.535395285042299163e-01,4.284887295292427734e-02,-5.946267410501297063e-02,-2.174516130460195096e-01,-1.170291658011339553e-01,-6.982649416665109854e-02,7.165471747316787265e-02,9.221599251977363743e-02,1.305096164352844701e+00,7.521785888157467292e-02,7.115980715879929863e-02,1.996590179514813324e-01,5.207247932192501372e-01,2.098662049050395328e+00
-5.000902326131417830e-02,4.670821886199724715e-02,-3.574198861630066282e-01,9.667777221074993488e-01,-8.628261362361666631e-03,2.281039879490251443e-02,-8.689099216903661826e-01,2.170528550086066599e-01,-8.076156298896419727e-02,3.247851701244353073e-02,-9.270497988694622604e-01,3.145723808284406342e-01,-2.965936643972777453e-02,-8.521433901235031527e-02,-7.937272278583304974e-01,-4.805996900787624093e-01,9.908785243549711463e-03,-2.283721786708919899e-02,7.690683720355546704e-01,-2.543468921514688841e-01,-4.593051501386558044e-03,-5.701691210461895531e-02,-7.565467084309931423e-01,-9.309093819191824881e-01,2.409124703149703617e+00
7.992349326648806596e-02,5.589687944749487103e-02,7.423080055456257043e-01,1.124748904468715338e-01,1.459040163982699978e-02,7.393131070448638598e-02,-3.536105888091867766e-01,4.408484209184042601e-01,-1.119460608116433220e-01,-2.413454181791688941e-02,-1.715492540619222295e-01,-5.200111568115535210e-01,-2.794263313966482976e-02,-6.910411637993671419e-02,-9.667150907017921235e-02,2.738000101991938662e-02,5.139813782708646528e-02,7.642586364454223569e-02,5.078941745634623084e-01,4.804693765632578883e-01,-1.854346436854903413e-02,-3.932626294270152867e-02,-4.379120428750227778e-01,-1.426134624785626304e-01,1.392171982198705971e+00
-1.182656992811703667e-02,3.315709603078273449e-02,-1.540220223890329532e-01,-2.186650216622147980e-01,-6.306547959513492119e-02,5.761420073170134271e-02,-3.615504040965706878e-01,-3.045374288907407023e-02,-3.014544383874717681e-04,-6.041958384326383963e-02,6.417722671624125352e-01,-3.616944928992439356e-01,-4.332334503582224716e-02,3.709951396990252004e-02,-1.455382981151925881e-02,1.102775074449221737e+00,5.459142965668073444e-03,-3.806413912224498874e-02,5.917269876942676810e-02,-4.842179148374575193e-01,7.534592038235293776e-02,2.859609304780968281e-02,5.069510064531739246e-01,6.346955861731558013e-01,1.698064184725917025e+00
-3.481688933705440192e-02,2.881883024986847674e-02,1.741273309171780248e-01,-1.640169574182071544e-01,-8.762477410162178293e-02,7.587277180386070574e-02,-2.126086918988890906e-01,3.215803942531367809e-01,-4.504286696492670883e-02,-4.000451520762693391e-02,-3.857506067843442521e-01,-1.359188804121728156e-01,3.609902922450458629e-02,4.549100956529600337e-02,9.057053721721385342e-01,1.991132017879447824e-01,-1.911167653893819374e-02,-8.687971825649787316e-03,-1.754569159159816705e-01,-1.551695789652726698e-01,7.312008147194692942e-02,-2.461020093774815565e-02,2.317333269401880835e-01,-1.103738908882500591e-01,1.175874896539097048e+00
3.253251577370963599e-02,-5.970398939660354065e-02,8.774381967843170038e-01,-1.014188277112630265e+00,-4.458528056988914079e-02,1.953969845845461573e-02,1.244807415534997519e-01,-4.020681392081798533e-01,5.225520971881891796e-03,1.312696793394929617e-02,2.892790564726945846e-01,5.155954006637081255e-01,-4.820234055889860425e-02,-1.553359362698955581e-02,-6.842688293516770992e-01,-6.139083409157537474e-01,1.384546212585335834e-02,7.979417464495727752e-02,2.641714594422867601e-01,5.984525001910836473e-01,4.659820499459038645e-02,6.952908388825675134e-02,1.550527456163418583e-01,7.466960771726975921e-01,2.050148277363359917e+00
5.105235150438258707e-02,-9.821034044809984209e-02,5.562746707170804772e-01,-4.334906731255774859e-01,-7.991440080875933383e-03,-3.277332212024743063e-02,4.459093657947719169e-01,-3.794372612791852561e-01,7.824347630971340006e-02,-6.998135586974207900e-02,5.440224842734464605e-01,-4.559516807490910928e-01,-5.728702563752852139e-03,3.336238434519597784e-02,-9.717798820393647174e-02,-1.158026023673793259e-01,3.386253871624500533e-04,-6.492954346361622109e-02,-1.949940620726869911e-02,-1.215349689689871004e+00,8.866214378000647489e-02,1.095851175126774657e-02,7.370922230409358011e-01,4.792260212751703330e-02,1.851398979240320264e+00
3.658979737341749860e-03,-5.329463487928620680e-04,-2.114621926912634287e-01,4.339585953548953934e-01,2.256303978036794389e-02,-3.326445435520136717e-02,-1.785732533965755930e-02,-3.614832595384964709e-01,-2.098999740253759683e-02,-8.126521012678050715e-02,-8.562627857739347759e-01,-2.207398607828903181e-01,-2.649232517713873136e-02,-6.917672864087720530e-02,-9.146692436734493725e-03,-1.022723904846151166e+00,4.260810623149435816e-02,6.291665389452619217e-02,5.769758915574612068e-01,4.528047678822024746e-01,9.814979114236946356e-02,6.934444340764660264e-02,4.984138745405443660e-01,3.140491563637156092e-01,1.763898806130721031e+00
1.710407037430738963e-02,-7.620122345391100449e-02,1.859291752778768902e-01,-3.663272544767565697e-01,3.589637266856307574e-02,7.529707905671659263e-02,-1.139720411335864991e-02,7.994551465215776753e-01,-1.964484261315457836e-03,-8.708878625220134451e-02,-2.200179880774842389e-01,2.060551335427237563e-01,2.335753832299891641e-03,1.255768785945987620e-02,4.559655171498924742e-01,4.565382368637720401e-01,-9.078504265306208687e-03,7.587591014031433434e-02,-4.314501828677039241e-01,4.313115253532984195e-01,4.105841231372078792e-02,8.526312512575284774e-02,-6.904631924278705757e-01,-2.608647623133445448e-01,1.505919930336225399e+00
-8.034217124005682553e-02,-9.078876273712810363e-02,-5.988001642503271160e-01,-4.830389396816725522e-01,-1.074168341813031002e-02,7.178558301654069940e-02,-5.457436906420459755e-02,3.545552693928946675e-01,7.195056066810823214e-02,-8.336557474242878296e-02,2.110674338292585217e-01,3.131893303306418908e-01,9.862545204494921336e-03,8.433547688665260500e-02,2.657722391284933483e-01,3.228016262814635828e-01,-2.219538522313868611e-02,6.637928297867876082e-02,-4.301779019340031263e-01,4.110899570847003082e-01,-6.439912913669987304e-02,8.037217021978435016e-02,-1.161083770122451675e+00,2.568813280131179710e-02,1.672028847777027538e+00
5.671105983853147459e-02,-7.288176363353848775e-02,1.107221770143297368e+00,5.087284538821905677e-01,7.830196771343581053e-02,-4.266940050183762323e-02,1.147456774856888684e+00,-9.893766442323408405e-01,-1.669531500649257261e-02,2.678677141144780727e-02,-4.548908818952109301e-01,1.119592177610709172e+00,-1.616025576423868459e-02,4.547993767320798741e-02,1.230280400133906271e-01,-4.912202724889033756e-01,-1.385560045669065321e-02,4.914948145727675299e-02,-1.772907584513790658e-01,3.046681447387965536e-01,-6.735818373347249310e-02,-7.510818423847753778e-02,2.010634988919388633e-01,-1.298476158951566983e+00,2.716694072120846126e+00
6.198270033768102372e-02,1.231439268685485811e-02,1.020103175592210754e-01,7.515640994080334814e-01,7.782241427184469207e-02,5.197713983807950022e-02,1.420356875830747767e-01,1.064786249408460755e-01,-1.018615304114056652e-02,5.435075843303494025e-03,-3.421710850423299588e-01,2.027597029872498791e-01,-2.305130378768996402e-02,8.635880803246079318e-02,1.400519368178876345e-01,1.668977886759456242e-01,2.778750164374677034e-02,-6.500334845981228793e-02,5.274028065968684453e-01,-6.465022797654971232e-01,5.200631778112380782e-02,-2.855457857086951545e-02,1.303929817072201569e+00,5.864285740398598318e-02,1.800447424128027052e+00
9.884958099654919672e-02,3.539448476945317168e-03,-2.448663955953578331e-02,5.211922000079935446e-02,-5.075425672187693776e-02,7.494655108600428717e-02,-1.246539529999294516e+00,4.150737715713720410e-01,-2.235717330193742747e-02,3.883321940963357921e-02,1.685076913120653053e-01,3.202018288801982138e-01,7.167176248308282371e-02,-5.369223944064005494e-02,1.099985661793256853e+00,-1.017153805839477565e+00,-6.712052105956234360e-02,2.941296339707905050e-02,-8.831319275567102167e-01,8.286841555338668730e-01,-2.451198537810360401e-02,-5.873974142069077198e-02,-6.618802390640364797e-01,-3.988034908940538137e-01,2.491215027625081735e+00
-2.086414970198102736e-02,8.795981986144685294e-02,-1.323915063927284752e+00,2.276156378137891567e-01,-8.454334936387367105e-02,2.690189621444907808e-02,-5.179152670059348207e-01,-1.584797773951359678e-01,-4.287573638302838441e-02,-3.145857962063280944e-02,1.299521126087356815e-01,-8.196566183218966239e-01,-2.587499163000120395e-03,7.979895164478278957e-02,-3.661026709555399439e-01,7.128595079162849402e-01,-1.023721610139849414e-01,2.246047827128475061e-02,-1.638497683286417594e-01,4.404989376227858022e-01,-8.937858839789569743e-02,-7.873266244974375105e-02,-3.475710260454181189e-01,1.118006986327975127e-01,1.957918652295433493e+00
-5.049591470680919736e-02,1.501729392415329656e-02,-4.570895487314232675e-01,-5.328857395685939746e-01,-8.598988212144831333e-04,-1.555074601237302345e-02,2.304024567513439647e-01,-5.270047666087789295e-01,-5.676893085752482415e-02,5.799741837567162772e-02,-2.595633666908371828e-01,5.328366100691726004e-01,4.573797391699222642e-02,1.789517383736691225e-02,5.412544672298837956e-01,1.253720503209148074e-01,6.998590473063392992e-03,-4.632098955657978911e-02,1.291931888402037210e+00,-3.086132550127203000e-01,-3.019477043396112670e-04,2.946659217478742043e-02,4.996925443343838147e-01,1.058555426267831168e+00,2.152515231144572994e+00
9.679540540763476031e-05,5.222670309221677520e-02,2.664471607070439951e-01,5.896536559311775783e-01,-6.357157344029629176e-02,7.664729826734356655e-03,-2.057381333345627006e-01,-1.885140905078795948e-01,6.168755464399686139e-02,2.157910506921900673e-02,7.729327327578309204e-01,1.049843759261018528e-01,4.731845662731349461e-02,-1.979661016023478992e-02,2.003588410439696155e-01,-3.407723087098611381e-01,-5.036298545017914297e-02,-1.704919931568643632e-02,-3.640064081735028267e-01,1.884008933317751211e-01,-1.424886128741764679e-02,8.103789856561802174e-02,1.038312777021377364e-01,6.015236541179154184e-01,1.351000218209810644e+00
-6.594269055372303789e-03,1.889772542863221716e-02,-2.421269998407036272e-01,2.348342186157954536e-01,8.451191365765131636e-02,-5.184649834734059159e-02,9.892899111880537610e-01,-1.142734603575748520e-01,5.675794114982751770e-02,4.133967424063056395e-02,2.120003697242267560e-02,1.919741833705669032e-01,2.541006582238834743e-02,-6.925725172516418449e-02,1.419227260126912915e-01,-7.756169212879961972e-01,2.756970115233581264e-02,-7.947271600060856755e-02,4.607154802629755408e-01,-5.488063242256762120e-01,1.950297302667619581e-02,5.607258724932642768e-02,4.086614341223149260e-02,-2.199425758368034334e-01,1.535984622865449678e+00
5.212128481430611249e-02,-4.418839974129218362e-02,2.376193647133058029e-01,-1.931234615938098864e-01,-5.168067831910155840e-02,-3.585002389351482632e-02,-8.345786844777951519e-01,-2.388457242184661711e-01,-3.521752037854831985e-02,8.391915841528541087e-03,-9.342607318433585606e-01,-4.964822502852281882e-01,5.420323622804903985e-02,5.761627508398319691e-02,2.529225438141001758e-01,4.885432574815297135e-01,7.364060573510794461e-02,-4.008673963172487698e-02,1.804153375216295263e-01,1.431561725574322652e-01,3.701460334442990829e-02,-2.698379524816676978e-02,5.311141612276248924e-02,-8.244518615770105585e-01,1.740751968426518470e+00
2.362918801294688897e-02,6.615872799456101738e-02,-5.524139883850811561e-01,9.676613416624251229e-01,4.330558977162168866e-03,1.843404078488891651e-02,8.176332288122617475e-02,5.900907801555076437e-01,-2.442261833621285627e-02,-7.818598465224113614e-02,1.058839407932937737e-01,-9.170636126252718068e-01,-3.443012947295978621e-02,9.010036081297287391e-03,-3.934689191220550608e-01,7.355342147983023882e-02,-2.912948055027692051e-02,-6.362685652730853958e-02,-6.902548801969570214e-01,8.329688612443193751e-02,3.453282211412334046e-03,-3.906784814464908662e-02,-1.905670614429800791e-01,-4.447265075775821974e-01,1.829223827027024241e+00
3.213898994159691824e-02,7.262857944185796555e-02,-1.956427861632950016e-01,1.737527580089341939e-01,-6.202867912294296460e-02,-6.203402814591214842e-02,-1.462377277236049378e-01,-3.665168961141528903e-01,-6.852299711538065163e-02,5.405597477687462682e-02,-1.061273080402807545e-01,9.227442104605900752e-01,-3.219531326016766837e-03,-5.497464136542368207e-03,3.637255235475472803e-01,4.603282372548367363e-03,-8.105131925439806873e-02,2.491577980518766555e-02,-5.866776655509412519e-01,3.698579403102466023e-01,6.343453235554802339e-02,4.952677305582608991e-02,3.273984676942382488e-01,4.767455863555994933e-01,1.438754267597320835e+00
6.205521821378523484e-02,9.773114162501064794e-02,3.731892002563187982e-01,-5.944317839407142756e-02,8.454636243056051770e-02,-8.533011944493093526e-02,9.772905851555833134e-01,-4.629959613707668176e-01,3.166941779890292130e-02,4.685932333973175101e-02,9.908109729363344664e-01,3.301503358654898634e-01,3.681930358752105725e-02,-6.648929624363653090e-02,1.419559354200830015e-01,-2.764527838441757090e-01,1.868990559379357652e-02,8.999659301103435372e-02,5.413909755480516006e-01,1.070756466684231745e+00,8.000630993966473259e-02,-4.468328774368847400e-04,5.727190841013021227e-01,-7.077350709569842913e-01,2.195387310471858644e+00
-6.282508284299748169e-02,3.067261483326244598e-02,-1.195221170107777731e+00,-7.436063559026724334e-01,8.855094723780509991e-02,5.796109440588411571e-02,1.585213128637987245e-01,6.398331276559252601e-01,-2.707455980466677570e-03,-2.249951706287389719e-03,3.630139742520996360e-01,-1.710845145010854162e-01,-7.034323891944876950e-02,2.057885875201706516e-02,-1.125835889194042316e+00,8.515681663784335775e-01,6.657438762998707515e-02,-2.209439036200860906e-02,4.205023349672868394e-01,-4.930171077313864059e-01,6.372829339217123135e-03,5.309883716119272179e-02,-5.864149095372241938e-01,3.356922263470596413e-02,2.316008158001118478e+00
-2.751100615119073112e-03,5.764347324384117011e-02,5.633383092026185146e-01,-5.238160727413654350e-02,-2.177444363736918964e-02,-2.163900705066768015e-02,-1.170697161416424992e+00,-3.040041369760433931e-01,2.951888421092668802e-02,-4.665322048869802174e-02,1.639841132990366157e-02,-1.018840024162566138e-01,-1.107608298959987247e-01,6.354919657965424351e-02,-5.911755870438457627e-01,2.337987434794951414e-01,3.360976108336369284e-02,1.226642205095118676e-02,-4.072487797233525497e-01,-7.385137510148992446e-02,4.011058370955455921e-02,3.411838234908856626e-02,2.878032164791097247e-01,1.792042346114098295e-01,1.584857859799885249e+00
2.403547466274269517e-02,-4.991787609651598956e-02,2.138755215553051758e-01,-9.106243158586828645e-01,1.756697332680434709e-02,-6.784519065576827268e-02,1.279405597048912380e-01,-1.427180128345950649e-01,-4.369569396975814257e-02,-2.263326617490513115e-03,-8.148323836744006954e-01,-4.553997683105792671e-02,6.204217082941920758e-02,-4.899908631156962846e-02,1.236610870094829062e+00,-4.936399339199273317e-01,-5.761265003165561005e-02,4.297796362129008285e-02,-1.186180650383999780e+00,3.609913110616989051e-01,6.764926826352102296e-03,8.110467261546211448e-02,-1.307075025900601428e-01,2.846788435155292452e-01,2.239203114827839958e+00
-2.632025010011584953e-03,7.129006829856343597e-02,-4.929852131284314654e-01,9.104202962124043896e-01,3.388991870527974237e-02,-4.339008281116865651e-02,2.368244751452410757e-01,2.716055237045902904e-01,-7.218908834098286542e-02,-3.241790893509349791e-02,-4.967662575477785891e-01,-2.853917345924396054e-01,-3.156201731010799261e-02,-7.280931681907015784e-02,-4.963274161155840636e-01,-4.316372601699771661e-01,-8.937919951557650455e-02,-6.985289111829495745e-03,-1.483427513722032076e-01,-4.621043690790582747e-01,5.286495266072521737e-02,-6.141506646912078815e-02,5.707924381143733017e-01,-7.860803222059140616e-01,1.782466811273462293e+00
8.257216752659224390e-02,5.118743108855339230e-02,3.094395825314524839e-01,2.127426018584114287e-01,-3.314281860325313245e-02,4.506924668416462110e-02,-8.214071184642357526e-01,1.033783859598167210e+00,-8.304254275703537580e-02,4.641056407819671437e-02,-1.480831549911888756e-01,5.363465829704658905e-01,6.854412421412331424e-02,-2.893708737600830805e-02,7.191403866161554248e-01,9.217264066994818039e-02,4.919637323605063894e-03,-2.033559341669094467e-02,9.666450840796911859e-01,-1.182393699083979233e-01,7.529855690732167872e-03,-5.280749170648429969e-02,-5.231419969217342425e-01,-5.363796003539766932e-02,1.993755384548853593e+00
-8.334126866014557322e-02,7.829534929205861360e-02,-1.112157112406177983e+00,5.516360925889645106e-01,-5.405455417596877199e-02,6.825458942703782617e-02,-1.322950978375744824e-02,6.302610589495571958e-01,6.953749008416265642e-02,-3.842475545694346017e-02,9.105904274331326764e-01,-1.192507992220470658e-01,-1.036938960295602508e-02,2.041878064049718056e-02,-5.445200820605222702e-01,5.015498051786363432e-01,9.285480829338504938e-02,7.732267183471142058e-02,9.278000086109505773e-01,5.490640499881935810e-01,-3.683033125467582991e-03,5.116695933647052996e-02,-1.380940030909725280e-01,7.786976022319717083e-01,2.272113392373517282e+00
3.963510349507859409e-02,7.422368542226998045e-04,4.064637195740166131e-01,-2.108850691556563017e-02,3.163808307433269018e-02,6.169837986010923148e-02,5.631173286495148034e-01,-2.039637850055329160e-01,-4.645166874460604500e-02,-2.601283613270793937e-02,-6.926985298612032826e-01,-3.497408781802423539e-01,1.914193435604027993e-02,-7.300116723036442767e-02,2.427409230377977900e-01,-6.538262051574510458e-01,-5.442070956284683625e-03,2.599335156413207226e-02,-2.085913772935357735e-01,-4.477858265387002490e-01,8.901492824862422548e-02,1.070543910340437943e-02,3.702651660545419054e-01,-5.398453054723312272e-02,1.421480726372194248e+00
-6.244423782278518686e-02,-9.051948579508550807e-02,-4.745209722162403443e-01,-8.368377160537939785e-01,-8.557959907949774792e-02,1.982173860001396060e-02,-4.822377699371841464e-01,-4.988648899321995733e-01,-2.560127980363519073e-02,-1.759268981128041254e-03,-5.458928396088319479e-02,-1.152256612885670384e-01,-7.991311513527277199e-02,-3.183430834852196689e-02,-3.751288632159573977e-01,-1.168003755960544399e-01,3.971027725454934210e-02,-1.207500647261100513e-02,2.396734182228918986e-01,-4.222898180958895020e-01,4.962615093238381681e-02,-5.143743618399576611e-02,6.016712510049532225e-02,-2.761384478173657397e-01,1.388470962850030466e+00
-1.848830364869724630e-02,-7.714677969495697951e-02,4.690405132180699432e-01,5.930646660600247255e-02,-2.481028345130825707e-02,-5.292536966365046780e-02,4.966720462741650577e-01,-3.387118565833813766e-01,7.118143540910126799e-02,-3.280523531914848745e-02,9.777909457667605109e-01,-7.435430393647624037e-02,7.664960186545038967e-02,1.395881299886436722e-03,8.246551102242694054e-01,3.293839175187897039e-01,3.130495720165510365e-02,1.109640340343692744e-03,-3.826101889309146964e-02,-6.227939793592673912e-02,-6.129705504111632175e-02,-3.069213046259067212e-02,-6.539991780209755134e-01,3.364076727664894184e-03,1.671992294187498285e+00
2.653735428181713818e-02,6.656951922239118247e-02,4.320093611298170266e-02,1.245885579079202499e+00,-7.400734039265313702e-02,-3.531012694815582886e-02,-5.203875090160378081e-01,-2.507695155236777662e-01,-1.602935573843872197e-02,7.592720957917287183e-02,-2.656008362415935298e-01,7.138214206566515507e-01,6.272366174910337655e-04,4.221708206429730659e-02,1.766428164344334764e-02,4.695959888401494142e-01,3.909841019655696526e-02,-5.703822696520699509e-02,-2.198612102703274285e-01,-1.446160786157953959e-01,-5.566033962701544269e-02,-4.456712546349483883e-02,-3.270147679362697679e-01,5.715322293008223697e-02,1.702260670311218194e+00
1.745105515096545545e-03,9.701312963376751419e-02,-1.919896126442351969e-01,2.474606376260418406e-01,4.984911002996200713e-02,-7.817380181503458259e-02,1.223502013137015343e+00,-3.689938436561427948e-01,7.542501296142223310e-02,6.889710855512271026e-02,7.795360987461543711e-01,4.468982709310104218e-01,5.144917299140111533e-02,-4.907636064349352178e-02,6.748297336158515236e-01,-4.470421540978816166e-01,5.822899150632432352e-02,5.415886763734584219e-02,-1.355693562426897592e-01,6.748100427649419419e-01,-4.640609239753609727e-02,6.824096249834465944e-02,-1.463632627230872507e-01,1.215266890541567779e+00,2.283095792870844409e+00
2.914294068989486952e-02,-4.924333333192687512e-02,-7.328424058441362909e-02,-1.419526834948220184e+00,8.084922070655231607e-02,1.627900621155703442e-02,5.088426737175804071e-01,3.548192237996413700e-01,-2.490659205320061576e-02,1.050333151404522769e-01,-7.589569361996949537e-01,-8.104244679835947984e-02,2.101202199455437514e-02,-9.191682296882741632e-02,1.215684331233450322e-01,-2.142824693495938293e-01,2.685620271548017080e-02,-3.661249364725831235e-02,-2.169083869134317277e-01,-6.526953972777670421e-01,5.154775468540820360e-02,7.068147877347996655e-02,7.628644826724764183e-01,5.577238565202231602e-01,2.110671863937914505e+00
3.435836906609027186e-02,4.146956622189201802e-02,3.571348349784437826e-01,3.641662581084193495e-01,-4.421114380302187952e-02,7.050917104100662414e-02,-1.157124144758957751e+00,4.856366232878552847e-01,9.598953343007310401e-03,-6.405961207122956580e-02,4.980995341929095321e-02,-9.575342537563047429e-01,-7.204906236025321320e-03,-6.940773700845892513e-02,-5.443512272158868015e-01,-5.584973248230559739e-02,3.311713318569409203e-02,3.765387046279836114e-02,1.352285413052363716e-01,1.313184804260926208e-01,-5.695204099939905895e-02,2.060402479881051629e-02,-4.055018188655298284e-01,-4.819479615934341155e-01,1.873777706400399978e+00
-5.869958454210244536e-02,-4.666018155114137755e-03,-4.107616625029868462e-01,-3.021248385872499220e-02,-4.798870962886903069e-02,-7.682010134323202788e-02,-1.743563771097334236e-01,-1.161572232955641493e+00,-2.575624216640429176e-02,-1.987273270850697937e-02,-3.234146124588638260e-01,5.899732920049194362e-03,2.199930065280020219e-04,-3.377376806760323813e-02,-1.932823883753310712e-01,1.118168661043062728e-01,-4.574010312188292460e-03,8.794309260322796806e-02,-5.016538702958923679e-01,6.400785156075786686e-01,-2.704986142015215062e-02,-4.513075679736278101e-02,-1.478981228496484834e-01,-7.939269412013896243e-01,1.744054492848414073e+00
-6.240467095621660132e-02,7.678548386746109067e-02,-3.734581536306397220e-01,6.228011932886041713e-01,7.295812206038994330e-02,-4.013170716284908401e-02,1.049021557281227368e+00,-3.013999245346094535e-01,7.482866787216198301e-02,6.162487139475758546e-03,5.471026862227090781e-01,2.523771251903513257e-01,-4.030274754216367494e-02,3.279541278424480399e-02,-6.974406620253806866e-01,7.061472140105340412e-01,2.220210816468570769e-02,1.017362764284638343e-01,1.016615955763176815e-02,3.786320147452307827e-01,-4.134054611274767810e-02,1.832373628528294329e-02,-4.490295222254898078e-01,9.391731729650071303e-02,1.859727364740797473e+00
4.818929691338108556e-02,-4.872266799659707992e-02,5.943430908717219907e-01,-1.194240778612738696e+00,1.322231993645503478e-02,-9.318041163862977871e-03,-7.100496902302863567e-02,4.069098247377458955e-01,4.886674306601854201e-02,8.362512076566175345e-02,-3.037464871200091787e-01,4.052928437586043597e-01,-6.642654643880224752e-03,3.133933474081151971e-02,1.512582496997031956e-01,-6.759726051951486792e-02,-8.135381876115271860e-02,-7.389948364148879456e-02,-8.213314685611921018e-01,-1.069970465433168982e+00,-6.407244931823660727e-02,-8.375137104851460013e-02,-2.027453708530694287e-01,-9.440006131026197345e-01,2.241489249017158514e+00
2.709395213849186135e-02,-7.431023691239690976e-02,1.894414462978016855e-01,-3.363031222683954269e-01,-6.191559739906453419e-02,8.873171650438305136e-02,-8.725246147368114213e-01,6.573081079639382374e-01,-8.509468620167245922e-02,6.575838005465572955e-02,-1.202610659583684072e+00,-1.658405324199480058e-01,5.711876491118121624e-02,-3.269360590149150703e-02,2.754402866258590654e-01,-7.524394840604242685e-01,-7.814480669745266228e-02,-8.940365510931735926e-02,-5.244201990599647312e-01,-9.582417652679420250e-02,2.370302331875528967e-02,6.356659471503878223e-03,6.652758202301261026e-01,3.064345043799093782e-01,2.080241179766134874e+00
-6.266632334341792898e-02,-3.573248402854023453e-02,-5.332621119283962319e-01,5.949920536435546747e-01,-3.283213434790864527e-02,-5.604031631349049025e-02,-3.882417514435643202e-02,-6.971819303701114467e-01,1.012351524493015908e-02,4.365371817450158787e-02,5.085458330580275854e-01,-2.362015260566156238e-01,-2.944000862905508942e-02,-4.782055262169504495e-02,-8.380105488992986018e-01,-3.484326566526413371e-02,-8.155800451411382435e-02,1.954286713587616298e-02,-2.650108745761299289e-01,5.538899252274323004e-01,-6.285061772382194434e-02,9.394828559253681766e-02,-6.981550107468386113e-01,5.679094631084599110e-01,1.834448211892850900e+00
-4.626951410865054459e-02,-8.024759844087347993e-02,2.172876059743473753e-01,-2.974896573712244585e-01,-2.234993131000714839e-02,-3.170253494973934716e-03,1.051922315974561650e-01,-1.500661082730014861e-02,2.551490062562350447e-02,3.054362148291134282e-02,3.320010775377819634e-01,-7.407222325553185216e-02,5.003263254555841838e-02,-5.338646047346362611e-02,6.706027319436947964e-01,-3.247444146347283622e-01,-8.324130060523349250e-02,6.902079225040802513e-02,1.389494020256192841e-01,5.939850367620396199e-01,-8.003784629707777487e-02,1.067128902258325795e-01,-7.389446368687735411e-02,-4.465266905707188094e-02,1.114888552037909042e+00
8.246633588227569867e-02,-1.706843950582792591e-02,1.243168590797914197e+00,5.757053647772576443e-01,-6.559960534254577480e-02,-2.192749455702899808e-02,-4.656265242399613147e-01,-1.005184393053623060e-01,9.208393468823178329e-02,-2.653693158628056548e-02,2.779822003797870478e-01,-4.097600120304929483e-01,8.570540421797795405e-02,5.117584470815150777e-02,1.786542304120841695e-01,5.979317867048354884e-01,-3.546695060396945487e-02,-6.859889887955794574e-02,7.202943247180817465e-01,-8.901441901958906389e-01,3.699125849490325635e-02,-2.827089363887086426e-02,7.462644116984112896e-01,-9.621388406800942539e-01,2.360379582795242737e+00
-5.066964009496022214e-02,-4.726680422474544008e-02,-5.263011707568425734e-01,-2.319965322636949878e-01,6.636005342501305471e-02,-1.966410576546262501e-02,8.277766938564452559e-01,3.130130994666158184e-02,3.103861914621530715e-03,-8.978624815335634057e-02,-5.437998005698766457e-01,-4.072971196237529790e-01,-7.870842581676522343e-02,5.084078105708300654e-02,-9.963654000054473769e-01,-1.448481632776272843e-01,8.905281154118177556e-03,-1.945060724888147963e-02,6.232187202556499495e-01,3.333455877274844603e-01,-3.220314185007550067e-02,2.725996347893096250e-02,-3.008776342793349490e-01,2.046048958408628327e-01,1.775650741768876273e+00
-8.558410903400504033e-02,-9.411624090388814867e-03,-6.602167458056599214e-01,1.985393523429412888e-02,-3.529477196656088944e-02,-7.624402165475142878e-03,-8.878871856228842674e-01,1.172052126523378535e-01,-1.401550336442980438e-02,-1.383989799151774669e-03,-3.512570032506745488e-01,1.580553524730253512e-01,-5.640674933009354186e-02,-5.367566110315002970e-02,6.392068299282421817e-02,-6.205462154266417896e-01,9.379478595472855174e-03,6.174520668875105311e-02,-3.325644469783374246e-01,7.066412634347675192e-01,2.543960322356203507e-02,-2.627376459963938482e-02,4.224889471661429363e-01,-4.046056710101935128e-01,1.657783844877321444e+00
-2.474828000990614285e-02,-3.645338762320109172e-02,6.764218208100658547e-01,2.254135276405202504e-01,-2.895969908719506214e-02,5.858472923877149074e-02,-5.375040818529395331e-02,7.637970802284550498e-01,2.933171341301632484e-02,7.133737537070339307e-02,3.179429485392711863e-01,6.426362342513107784e-01,-5.801771476457950882e-02,5.855833894386824889e-02,-8.636412862807590907e-02,7.538211908768934766e-01,-7.759508174568152672e-02,8.379465471861913262e-02,-8.672289881489719798e-01,3.356791053510163048e-01,-2.436939535349058605e-02,-4.306757700326747929e-02,-1.518809558577260410e-01,-6.300238562746940385e-02,1.763705933170977680e+00
7.392854325729802945e-02,-1.514394664278939651e-03,9.274298151546204183e-01,7.472139135016306888e-01,4.555990482153524090e-02,2.205424363881605676e-02,9.350445682418047078e-01,-1.648573869246013901e-01,2.057064067379466010e-02,-4.743920656566857907e-02,-4.229270142235891372e-02,-4.013507180473606661e-01,-8.221651776636912379e-02,2.797185994170914292e-02,2.243980924953178080e-01,7.877687963144031080e-03,-5.469729448039364894e-02,-7.794890033387347206e-02,2.875600725545224279e-02,-1.500587803486110428e+00,4.026183643431296977e-02,-9.099875216939734557e-02,2.792844167396827393e-01,-3.405966141630435429e-01,2.239875035520190849e+00
9.560899319349358549e-02,5.574961461052374556e-02,3.668284697444163522e-01,6.343605624327388615e-01,5.043170352369172327e-02,5.694588644027527569e-02,-1.284495799000553995e-01,1.984613977490486403e-01,2.919331589372575753e-02,8.109393395835862162e-02,-9.318839176172621919e-02,7.325044438999890328e-01,3.378467428986237087e-02,8.093649607201011675e-02,1.037285403380095339e+00,4.157198395048367079e-01,-4.084205816501373931e-05,-9.826395980791924334e-02,1.907016291713633793e-01,-2.919512935336897597e-01,1.012566615379401069e-02,-7.505323905567068410e-02,4.572034758945769939e-02,-2.617597030574994044e-01,1.621003353815857251e+00
-6.816591181870035321e-02,6.620980268892995291e-02,-1.165286366686856256e+00,1.443911152457442171e-01,5.507730981861197472e-02,8.279171753849469406e-02,-2.677095557881118970e-01,2.166126397983817731e-01,6.270013443366073691e-02,5.335501136855691495e-02,1.724446884942940350e-01,1.677908941457708636e-01,-4.966669175316487661e-02,7.297279844793000403e-02,-3.985341496481593082e-01,-1.471638459057367232e-01,6.672605264841213746e-02,4.959476534199191988e-02,4.196097874818489615e-01,7.436592534843915470e-01,5.113105457116795538e-03,-5.377526097747137301e-02,-2.863192564987676048e-01,-1.828098957697625870e-01,1.619730199156196315e+00
-8.240787494814894032e-02,6.012973973793167559e-02,-1.350203491482997453e-01,2.134946971042104291e-01,8.815713118361112599e-02,-2.340637554255509123e-02,3.335659326611500886e-02,-9.822278936398125548e-01,8.463963085244774476e-03,-7.448652501955527194e-02,-5.800876737865948707e-01,-6.209061769020337573e-01,4.683550379747242198e-03,2.171304737358881187e-03,2.348181197826909594e-01,-3.219062223133903333e-01,-5.421327900173411596e-02,1.202578103790152841e-02,-4.231940867321780653e-01,-5.264248335617837116e-01,-3.376154879319542834e-02,-1.006209890931059059e-02,-2.796104371354755092e-01,5.708103262645131126e-01,1.673142073588123724e+00
6.999012485804989581e-02,-3.323604406606661676e-02,1.314490745532565397e+00,-1.023841071449104856e+00,-1.625764853205341476e-02,7.458398586730252688e-03,-9.566262176506390436e-01,-4.287542243516940244e-01,5.978289864128005782e-02,5.286765292552486617e-02,-7.701591266162655103e-04,6.188288875510514764e-01,5.042983690721906942e-02,-7.110520508261126971e-02,1.618661255320356651e-01,-7.215519548185104215e-01,2.507574812107005169e-02,-1.922189759268411180e-02,4.809693695761493304e-01,-3.223079585261803270e-01,-6.814294392805064771e-03,-8.301715573604945275e-02,-1.281940732578524811e-01,-1.826296147597260555e-01,2.284319837067025460e+00
-1.470199147214290569e-02,-1.013203337795589576e-01,-5.765430021293538321e-01,-5.663198710298331662e-01,-8.226820308648138957e-02,3.092441245854005150e-02,-8.514613143141334106e-01,3.444102498857634642e-01,-4.792365684620292221e-02,-1.259142647729841191e-02,-1.071129743771760845e+00,-5.875035305798501639e-01,5.521253961343258743e-03,2.981637506438981206e-02,-3.088953096338880044e-01,5.643784531066388110e-01,-5.860466428560906493e-02,-1.785014986107713586e-02,-4.702657727718149716e-01,-3.953283649079136763e-01,-1.004908960109303362e-02,-3.172610992477675751e-03,1.921538910002851264e-01,4.184580686854456055e-01,2.004508274765166131e+00
2.714437393106688967e-02,5.733403441536455425e-02,3.605773707791608551e-01,9.080253487191266570e-01,-8.898260669167647186e-02,7.065954326587514656e-02,-1.789011338103012050e-01,6.029770628620179096e-01,-5.906912943391073867e-02,-6.636034427408984970e-02,-2.407670024218177551e-01,-5.084774422133307992e-01,-5.478337394214591316e-02,-2.324239006993300549e-04,-1.733066479970685192e-01,-1.068951196052392305e-02,-5.565257171044257767e-02,-3.982932628151325538e-02,1.326397306869746551e-01,-2.659655669530325284e-02,-6.525090215106638114e-02,-3.431244413767686741e-02,-6.176669799448267772e-01,-3.036625376948800525e-01,1.492230571355001922e+00
4.060400706406325222e-02,-6.510003175643963580e-02,3.159632933792759779e-01,-8.063133803304030067e-01,-4.103619372750682420e-02,-1.329055880980278825e-02,6.932174245779378907e-01,-2.733890783161876947e-01,4.516325882370164635e-03,-8.524213564672505905e-02,1.693630471050585617e-01,-5.414209015923900914e-01,4.984710562281213786e-02,-4.891698671192448722e-02,6.098065605057783056e-01,-6.696193803934434863e-01,2.422750297175324530e-02,5.045344924975780909e-02,7.028150116273519377e-01,5.555231563463673972e-01,-6.855167526103905784e-03,3.695150669413238553e-02,3.681264121843581538e-01,3.411013953150784372e-01,1.877823006282623108e+00
5.478715487169918963e-02,-8.812185079031431556e-02,2.691573397096753695e-01,-4.348727657944037595e-01,6.232784688826115138e-02,-1.833179123419176326e-02,1.020549853780082339e+00,1.897043122130470938e-01,2.102199012685312951e-02,-9.727019175751974722e-02,6.218831701796356803e-02,2.344793107170173307e-04,-1.027802268788363671e-02,-9.433706483878367965e-02,-1.213979778811868915e-01,-2.151531139877211896e-01,9.074155418094986825e-02,6.241169977349037001e-02,7.955401967381701134e-01,5.016795172995488494e-01,-2.399048019506438978e-03,-4.559055458765470803e-02,-1.464837762679653821e-01,-6.310666113793801379e-01,1.660224247676286513e+00
6.423003229998980324e-02,-1.550490455122455202e-03,4.423232399561722872e-01,4.472890471900662357e-01,1.024446368415393438e-01,-3.053792283888911996e-02,9.181914456175028771e-01,-4.554883255022134092e-01,-3.539103136335408628e-02,-6.717827709230766997e-02,-6.792509779210800236e-01,-1.354890519886206013e-01,-6.312881088607347202e-02,-5.253978336323583687e-02,-5.190324743106390359e-01,6.417135171652808001e-01,6.596398550645732328e-02,8.678405175575554242e-02,3.980064655845988453e-01,2.054276196642285113e-01,8.366542706193480505e-02,-5.525797053572556461e-02,5.374995705283104330e-01,-5.026884092560759409e-01,1.843747879529109790e+00
-1.367471646500167948e-02,-2.926405927703212839e-02,-1.814743810409218394e-01,-3.452618144874231576e-01,7.281829286701346771e-03,-4.247233936748712191e-02,-4.576951221467617237e-01,-4.941172834398928071e-01,5.520353611863282328e-02,-4.430908265033689508e-02,5.660876835008591401e-01,1.872323050796358967e-01,-8.333922701418450263e-02,6.269413834053938483e-03,-4.375224106875801322e-01,6.092000105465638082e-01,-7.634391606083945625e-02,-6.684506915126944837e-02,-8.427746213295086442e-01,-9.908728041268743958e-01,-4.432539675901153720e-02,-1.439316707668081285e-02,-7.078867396834160886e-01,2.248094043262068853e-01,1.948061166180977688e+00
2.781632135299028086e-02,-2.846978526361532147e-02,1.840869862890945896e-01,1.837489918044540871e-01,7.295776512150203841e-02,-8.102855825807359080e-02,2.576976427038711326e-01,-4.913396040877016091e-01,1.484420601838754017e-02,7.306556254353963054e-02,-5.792912304445730909e-01,1.119899605634144590e+00,6.662476738348854788e-02,-6.176608479329559476e-02,7.637362164714306401e-01,2.541532976555421763e-02,-4.282608805267706931e-02,-7.348104428849533409e-04,-3.151289796865308634e-02,2.883622537865145885e-01,-7.032665684651795424e-02,7.866257322752556735e-02,-6.023111124278111017e-01,1.022117352562835313e+00,2.020165595755902377e+00
6.436850130592253194e-03,-3.462199796366238758e-02,2.362946058997603682e-01,-2.381022249686010062e-01,-1.535491658319715347e-02,-6.636897075200498541e-02,-3.427231471616534741e-01,-2.612456335020800213e-01,3.171376316854934707e-03,1.150912027401940207e-01,-1.313193157698167024e-01,2.377755841693684202e-01,1.854096931301596474e-02,-8.345810214844945341e-02,1.751612824489891529e-01,5.672809229821101917e-02,1.794650026495447914e-02,-2.605266582620936744e-02,5.578822495339005316e-01,-2.927216387886097948e-01,5.926344862304377958e-02,-2.123223851116629035e-03,5.691729225618756827e-01,-2.245693009789684336e-02,1.076225700389311646e+00
-3.939436122880246582e-02,-5.592321626777763122e-02,-5.526494887563859759e-01,-4.596354437376514168e-01,-8.999073546672808899e-02,1.708375707686365930e-02,-4.703262102435572523e-01,3.457577061186241085e-01,-4.847903224251703946e-02,-7.506601254856937189e-02,3.433379643258960279e-02,-1.012630176768554158e+00,-4.370328036961301787e-02,4.959512374821167802e-02,-7.460233178175755819e-01,9.211646078377291325e-01,6.546830588993302058e-02,-8.324515540629767729e-03,8.126265177951935703e-01,-2.351853682125626399e-02,-3.946655272968002670e-03,8.961309606656597815e-02,-1.228139905615875382e-01,2.976668858800181061e-01,2.022761636644807126e+00
-3.839366096638596737e-02,4.384331131878771437e-02,-3.632626274442460890e-01,5.128310024683796486e-01,-9.574120582188205830e-03,-3.476425889359108234e-02,4.530803466104195154e-01,4.822228663811178873e-02,3.713031045962444932e-02,3.789574959753272410e-02,9.352432398239360900e-01,2.772546953573968853e-01,5.930047995519882598e-03,-4.314463686413283483e-02,3.078823602710977769e-01,-7.431009083606943122e-01,2.160824707698466574e-02,4.723858754925297498e-02,-4.849642497522177464e-02,5.626949092040021139e-01,-6.834437438932328135e-02,-3.884953949404990059e-02,-5.421518460369569858e-01,-1.293023644331547262e+00,2.122311458730639977e+00
-9.126686196806121920e-02,2.583541469603156671e-03,-1.726816557857182577e-01,-5.645169465258546015e-01,1.354125141986195491e-02,-8.779059737410443987e-03,2.023981338025623855e-01,-1.376039514594982749e-01,5.558769769050797560e-02,6.432520610060521449e-02,3.806140749001860613e-01,3.559956425718583395e-01,5.279518671438343524e-02,-9.338299737434646586e-02,4.175065894817020506e-01,-6.277868725776785119e-01,-4.914014476400149767e-02,2.422370213584085219e-02,-7.098059149390936184e-01,-3.690808760428728741e-01,5.887639616165563083e-02,3.737212197434075511e-02,9.827987126943802387e-01,3.389310946696882931e-01,1.733330850238925303e+00
-5.840146723252970240e-02,-5.691416419031536389e-02,5.503915018974812057e-01,-6.783374642584161229e-01,-4.121956693878525702e-02,5.853127675993557988e-02,-7.269461446956597683e-01,1.232703105482521044e-01,-1.650886878982348038e-02,-2.631638016470916330e-02,-5.848933984594880675e-01,-9.212635400115879447e-01,1.484030181697593154e-02,2.715287669583221764e-02,-1.110793939355981808e-01,9.696291610358215296e-01,-5.343079806570774637e-02,-7.692749802334530873e-02,-5.064604302770095989e-01,-1.165083083591796242e+00,-1.414175821429686231e-02,5.222793543710957387e-02,-5.053523703208594453e-01,8.611477473957940276e-02,2.313477992063047939e+00
7.498215399566188211e-02,-4.045003435510574619e-02,1.111373953430084160e+00,2.718162016254721536e-01,2.415337301086628585e-02,-7.516380813368306324e-02,5.388728427154075851e-01,-1.018511094498940617e+00,-5.919537523883187935e-02,-8.985937503741547872e-03,-5.581994127500330416e-01,-3.664028347567796495e-01,6.923240764079707787e-02,1.411070647543327672e-02,4.373505641802526434e-01,2.017042112295212575e-01,6.553986793479933681e-02,-2.680148274028665289e-02,5.841005729530345247e-01,1.213804291060488483e-01,-1.369754065925510300e-02,-5.763084192449774434e-02,1.592621249947179241e-01,-8.617902795573182395e-01,2.114031113114298144e+00
-1.891080121335231290e-02,5.030491784060314719e-02,-3.783989787927770632e-01,4.914316635413968903e-01,-9.721719550906393614e-03,-1.595074478982977384e-02,1.257257866176419991e-01,2.645998262559072223e-01,1.122565806046404990e-02,-8.983921800575500605e-02,1.675367840315542534e-01,-5.843378321304567580e-01,5.067827389064760713e-02,3.156666257919943375e-02,-2.469237141112304024e-01,-8.047663662433914011e-02,-2.697659994649929949e-02,-7.446107870596596623e-02,-5.044335044603829310e-01,-7.167516058913254717e-01,-7.597016518456800593e-02,6.684263955948990810e-02,-4.824108049070895965e-01,8.985325804629332724e-01,1.657484714586945795e+00
4.339170810473103046e-02,-5.885865796455228005e-02,6.245093670325558843e-01,-9.916478438193323530e-01,2.991159284328781531e-02,1.958650109163925790e-02,6.124839822425627300e-01,-2.311753643677399994e-02,8.149012046433723455e-02,-7.877712818512483395e-02,1.345038273598588852e-01,-2.919797964859379702e-01,1.002853090851041351e-02,7.536389485068656358e-02,-4.798002374055629904e-01,-3.823953134503767920e-02,-2.978626246304377778e-02,-2.058926013466477745e-02,9.901877727635022275e-02,1.671041899243031759e-01,-8.992931488769950743e-02,-1.571299535867995423e-02,-2.264586676074026861e-01,-6.981057170890146990e-01,1.641744104095631762e+00
9.493769757859826797e-02,5.763333367798334494e-02,3.354335349473488437e-01,1.100596450882763699e+00,-3.720974325763248824e-02,6.366162570410130450e-02,-2.754839412064021831e-01,2.725234620510896821e-02,1.364310333571727707e-02,-2.629109880667351851e-02,-2.568196827060740262e-01,3.934346855052248682e-01,-4.558206752039928311e-02,3.204168334628801351e-02,-1.808734699781317234e-01,-5.825816601500741765e-01,3.804913969424666975e-02,-1.850448483662880950e-02,8.635110121592973753e-01,3.109846310047135187e-01,1.619972252893042697e-02,2.947263249815061659e-02,7.112816414181184488e-01,4.324796744954741978e-01,1.885026301460019260e+00
1.341406658930788254e-02,4.565830383525093517e-02,-3.962882053505860647e-01,-2.421698963371925473e-01,4.942436691320772901e-03,8.943679341071014699e-03,1.373388814990882945e-01,-6.355538669432301280e-01,1.014935802790439823e-03,-6.051613479229633885e-02,-2.200041796171943176e-01,2.022152424079282085e-02,4.870651697083594467e-02,3.332911070462560299e-03,1.056288321531791086e+00,-9.757258132066096157e-02,-4.540762299478839914e-02,4.950846046139889545e-02,-7.144601313487389804e-01,4.492835953961986650e-01,8.981869596930436295e-02,8.212002396878106958e-02,4.769233740992511184e-01,8.573012879452008850e-01,1.874840694837698996e+00
