1.000000000000000000e+00,0.000000000000000000e+00,0.000000000000000000e+00,0.000000000000000000e+00,0.000000000000000000e+00,0.000000000000000000e+00,0.000000000000000000e+00,0.000000000000000000e+00,0.000000000000000000e+00,0.000000000000000000e+00,0.000000000000000000e+00,0.000000000000000000e+00,0.000000000000000000e+00,0.000000000000000000e+00,0.000000000000000000e+00,0.000000000000000000e+00,0.000000000000000000e+00,0.000000000000000000e+00,0.000000000000000000e+00,0.000000000000000000e+00,0.000000000000000000e+00,0.000000000000000000e+00,0.000000000000000000e+00,0.000000000000000000e+00
9.812229845746688328e-01,9.480132776499999858e-02,-7.680060581885950199e-02,9.865848419703660693e-03,-3.439813595575635236e-02,-3.440054796637973672e-02,-4.419163878318005390e-02,3.661761457749351800e-02,1.011150117432088082e-02,2.080725777960455020e-02,-4.794155057041975948e-02,4.699098521619943236e-02,3.324426408004217681e-02,-2.876608893217238658e-02,-3.181750327928994232e-02,-3.165954901465661830e-02,-1.957577570404622769e-02,2.475643163223784343e-03,-6.805498135788424011e-03,-2.087708598019581002e-02,1.118528947223794770e-02,-3.605061393479581933e-02,-2.078553514647818456e-02,-1.336381567063082976e-02
9.431758134189963672e-01,1.037605324238851379e-01,-1.565116825797766009e-01,-9.479795580209770048e-03,-7.468840491366315892e-02,-3.271736050598098716e-02,-8.885860397381328823e-02,7.856389857511894559e-02,-1.990240355149483498e-02,4.213177805831862938e-02,-6.981972482857688733e-02,4.424013106597852324e-02,3.595693041231232123e-02,-6.161412216268127851e-02,1.358921493652448520e-02,-2.654667435615067766e-03,2.369243235199863795e-02,3.888174249592418058e-02,6.022697898511637955e-03,2.085442217652033400e-02,-3.032091635915570849e-02,-6.700783360521532506e-02,-6.658723878701142129e-02,-2.817611342491622636e-02
8.670399020187979922e-01,1.806161971712868519e-01,-2.286968717094549075e-01,-4.679373026743153391e-03,-5.435481417955598249e-02,-7.096688940094672549e-02,-9.889648483372612264e-02,3.851407754642233866e-02,7.454769984780437730e-03,5.763333510683284894e-02,-8.650469054263798530e-02,-7.365000909075755664e-03,2.125409941868190711e-02,-7.718920297538717223e-02,3.300148129817939702e-02,1.795482348225423824e-02,6.093476315213073452e-02,3.912462625389845350e-02,-3.546173660736296612e-02,3.846029032201180725e-02,-7.379912246576903617e-03,-6.478805360082126596e-02,-3.464232703028043148e-02,-2.523158083036326771e-02
8.026654571843596653e-01,1.798386315240821653e-01,-3.347679954273844460e-01,-6.796277862004150572e-02,-1.740683498796487955e-02,-3.856430638123885951e-02,-8.141970218106922563e-02,7.759873121956771536e-02,2.625895791928634787e-02,2.556545096393418592e-02,-4.708899386537158255e-02,-1.345008806782041141e-02,5.900443931402761522e-02,-3.424665842547595235e-02,1.157789419760372682e-02,-1.179178049300639089e-02,2.785675593363353894e-02,3.846792703687232362e-02,-1.144539956213697085e-02,6.861773038958388082e-02,-5.688104422129797166e-02,-6.619978757155467464e-02,-4.069261428596480934e-02,-4.810753511333004662e-02
7.337279200501894971e-01,1.655269395838729618e-01,-3.986123772367496931e-01,-1.019032394929283714e-01,-6.837466862788327271e-02,-5.356513170257172496e-02,-4.220407861824224810e-02,5.087883769760116748e-02,-1.539544178842281244e-02,2.431227443766775798e-02,-1.875599435398542236e-04,-4.405902896758838450e-02,7.871120800193490141e-02,-6.116198381030751863e-03,-2.004453347867131419e-02,1.510376260437289349e-02,1.140394698823528861e-02,5.970590203804843066e-02,-4.219140155321493210e-03,6.735166859859191557e-02,-9.827479267892094694e-02,-3.989648731711616797e-02,-5.028056380365202027e-02,-7.455958547322595609e-02
6.651698010467906874e-01,1.521407788586486287e-01,-4.219644051886327629e-01,-9.990998875729276141e-02,-9.371108080165194143e-02,-3.554534276764041711e-02,-5.911616333356656261e-03,5.933960011270758561e-02,-1.356225743557781110e-02,-6.825503551353799547e-03,-3.714551931503531218e-02,-6.503474939967217316e-03,1.165622666000110663e-01,1.265673408232197324e-02,-4.463888569897248026e-02,-4.545846413236322853e-04,3.053737418855255112e-02,1.063471828975266487e-01,3.002600559936123570e-02,8.873914548825710680e-02,-8.650328331689430272e-02,-9.357704859269116993e-02,-7.026907304488017036e-02,-3.275038234078819083e-02
5.938026938666923771e-01,1.989297529227326278e-01,-4.659203101934226710e-01,-1.005634301852686985e-01,-7.618937066214986897e-02,-2.721928082893741024e-02,-4.008714823654717374e-02,4.900198395444978205e-02,-4.033263421301316876e-02,-3.370880647544931968e-02,1.206663378877878556e-02,-1.831787164234909351e-02,1.499473127974773057e-01,3.144290328875247453e-02,-2.651322944148028909e-02,-3.673603403262063610e-03,3.575144953365586714e-02,1.153288351040895887e-01,-8.103514476594866900e-03,1.012898928551467514e-01,-1.102603730568558066e-01,-1.481392084184861291e-01,-4.500499346469884893e-02,-5.897201478755490639e-02
5.687315730490090093e-01,1.988558205745366847e-01,-5.504471336968014272e-01,-1.373198348457334572e-01,-3.475425798498121832e-02,-6.335388248761286700e-03,-2.764917366687814904e-02,9.142698956354347595e-03,-2.569759894075286655e-02,1.166909411432699717e-02,-1.905594291864114859e-02,-1.239981414301564652e-02,1.825353188991827302e-01,6.241334757418673385e-02,-2.145849404565464483e-02,1.213490481715565408e-02,1.493215384439508693e-02,1.058763076022246619e-01,1.427081338651381773e-02,1.197342217827776778e-01,-6.999965755489648278e-02,-1.172725321972193369e-01,-2.963161670097093359e-02,-4.587710193738153003e-02
4.789081234287093647e-01,2.212510497170012691e-01,-6.440115136250201822e-01,-2.299886337180752083e-01,-4.727506349206114789e-03,-2.109090390901601636e-02,-6.175007932550771739e-02,1.056860481780845344e-02,-1.024018331788761199e-03,-1.933943394605803362e-02,-3.461755860231705700e-03,-5.590236355545166042e-02,1.313164497003360687e-01,7.545086456982404155e-02,-3.611827288029766103e-02,1.849381858491031677e-02,3.361010801198156817e-02,1.655177940371189704e-01,8.364340472764859868e-03,9.140585719238890350e-02,-3.717607900856360892e-02,-1.475273646828292595e-01,-2.626840990231884762e-02,-7.749192635851176458e-02
4.460066185954240092e-01,2.444793083915645093e-01,-6.710167562928646134e-01,-2.715352249278868979e-01,-1.786420233615976239e-02,-4.536462488326745840e-02,-7.582087002511879448e-02,3.532562789764103622e-02,-4.896271630807094016e-02,-6.325282603612539245e-02,-4.595750074097013776e-02,-9.971936353773525052e-02,1.586802806960882772e-01,1.037262495029023929e-01,-5.252717669254680644e-02,-3.117924529027601283e-02,2.516752120036558002e-02,1.726456381532296691e-01,-3.227420564605758269e-02,6.808564811122919114e-02,-4.238428072682139808e-02,-1.446210630597076496e-01,-5.024092209454688804e-03,-1.090322599256283720e-01
3.527849253105895810e-01,2.523111137550542171e-01,-7.021075865680732608e-01,-3.230991276922088873e-01,2.106748200012418040e-02,-5.382751504124702602e-02,-2.919969133850251058e-02,7.640647556319671296e-02,-8.052870834916832365e-02,-1.183294130608247008e-01,-7.573803284019778315e-02,-1.432360060753465614e-01,1.067248222230013921e-01,1.261538352567122545e-01,-1.093985009829510913e-01,-6.207219957541408595e-02,4.768516239651021671e-02,1.319572150917988629e-01,-6.528900326602110615e-03,2.697732531390397565e-02,-7.361411898695086053e-02,-1.370572006425393174e-01,1.756208886628090118e-02,-5.639341686639506163e-02
3.036698236036102228e-01,2.288724043254904972e-01,-6.918564343924809013e-01,-3.557784502207530508e-01,-1.899453552038771545e-02,-4.548492388187538871e-03,-3.439894438891929335e-02,1.125067851958787835e-01,-9.971126541089972428e-02,-9.636806139610648581e-02,-7.116995653424576518e-02,-1.831932367371116033e-01,1.293845472355836246e-01,8.359662941475780318e-02,-1.343711102997582896e-01,-3.473498902465733951e-02,8.523364077714215559e-02,1.435478856448405005e-01,5.854067944252097644e-04,8.133378010197731683e-03,-8.526230085664401881e-02,-1.626369031960377687e-01,4.487035533656934944e-02,-1.622549406516776010e-02
2.330320104102396317e-01,1.670821858012946082e-01,-7.418089340755796846e-01,-3.907578615746524764e-01,-6.481357779475681313e-02,3.797193754337919308e-02,-1.725587821285001766e-02,6.868482368212866507e-02,-1.429308122586399055e-01,-7.038158616831144410e-02,-6.421810765797188181e-02,-1.888900084464514573e-01,1.422639425033226657e-01,1.307613755932269806e-01,-9.614482115226791192e-02,-2.422266026665718594e-02,6.524842528077057224e-02,1.060555045073237057e-01,1.936861457201330752e-02,-4.025526615479956688e-04,-7.973387620862625036e-02,-1.268507045577987880e-01,1.504363739398129063e-02,1.633206334966621175e-03
1.214496921224879622e-01,1.848762178294389158e-01,-7.898421076640400607e-01,-3.949334565541717246e-01,-1.137076597953134011e-01,8.049495454557803464e-02,-1.131257689203379706e-02,1.128979994792608244e-01,-1.875822917166888315e-01,-9.055454357675701837e-02,6.798852600214788655e-03,-1.815586464987061499e-01,1.382001239346010435e-01,1.541739719877456560e-01,-1.131134375163708600e-01,-2.917332982483798048e-02,6.993602388183453589e-02,1.487150130220159516e-01,-3.271225738582857201e-02,-3.194607662632870104e-02,-2.638326761361143441e-02,-9.083575279196294538e-02,1.840774379495039442e-02,2.706947855759759755e-02
5.098796696972361653e-02,1.165322780412274550e-01,-7.363328305181408018e-01,-4.179852796496930645e-01,-7.315341643032925723e-02,1.082004688484113075e-01,5.855791757028038294e-03,9.540676385070938348e-02,-1.379574596025106570e-01,-8.086821951186598523e-02,-1.093452224137158452e-02,-2.183970915662229451e-01,1.060069323581273870e-01,1.882239877992808175e-01,-7.605023736908245180e-02,-8.499237770942763559e-02,6.824651410531953899e-02,1.361607549878338652e-01,9.078086080736361141e-03,-1.403340593354260313e-02,1.397202473955279703e-02,-9.200552608454898307e-02,1.106715925190511832e-02,1.424050557491082433e-02
1.664694103049202401e-02,8.716072406633358638e-02,-7.431928717321799605e-01,-4.464817172312237625e-01,-6.567999045783572132e-02,9.924530508705972642e-02,-3.025416352956658561e-02,1.014407622956859101e-01,-1.321389568009309068e-01,-8.183280768415178430e-02,1.580657203255825261e-02,-1.742750540073574883e-01,9.357170085855889829e-02,1.899174322140909366e-01,-4.428503703326212848e-02,-1.167188705220818939e-01,2.535933932737780699e-02,9.018115276845464767e-02,2.840847426864862024e-02,-1.507963147447644731e-02,3.997508275396147170e-02,-1.180169430775448308e-01,-2.747003431215085806e-02,-2.464283953794026150e-02
-9.740321943508509217e-02,8.545606467221388003e-02,-7.188115915812054446e-01,-5.135502160889853229e-01,-7.731803618471881634e-02,1.535079794702085554e-01,-2.928047923844552536e-02,7.225477621561400554e-02,-1.123253156099504740e-01,-1.313071054753128797e-01,-4.825010151428797689e-03,-2.013318292258317321e-01,4.192015886144821041e-02,1.469057448637429153e-01,-8.367913115550182357e-02,-1.230981511291432406e-01,-8.254518991456738508e-03,7.393911406352303428e-02,6.612427586940039514e-02,-2.519487062666152591e-02,5.960373778062322270e-02,-1.505259163629307784e-01,-6.084198829760721627e-02,-5.996681537771562237e-02
-1.601371388284981434e-01,-1.309938489663491773e-02,-6.416956731549662285e-01,-5.125550635823620249e-01,-1.312904533548170938e-01,1.336196915088017356e-01,5.660677237198374900e-03,7.982361060280712683e-02,-1.371259237333394554e-01,-1.852731042937070527e-01,3.497007613918389976e-03,-1.887342632913591722e-01,3.781090966521982039e-02,1.226566051871559593e-01,-8.497461008501128177e-02,-1.164359584444268764e-01,-5.159932151800899341e-02,4.579210841599365422e-02,8.912560251251723520e-02,1.037724509903928047e-02,6.180152897976159271e-02,-1.494092305304036417e-01,-1.027239092914225410e-01,-5.282499801362089409e-02
-1.937403323345670836e-01,-7.239265217660363627e-02,-6.375021966168530341e-01,-5.362521861226664521e-01,-1.278670929410787860e-01,1.587843513018618591e-01,7.950785417845059044e-03,2.900379353048713332e-02,-1.483305846000027850e-01,-2.235031172905979913e-01,4.116526966772142415e-02,-1.617792082173013235e-01,8.587820078223458442e-03,1.607805902131464459e-01,-7.185839176476585544e-02,-1.584792027702822681e-01,-8.446423406377603915e-02,9.264386015445935652e-03,6.780990410828138804e-02,-2.376628227015714981e-02,2.723085910452732739e-02,-1.721778567882999711e-01,-1.382996454589381641e-01,-2.986827933899288690e-03
-2.097456726363789714e-01,-1.295251876904859045e-01,-5.803268347906539448e-01,-5.793765281762495167e-01,-1.072223071870697930e-01,1.230408985037838021e-01,1.613521122825121307e-03,5.883670573243102858e-03,-1.314139808114676289e-01,-2.714238755555993254e-01,2.527077206356612149e-02,-1.253116969538173309e-01,-2.778407692650602945e-02,1.524817352388421476e-01,-9.895199619356317977e-02,-1.790292737955343216e-01,-7.435871841207922217e-02,-4.218801284225008608e-02,6.067612474197435490e-02,-5.773098526862649460e-02,-2.186889751573221907e-02,-1.210534835929921171e-01,-1.577770633582113724e-01,3.835938619586096859e-02
-2.161961051601591077e-01,-2.289630896321168951e-01,-5.702742732917227553e-01,-5.675614273007574262e-01,-1.050643498571037504e-01,1.517133177322912141e-01,-2.398965872233958102e-02,2.314989083627393140e-02,-1.444074460885960143e-01,-3.224334051296300352e-01,1.091302486488585771e-02,-6.467430387416366055e-02,-2.856933214084616049e-02,1.345535331924002653e-01,-1.007708601298566986e-01,-1.603627295347073711e-01,-7.648525845193952788e-02,-1.973614417868329446e-02,6.451836880814425246e-02,-6.244060025476293185e-02,-3.522238230134878967e-02,-1.374130080184179370e-01,-1.317537307275860603e-01,4.265151805209226044e-02
-2.484828221682965910e-01,-2.916978579682913408e-01,-4.774872385082794546e-01,-5.406285874047068729e-01,-1.491858566059573454e-01,1.290303444595880256e-01,-3.963607122624446255e-02,3.103593745798458731e-02,-1.730285133217341342e-01,-3.270841431148006628e-01,5.474788517007497801e-02,6.191291272516316613e-03,-6.095156035677098960e-02,1.483838340178769977e-01,-1.282480251964370765e-01,-1.431849536406034629e-01,-1.058264971840647550e-01,-3.993210272906820568e-02,1.045995801402797160e-01,-9.187768217313495300e-02,-6.841960947254144276e-02,-1.118179806164893986e-01,-1.075279333533902260e-01,6.368971989387821331e-02
-2.795882704116079420e-01,-3.451547410295213170e-01,-4.709672978520779707e-01,-4.946231304697842890e-01,-1.154247200892837139e-01,1.304242676627809516e-01,-6.348843712617725094e-03,5.821835761138010462e-02,-1.294858551934652269e-01,-3.677777296346944613e-01,7.903054467321954379e-02,5.225523881454319924e-02,-8.836261770957679063e-02,1.537540636680610195e-01,-7.079647772214416046e-02,-1.209520574945642524e-01,-9.763737487487900157e-02,-9.280998915761065615e-02,1.675836545969063285e-01,-4.822044454923764267e-02,-1.107191135597138665e-01,-6.607057961472072305e-02,-6.619360992878263461e-02,7.101111822048374045e-02
-2.840282434740698525e-01,-4.111484872946135072e-01,-4.430158210284366738e-01,-4.852028497903705939e-01,-1.577406732527765199e-01,9.733206544523140269e-02,2.174772454076629325e-03,3.638998827464812874e-02,-6.100183206012063653e-02,-3.804605010219737071e-01,9.694687608774435472e-02,1.058640176060717253e-01,-1.512284037074313192e-01,1.526602854622207683e-01,-8.770055110192626069e-02,-9.298747809483173810e-02,-1.107889242776601002e-01,-1.104468162707298862e-01,1.372361383104519217e-01,1.938236036077755492e-02,-1.131433965719671753e-01,-5.452532860168263218e-02,-1.015329722465157514e-01,9.887994959289823915e-02
-3.160373597716107374e-01,-4.652675570182814302e-01,-4.221994406039875081e-01,-4.949030070074680876e-01,-1.252020610645292742e-01,1.371317042749926052e-01,3.456549967532916365e-03,3.612653244137356556e-03,-1.760682447034243175e-02,-3.796636372120129055e-01,4.971700952257828571e-02,1.136868440343687531e-01,-1.450507079102832941e-01,1.507821284772763726e-01,-1.146973892323337463e-01,-1.398382223162733251e-01,-1.177749931641630110e-01,-9.614063055309396422e-02,9.846707960115180791e-02,-2.458132790558689718e-03,-8.988854668329167297e-02,-8.206972809713677930e-02,-7.922865680207316630e-02,7.248541262689368880e-02
-3.623617331520104234e-01,-5.749220478661624112e-01,-3.952099492483042709e-01,-4.579842758032228733e-01,-1.387533590927916838e-01,1.696793836962373903e-01,4.751991751640796680e-02,-2.576939868031092803e-02,-1.770243795055684993e-02,-3.788356030693323384e-01,5.454376311880088785e-02,1.302236077767553180e-01,-1.507001208635836698e-01,1.195865871222181187e-01,-8.731877738161479552e-02,-1.661363358351416186e-01,-1.229667863841645142e-01,-5.679899653518534486e-02,1.361138499621984965e-01,-2.392067772738747794e-02,-5.632319764919590382e-02,-8.003683647157969205e-02,-3.389559563298789185e-02,1.062862194936387422e-01
-4.191949602719921009e-01,-5.937284515203476998e-01,-3.719605927370047693e-01,-4.096404610535726576e-01,-1.641694075978385459e-01,1.645627769327238643e-01,7.752270390237608888e-02,-7.239426242841143222e-03,-2.265617452074217969e-02,-4.132334648551831968e-01,1.318669962529494394e-02,2.100100611406808260e-01,-1.270510029517613326e-01,1.044748149583368396e-01,-5.339105067570324575e-02,-1.648984808631364651e-01,-1.382274558669670805e-01,-2.351107925338735694e-02,1.406290248159489387e-01,-2.300894709695168461e-02,-5.348981165760573891e-02,-1.170138529556342122e-01,-6.670933737149864484e-02,1.357453679632996124e-01
-4.009957397652664235e-01,-6.803454438196709919e-01,-3.542337086060384777e-01,-3.899862925824184035e-01,-1.540700900426612563e-01,1.097918927488265584e-01,9.345323921941092737e-02,-1.011111389195612151e-02,-1.722188653889041368e-02,-3.636930585897266144e-01,-3.441380303028129112e-02,2.081943805891946220e-01,-1.139750959297353428e-01,8.056487976113022031e-02,-1.331264515365096490e-02,-1.834908730183941461e-01,-1.474938474564079505e-01,-6.292811787232122089e-04,1.846613275773904272e-01,5.948644228313492571e-03,-7.679384832494290380e-02,-9.634717578988810649e-02,-8.159790199261263144e-02,1.024416790118365672e-01
-4.251201854043135109e-01,-7.361038025585707745e-01,-3.204119723251838692e-01,-2.883709380479878570e-01,-1.048187567447877722e-01,5.437745648663135090e-02,1.293382804431116029e-01,2.614495117381043787e-02,-3.441200389544742805e-02,-3.346693587408500759e-01,-1.281836399560400130e-03,1.949496245511515569e-01,-9.886063496733983602e-02,3.578072143523725740e-02,4.973241767089647825e-02,-1.439602363109841465e-01,-8.365073350747773140e-02,-9.943927882366501020e-03,2.341685221812132012e-01,4.961263485825479630e-02,-9.777375149350082950e-02,-5.643006876699817320e-02,-1.248037290912782371e-01,1.170072122677912191e-01
-3.793083059540689472e-01,-7.699090777338480907e-01,-2.882668534766781310e-01,-2.764576868671022036e-01,-5.692609809144494326e-02,3.567439283046147658e-03,1.751842272961463276e-01,2.986998840371619252e-02,2.622407723269315830e-02,-2.849220442077629589e-01,4.226593742763797013e-02,2.122092599434620142e-01,-6.833193258676255322e-02,6.438509306086224321e-03,6.445528688701149256e-02,-1.314175539541514726e-01,-2.185042935513161616e-02,3.932770103791814742e-02,2.654345952339914883e-01,5.371974469825144261e-02,-1.147029317446743441e-01,-2.548177868493391174e-02,-1.461897405495761748e-01,7.676207871411316885e-02
-3.388495102163018857e-01,-8.526793847330816911e-01,-2.430335343391356873e-01,-1.741678139082107890e-01,5.242826550632059823e-03,4.414314350463053455e-04,1.896409668713741059e-01,4.742411972310400792e-03,9.357327459455060115e-02,-2.874544703734197015e-01,7.310020224173369163e-02,2.564457282894444523e-01,-5.100713267750132951e-02,-8.872653492824789101e-03,5.048922010302120400e-02,-1.603843805305091574e-01,-2.507796082940583551e-02,1.201183013901320484e-02,2.912526779368682095e-01,4.766480642896719216e-02,-1.715557148105079366e-01,2.355930486396864282e-02,-9.924731689042798344e-02,1.143371775351667841e-01
-3.594891412757402760e-01,-8.438879626114387245e-01,-2.224128830009367563e-01,-1.369491715619947925e-01,6.302711068939609307e-02,4.673879710892734490e-02,2.239119482396701721e-01,4.505115197578943298e-02,1.301195164926415293e-01,-2.502796345091199970e-01,9.233041731154474629e-03,2.780738418345602425e-01,-5.793029598383092615e-02,-5.141700688425931975e-02,8.559324377438393139e-02,-1.563993584965610861e-01,-3.828915706322959245e-02,-1.252533947687528917e-02,3.079011810752652067e-01,1.826367436440031605e-02,-1.464623885576897544e-01,2.582942859830688123e-02,-8.910065101099054474e-02,1.155740285801491740e-01
-3.177768351870878805e-01,-8.521878716627797612e-01,-1.664065020907584680e-01,-3.749594710768359984e-02,4.856177682276335839e-02,9.217408923578086777e-02,2.511579993276479295e-01,4.156403760836556438e-03,1.752600979377677837e-01,-2.515549341715346832e-01,-3.415313937468776595e-02,3.261791034273784917e-01,-8.037705428242752914e-02,-3.782072720755073197e-02,1.318440813373206733e-01,-1.452798125505721516e-01,-5.599898715705098340e-02,-3.382122883231511445e-02,3.205959973038323141e-01,8.283291872031704750e-02,-1.425629846410869928e-01,5.922686172227839552e-03,-6.624613780696418652e-02,1.118385125550278719e-01
-3.099618373748068145e-01,-8.456132609296278524e-01,-1.749922053738398320e-01,4.789814611692702617e-02,5.337948471802123757e-02,1.065219142868585739e-01,1.991043551422381763e-01,4.455683825558635208e-02,2.306114314588104952e-01,-1.617661259950338160e-01,-4.272201010744867966e-02,3.106123578486007508e-01,-3.898467406226995002e-02,-1.036514974732068994e-01,9.849736797931474275e-02,-1.516748828339445354e-01,-2.304421093745089716e-02,-1.071278049358703049e-03,3.384085187390467597e-01,9.623238402679294701e-02,-1.712311525169561699e-01,5.969244046432078954e-02,-6.452064534926016393e-02,1.023936639267217369e-01
-2.915046850730898531e-01,-8.371161825139367130e-01,-1.555281705081718868e-01,1.008801934174562431e-01,1.160577521622146446e-01,1.039018140704392051e-01,2.297198953812834565e-01,1.652391163815382369e-02,2.042573675270227818e-01,-1.651152300107367743e-01,-6.579698930527734524e-02,3.095816095683069369e-01,1.269838059447330608e-02,-1.227908436064903824e-01,1.561442147067931274e-01,-1.669138272025252334e-01,4.785582138689088716e-02,3.507233455605361649e-02,3.609108650173241117e-01,1.470472288532146121e-01,-1.534823708932865072e-01,7.366658619430313526e-02,-8.896303879931752312e-02,4.583041505751624112e-02
-2.867120863894335181e-01,-8.065526573133797728e-01,-1.493891674710844386e-01,1.717508394175443487e-01,8.430161014316445156e-02,6.792301904814261604e-02,2.051103524380922805e-01,1.544859952278497192e-02,2.146181535751229830e-01,-1.438042758015311839e-01,-8.171001620336079685e-02,3.569042833151653826e-01,6.232515301853077533e-02,-1.841237415313642656e-01,1.602527399623377424e-01,-1.853366446504539911e-01,5.610907495549727342e-02,1.006046451679981357e-01,3.108133481491224259e-01,1.604606156321391475e-01,-1.532701802496759802e-01,9.040444372917699756e-02,-6.937474406291320450e-02,-1.526885215518004879e-02
-2.930064533969260476e-01,-8.381533002638144048e-01,-1.146852374706334166e-01,2.645543856968564644e-01,5.406816948483697538e-02,1.168581838379267324e-01,1.498310143163256725e-01,2.288978722836441590e-02,2.331672841653184003e-01,-5.944794802734677808e-02,-9.900281429754224927e-02,3.951702081660866117e-01,7.106355126292482338e-02,-1.669281911119951112e-01,1.202499423715096966e-01,-1.183184149247240302e-01,8.659697155299091176e-02,1.505439119611601262e-01,2.905178927369107544e-01,1.792148019850222096e-01,-1.611081615696064728e-01,1.038510878353696154e-01,-9.469313346312289992e-02,-7.162894637952214871e-02
-2.881224944014497136e-01,-7.714130947685873263e-01,-5.034693145393131369e-02,3.560505536945993144e-01,3.285727030836013696e-02,1.391306447751576858e-01,9.957213035960246761e-02,-2.842232689625252134e-02,2.005387602108705258e-01,-1.170282469489490780e-02,-1.045271767321469814e-01,4.164461938162400956e-01,1.152177204625005613e-01,-1.816365819484490329e-01,1.028717684270448601e-01,-1.078044569770812977e-01,1.563875958510976827e-01,1.258447265606971732e-01,3.078387866043349463e-01,1.853586842390988199e-01,-1.808765675566140485e-01,1.105549679737539981e-01,-7.576328752845262748e-02,-4.893448921928199302e-02
-2.850312836856037091e-01,-7.715753128515897563e-01,8.212183089066515951e-03,3.965672499968578291e-01,7.112930548118709395e-02,1.362832595552850856e-01,7.180251349806744676e-02,-1.315891522095519184e-04,1.839489858144588152e-01,4.146922261463971415e-02,-1.587162304965616666e-01,4.191185480768270244e-01,1.001721283351546810e-01,-1.964473260928901177e-01,1.430113363707995466e-01,-1.080399205357107095e-01,1.956124402794939821e-01,1.338925985321949563e-01,3.084113194032037097e-01,1.500153938198252324e-01,-1.458416321532911286e-01,9.135662906874747469e-02,-8.116499420976375223e-02,-1.061030996394932147e-01
-2.276832139701138735e-01,-7.438223698455797006e-01,5.135993747234871010e-02,5.022291662321961558e-01,7.962443214826078752e-02,1.757852970232775813e-01,3.483284444608963221e-02,-4.899640162286003631e-02,1.418438725877938789e-01,4.797913131323352370e-02,-1.938479333897537016e-01,4.481277141111322804e-01,7.755274608860762697e-02,-2.388347084547838284e-01,1.326957329565788546e-01,-3.722254743290885626e-02,2.001918511092467268e-01,1.585111168762221856e-01,2.336253918246807004e-01,1.158629672327937815e-01,-1.089295318506758314e-01,1.194362537343390124e-01,-1.103045953758407804e-01,-7.343277950462986925e-02
-1.371471053569034981e-01,-7.408972669506685982e-01,6.609264074943554945e-02,5.704111459033014420e-01,1.106840152824750123e-01,1.414650276385603922e-01,4.835253806100052454e-02,-3.072587067292908286e-02,1.636506708880541838e-01,1.178716274672472059e-01,-2.293923176019022903e-01,4.426821911897316775e-01,1.391068100343874347e-01,-2.301511128585471966e-01,7.900340703595198910e-02,3.658667282159759615e-02,2.333769229680900392e-01,1.967165852397488313e-01,1.779561423157737798e-01,1.267966239563818043e-01,-1.358343605460952674e-01,1.210550085164939227e-01,-1.344132236434660843e-01,-7.461974894355859200e-02
-6.205393486394279040e-02,-6.598313992186073396e-01,8.081040351732621252e-02,6.377917368766947703e-01,1.395779743129536010e-01,1.050361783509626834e-01,4.295975473127916500e-02,-9.170048690422609450e-02,1.162885664104910122e-01,1.561898697710675243e-01,-2.767253055605810586e-01,4.362757279336290095e-01,1.464415736981081462e-01,-2.232712380922112771e-01,3.653541525758879915e-02,5.062782201719449870e-02,2.126626263988699583e-01,1.770959039675800151e-01,1.575488767093162767e-01,1.320059127111608277e-01,-1.425003138191433538e-01,1.024331121622457791e-01,-1.283028446651944265e-01,-5.661128292838366743e-02
2.477948244844951214e-02,-6.432034755916543611e-01,2.437274627940042362e-02,6.545757596192218752e-01,1.525282686880215233e-01,1.419558995630494647e-01,7.642759332617966861e-03,-5.679287783818584567e-02,3.615087149470918443e-02,2.480708403451746258e-01,-3.231635576091732021e-01,3.643188568488324175e-01,1.588730653985330754e-01,-2.338570655416510879e-01,-2.366821466812111391e-03,5.518538141954872078e-02,2.485880361347548861e-01,2.036848240250357100e-01,1.098670521726965998e-01,1.323420576290584016e-01,-1.379215956461636583e-01,6.630959447705772614e-02,-1.190831713255901397e-01,-1.106937256268465258e-01
1.339005140098344787e-02,-5.591906625350404614e-01,3.433127982179935700e-02,7.261906639234290139e-01,1.772015704747934850e-01,1.813979421374275480e-01,-3.202540861114740178e-02,-9.905003219548641491e-02,2.370820181492925768e-03,2.758576159500812919e-01,-3.088964127903195411e-01,3.611731139333856921e-01,1.546182665839000714e-01,-2.452935605421608656e-01,7.068807906175200717e-03,5.559012812173027424e-02,2.801579890167939513e-01,2.203859469149122008e-01,9.449729697473081835e-02,7.616615683653073232e-02,-1.398821563936248624e-01,4.314498613132714683e-02,-9.038336736303088925e-02,-1.557555225318542347e-01
9.332679174926303278e-02,-5.187774027185776404e-01,1.617942393497372178e-02,7.697239841418130890e-01,1.566939422802238469e-01,2.009346358221723861e-01,-2.537665141930639870e-02,-6.903966385892389146e-02,-7.941253565949640825e-02,2.707849165868866370e-01,-3.027359729113814346e-01,3.238141776723996168e-01,1.439762069197219885e-01,-2.725750294656574813e-01,-5.263573108028884312e-02,1.195437191258250098e-01,2.460890086377883479e-01,2.228987159284096797e-01,3.477058791376137076e-02,4.385194018193216969e-02,-1.932520950403664728e-01,2.225025013515256889e-02,-1.113250080220267169e-01,-1.335586090088459743e-01
1.166825204504367275e-01,-4.779171221275279047e-01,-2.530268262981580016e-02,8.633726827856194053e-01,1.107177483723022632e-01,2.195715029445510225e-01,-6.736121879221097786e-02,-8.638214922728411349e-02,-1.629897723521056274e-01,2.925669825408344638e-01,-2.833952760839003604e-01,2.644201146645258071e-01,1.678618147569989061e-01,-2.222173170630363237e-01,-2.993249200041776109e-02,1.169029805876463379e-01,2.268795414643724195e-01,2.033746043762221511e-01,5.701262830900665629e-02,6.571806050454030712e-02,-2.002912263827935357e-01,3.334866995030561637e-02,-8.256847573947155572e-02,-1.281290390781213151e-01
1.425721936043627125e-01,-4.022468984050678875e-01,-9.005055595555475079e-02,8.992466504795102455e-01,1.024319062625294874e-01,2.166390569964687929e-01,-3.177829131964219483e-02,-1.114545681809031435e-01,-1.556472306990140109e-01,3.442230323122248969e-01,-3.076289888079187240e-01,2.624821109939459163e-01,1.365100981101543542e-01,-1.690496552048479373e-01,-6.428340715146027562e-02,1.747051789259410348e-01,2.578589825337926356e-01,2.505544139809613435e-01,5.970431816118326046e-02,2.827425508752993977e-02,-2.508665514759086390e-01,6.655253629370607577e-04,-8.830057124330502327e-02,-1.152765434454073312e-01
1.425487664301690327e-01,-3.380883222108508890e-01,-1.617126690308472170e-01,8.862071359373123736e-01,4.042357380269328421e-02,1.727542733739401704e-01,1.003066482373929369e-02,-1.290513749909839025e-01,-1.559762473038631136e-01,3.538358473592421727e-01,-3.220190161754822866e-01,2.117401028789598627e-01,1.315891500710611728e-01,-1.831706827323343056e-01,-7.213930440292867785e-02,1.589285627318651473e-01,2.617214382461402478e-01,2.796640380072633603e-01,-2.657189813083320196e-03,-3.785331165510688600e-02,-2.300903901677986418e-01,-2.736180130813534866e-02,-1.011146426279036087e-01,-6.952935129822654381e-02
1.736993987034175513e-01,-2.287500917353812724e-01,-2.384055372388124983e-01,9.188416165266064528e-01,3.528785404127840475e-02,1.533912978351477663e-01,-2.458544462695148175e-02,-1.063634342325907034e-01,-2.098240120705683054e-01,3.345106652688284443e-01,-3.281687606064140894e-01,1.504361624858719659e-01,1.654181328080677749e-01,-1.362311319808291177e-01,-6.582172914475906134e-02,1.237709890466761053e-01,2.375326618140802815e-01,2.852859079459461045e-01,-7.501110763868683307e-02,-8.973467133867393808e-02,-2.113784730492747344e-01,-8.187564516612204357e-02,-7.048685487904256253e-02,-9.986816545451526750e-02
1.251571042809794254e-01,-1.443349360969079787e-01,-2.762481570200936432e-01,9.217372285901374029e-01,1.257012504985528453e-02,1.330016582541545256e-01,-2.672691797143701004e-02,-9.376078780095026266e-02,-2.187601810583691131e-01,3.825688785425934713e-01,-2.839323671483311995e-01,8.126861499264888267e-02,1.833934657776324917e-01,-1.210186340397775978e-01,-1.126414617812918489e-01,1.674367319555141731e-01,1.682068745905662965e-01,3.265234905776386309e-01,-9.768673512323741703e-02,-1.077142699306991164e-01,-1.971029938671972626e-01,-6.235234797883084518e-02,-3.027640024562578552e-02,-8.317026523727316656e-02
1.495803325975939013e-01,-2.128697244314495945e-02,-3.475553143403933842e-01,8.963431180552365873e-01,-1.182472734748169635e-02,1.508873066528770290e-01,-7.017618881979905548e-03,-1.392862976913791517e-01,-2.974044945500342041e-01,3.372725865841551540e-01,-2.482983666014422497e-01,5.482267899262989463e-02,1.535094769591415220e-01,-1.423062561410689819e-01,-1.803883810417351019e-01,2.196796476881901494e-01,1.206965976016715902e-01,3.490047121501541061e-01,-9.607575742004210995e-02,-1.563594357536101098e-01,-2.252329776840941433e-01,-1.179441251113643729e-01,5.259897755787714888e-03,-5.045905845103255960e-02
7.776093561238919816e-02,5.974534422032373726e-02,-3.621144079608336064e-01,8.480643480090929165e-01,-3.273971689005837626e-02,1.286381397751523992e-01,-4.924226947904965755e-03,-1.425621588474374757e-01,-2.928461429416078232e-01,2.999326760505347522e-01,-2.575869517993742974e-01,-2.184698451695506888e-02,1.802834826106065325e-01,-9.723648544158247642e-02,-2.269492911648154643e-01,2.551654416833757377e-01,1.291179892691014519e-01,3.718477739330199872e-01,-5.787837449353909480e-02,-2.198393625695317932e-01,-1.919340129906408066e-01,-1.374019809735867736e-01,6.445960003238299096e-02,-1.523959227820800497e-02
3.867910377631637170e-02,1.821168502791375710e-01,-3.865281550611060490e-01,8.230213097680927348e-01,-3.039052992614789048e-02,1.127882880671696453e-01,-1.477512564116409931e-02,-1.482803461334251394e-01,-3.128071967263407749e-01,3.186481719276186841e-01,-2.119817224834117941e-01,-3.840174187399476857e-02,1.273079261035915399e-01,-6.599283159156102418e-02,-3.053197013764348267e-01,2.266808689419888556e-01,1.266798340702106895e-01,4.031488634996499565e-01,-9.957913284520569785e-02,-2.683831689139749010e-01,-1.474520236623595992e-01,-1.772110799632365674e-01,8.951771008968500976e-02,2.510826301606309402e-02
-2.657821287687543374e-02,2.300965190731236176e-01,-4.483559414650543085e-01,8.181244272783450011e-01,1.234580553202431485e-02,8.257710167453823080e-02,-9.408978982987698317e-03,-1.371629077116941486e-01,-3.092830215513008851e-01,3.065710559844632144e-01,-1.883178544181890457e-01,-8.930692193079341201e-02,1.188263281772595492e-01,-8.626070513281611229e-02,-3.154619211356976538e-01,2.022334811208502947e-01,1.253037569001737572e-01,3.393973541280748130e-01,-8.945974188120907333e-02,-3.138805234523521226e-01,-1.145362337006973069e-01,-2.244434611018919501e-01,1.104548725656792074e-01,5.327308604931452196e-02
-5.382937720795048786e-02,3.108803979587159705e-01,-4.895697458691083415e-01,7.324655775482613596e-01,-9.959294827851688722e-03,6.236216298405666825e-02,-4.490379167349315553e-02,-1.729726643410129661e-01,-3.316108737082255065e-01,3.039158097490387567e-01,-1.019401633898307236e-01,-8.546124805218567599e-02,1.050859819132807516e-01,-6.746583780597686930e-02,-3.218182158478874455e-01,2.224767022136608097e-01,6.053243516814275221e-02,3.031163395098291358e-01,-5.184321677233596354e-02,-3.619299893186181949e-01,-8.442829069047594337e-02,-2.146365781939558182e-01,8.701860883291526183e-02,6.710193972020439546e-02
-1.493008478991246779e-01,4.097772530524669277e-01,-5.217430348361832282e-01,6.707641588464400284e-01,-5.414088406517305468e-02,2.241192877782557935e-03,-1.223222193814414716e-02,-1.807180289488853897e-01,-3.611672453284787698e-01,2.999358254638397892e-01,-3.734261510409786489e-02,-1.544989747277694669e-01,8.662695082652549505e-02,-7.603646280925376033e-02,-3.162477908580595964e-01,2.275285564468780275e-01,8.555845196214757753e-02,2.249406877975734520e-01,-8.386921053956630789e-02,-4.143458779891703303e-01,-8.835593149592455009e-02,-2.360897081446627077e-01,1.322077080668374038e-01,6.742952997073070609e-02
-2.361887017342409745e-01,5.068589544444731532e-01,-5.847366478837255910e-01,6.160396249187943818e-01,-8.798763801678329000e-03,-1.252017719971429931e-02,4.592742096872336199e-02,-2.251986084728411497e-01,-3.856875097064501601e-01,2.406719888127884510e-01,2.977210690034270968e-02,-1.372572053009908644e-01,3.389668856193404911e-02,-3.308441238806348467e-02,-3.644451457480304413e-01,2.245205214308574615e-01,6.184538526306430917e-02,2.335598344071651289e-01,-6.044435923863021587e-02,-4.534783162906858567e-01,-1.014343170802186889e-01,-2.671449222386091948e-01,1.093979407834228257e-01,7.228968739763889928e-02
-3.518192579163566536e-01,5.981288398097881487e-01,-5.531123177115988554e-01,5.493385101364101075e-01,-7.299013143086036104e-03,-4.422303194116517649e-02,7.281757268147376339e-02,-2.157162192126500788e-01,-4.360483522663849976e-01,2.075166992449450354e-01,1.056214954822445734e-01,-1.630645992145208778e-01,-4.591809502512575469e-02,1.988728840558266070e-02,-4.065929511674342134e-01,1.841682330523676525e-01,1.027131786048632311e-02,1.728537562052472887e-01,-1.802568672581336684e-02,-4.750759697743416332e-01,-1.060892660867730208e-01,-2.255126765306699477e-01,1.532229377124996739e-01,1.410519314504275756e-01
-4.024728638938527836e-01,6.198817989359662883e-01,-5.142412964655744823e-01,5.050441296285610449e-01,-2.739592278299276054e-02,-6.354911499590912283e-02,6.253508690963395511e-02,-1.770431300637413941e-01,-4.253296210435279501e-01,1.816907991589323534e-01,1.864688019910982208e-01,-1.879506157973430958e-01,-4.577125920352212440e-02,3.919957805652510979e-02,-4.428308348817862616e-01,1.804020331059900117e-01,2.913488385604598441e-02,1.064560620395331170e-01,4.040290483725109127e-02,-4.496832241227333160e-01,-1.012007562594204740e-01,-1.669259687563327543e-01,1.199337827764650199e-01,1.405456284362191499e-01
-4.338048003204076908e-01,6.633007772443550998e-01,-4.824384237980662848e-01,3.809313287298884410e-01,2.038135743254870444e-02,-8.947087936076712766e-02,3.991269857639209717e-02,-2.152144425494305624e-01,-4.070923967466295590e-01,1.433519811616302819e-01,2.591219989226806741e-01,-1.566496906516244847e-01,-1.337778732453400177e-01,7.786897674831955163e-02,-4.757245980731103496e-01,1.891537587589688374e-01,5.960593645550101016e-02,6.635265927280477316e-02,8.062464518454660889e-02,-4.740825982568562802e-01,-8.315879215886270992e-02,-1.247002990692363533e-01,1.182437478004863263e-01,1.481066028744666974e-01
-4.972167140686487019e-01,6.877806535155536194e-01,-4.697580378999975936e-01,3.223807996172061152e-01,2.582372486143142548e-02,-6.151077151307374896e-02,6.174267163544691628e-02,-2.403150189937116044e-01,-3.681547160806596941e-01,8.905952051989146634e-02,3.246395350146398795e-01,-2.001585751019907267e-01,-2.169010319562263978e-01,1.252201149201098984e-01,-4.960711990472634891e-01,1.902346160502658423e-01,4.192489268195938312e-02,3.578334230887771777e-02,1.171528133635662688e-01,-4.724889119419781180e-01,-8.408385196008065499e-02,-1.419836683546231437e-01,7.177645632649207186e-02,1.459286660318259710e-01
-5.792617809572837562e-01,7.274629783551783690e-01,-4.284764333107946022e-01,2.162730066980926014e-01,8.257604088054634750e-02,-1.228027276019343778e-01,6.298126287925262523e-02,-2.753936081703023397e-01,-3.138352892056416876e-01,9.198808976861677644e-02,3.473897671174611124e-01,-1.558388752475991235e-01,-2.921619959938954736e-01,1.737538767284166341e-01,-4.553542201885660279e-01,1.823483554596654344e-01,3.400092495314852026e-03,3.667744043891932315e-02,1.583942659059922875e-01,-4.868220479638797338e-01,-3.638197784308308536e-02,-1.525354591026114870e-01,1.097559668703162183e-01,1.240452221941582833e-01
-6.143871878674692644e-01,7.509771960040360073e-01,-3.618551729085418556e-01,1.301931739135391286e-01,1.336968504267447289e-01,-1.769373852987572715e-01,2.592343284417628763e-02,-2.843142816019025854e-01,-2.522575266068006750e-01,1.369105197087602810e-02,3.926392356542117157e-01,-9.724723893700726318e-02,-3.089481016675981739e-01,1.785214300232959017e-01,-4.760047700365040990e-01,1.743293831176192521e-01,2.729221849464067567e-02,-5.057091653454613006e-02,1.406626365051208971e-01,-4.386167780395686666e-01,-6.740850757728442111e-04,-1.080610763554025466e-01,1.444394061173992216e-01,1.511612270832833615e-01
-7.103471136740420189e-01,7.300001200854718819e-01,-3.442137375212462880e-01,2.474032933284511793e-02,1.430219098153079627e-01,-1.823951552069058568e-01,7.158424341704837379e-02,-2.534946967154456110e-01,-1.877432424922975684e-01,-8.037116138951508684e-03,4.336649408400907180e-01,-1.213912635231391562e-01,-3.880622088776689571e-01,1.656633484370769460e-01,-4.535640079354041343e-01,8.628419527392233723e-02,7.705719818421892520e-03,-1.150788155793260881e-01,2.060225782649641457e-01,-4.406968141105991887e-01,1.735202779995556610e-02,-1.226953730367801310e-01,1.471675835763953388e-01,1.462767233431129243e-01
-7.334697540903187818e-01,6.823015175725241077e-01,-3.135552783078061623e-01,-5.382490248725697868e-02,1.197434923830327236e-01,-2.149733365433685317e-01,7.018346812073714136e-02,-1.926935192872164804e-01,-1.434525721442627411e-01,-9.236738532812722308e-03,5.050555459461931740e-01,-1.351161347469626850e-01,-4.617658521727301957e-01,1.434188289506432568e-01,-4.240397036278449883e-01,3.772663732580965046e-02,7.474392100985410847e-02,-1.366449686471788161e-01,2.366746026091312016e-01,-4.352601852598658727e-01,7.044133189932891281e-02,-6.093421677637411715e-02,1.693608774155112573e-01,1.151099456992031589e-01
-7.690679913478487562e-01,5.932929789729457504e-01,-2.775598231248311287e-01,-1.518356123564881810e-01,1.808788872964639527e-01,-2.100910875113830290e-01,8.522142833373118342e-02,-1.803132913184911090e-01,-8.222773947706113473e-02,-7.881156088958932160e-02,5.365827043824419329e-01,-6.690549346860458213e-02,-4.971674036746491221e-01,1.607041370659594293e-01,-3.546997516831518760e-01,-3.588193047428751142e-02,1.449863208196150444e-01,-2.189581567036989751e-01,2.527676760856152893e-01,-4.429000542748453562e-01,4.113941118276932124e-02,-5.333707323620699020e-02,1.350411169809893897e-01,1.275084625519939119e-01
-8.409049389338444369e-01,5.650654368834283625e-01,-1.967308201295707715e-01,-1.941838058044692283e-01,2.309640143787181910e-01,-1.820620111160602961e-01,1.172330075682150030e-01,-1.608440706096520290e-01,-4.225113310115457405e-02,-8.088033561372033609e-02,5.319064624960186949e-01,-2.181582805516490281e-02,-5.169727291123025203e-01,1.502310101626949113e-01,-3.135331740629657693e-01,-1.026819248833993892e-01,1.733013751571215733e-01,-2.904142586500619849e-01,2.977291193645487111e-01,-4.210866596688604968e-01,2.248560397353298324e-02,-8.566324754459724022e-02,1.383269868783192080e-01,1.524534737636385473e-01
-8.848799953857401368e-01,4.530616740164815082e-01,-1.012122386463773366e-01,-2.128620476300667197e-01,2.387227684358748658e-01,-2.316265668817427126e-01,5.450046223490337405e-02,-1.470069843008224575e-01,-1.877255447157312462e-02,-1.323238857088549214e-01,5.595235123917962072e-01,8.712095074321891952e-03,-5.736512708079013478e-01,1.533260418141876302e-01,-2.931620098005378594e-01,-8.706530161705330895e-02,1.978333844358482196e-01,-2.832547186511855664e-01,3.097787074886446668e-01,-3.419446568765832084e-01,8.883953505767017145e-02,-8.992537957906437951e-02,1.737485602223036163e-01,1.558970330767373014e-01
-9.562534600527652362e-01,3.691922363353787873e-01,-2.448320594135736800e-02,-2.152334014285892660e-01,2.599749745369270837e-01,-2.482846312293223723e-01,4.564599382787912218e-02,-1.562983505639768955e-01,3.828159721076928451e-02,-1.189382875163163961e-01,5.563708931400799251e-01,3.989312511801165750e-02,-5.576330844489774119e-01,1.531679904311526452e-01,-2.172998379219754639e-01,-1.094965799961569591e-01,2.537308259643216157e-01,-3.357147718132904579e-01,2.945837763936293707e-01,-3.421373019722265263e-01,1.076874131347294455e-01,-6.505490944063632708e-02,1.288042048861831879e-01,2.189615551058352316e-01
-9.748356706473673139e-01,3.459128009086166466e-01,8.033897409678657231e-02,-2.156742949210619931e-01,2.841399841350798483e-01,-2.619058784373619053e-01,5.715131386835513305e-03,-1.579037084643697408e-01,1.257747607871458617e-01,-1.236500767134513512e-01,5.482196364013217638e-01,7.843919399631606171e-02,-5.757775667464954950e-01,1.500906171399963851e-01,-1.066633402355300908e-01,-1.441789805864990281e-01,3.310551531736101172e-01,-3.287658667610843244e-01,2.917424822163076081e-01,-2.461796226628653883e-01,9.317945591788955040e-02,-7.647169000497140712e-02,1.417401421404290707e-01,2.244230921416839886e-01
-9.586765104004092430e-01,2.371550146338518295e-01,1.679869661557490124e-01,-2.590549011316080619e-01,3.264092864315490949e-01,-2.840580671812782398e-01,-4.381144660227163923e-02,-8.470020350110399332e-02,1.368484525635786930e-01,-5.899883882598694340e-02,5.460075456340879319e-01,1.504252809722012030e-01,-6.108582663421585623e-01,5.753566895305321088e-02,-1.746400364672593200e-02,-1.301795563716749426e-01,3.985636936219436599e-01,-3.705869124931842062e-01,2.944043910594983382e-01,-1.703684821966786334e-01,1.264298472412226371e-01,-2.230748556550867651e-02,1.549706165353456622e-01,2.490810088367682029e-01
-9.454403088135189259e-01,1.420534887057597340e-01,2.333768669322994760e-01,-2.727398230790939460e-01,3.635720095005517960e-01,-2.538171659959054249e-01,-1.169446513722643965e-01,-1.006551826973871300e-01,1.838178351302393598e-01,-5.725417848041899904e-02,4.946783110073883494e-01,1.606412097851244170e-01,-5.813113607349805756e-01,5.670409361197598086e-02,4.071472706992487756e-02,-9.537935378749115567e-02,4.260994906267119853e-01,-3.678503934247902563e-01,2.337888867708227125e-01,-1.035599159841883860e-01,1.901465815435384177e-01,1.937626677099372335e-02,1.147566411336918557e-01,2.722481442414377839e-01
-9.180257663746883567e-01,6.889470716712249587e-02,3.043176396595430044e-01,-2.461053000395408974e-01,3.393753568409065280e-01,-2.445512016611336437e-01,-1.691401858325616847e-01,-1.170790900874857654e-01,2.479433063751287358e-01,-7.625885963930446876e-02,4.900900260049089185e-01,1.717246489098602502e-01,-6.264241405049811862e-01,1.901719323469309997e-02,5.802056487149494235e-02,-1.208137568197129169e-01,4.858141527085058087e-01,-3.984554531801148269e-01,2.288060659735571267e-01,-1.041213024232758300e-01,1.741562442814152400e-01,8.002672270156946377e-02,6.311507398202415020e-02,2.345102067069314566e-01
-8.859184814412246478e-01,-1.303355401214653479e-02,4.197339839008576434e-01,-2.159418878338311976e-01,2.829445142060025287e-01,-2.711628949967800906e-01,-1.748968682306447087e-01,-8.366722959676772819e-02,3.458044632197723178e-01,-2.017724956757140087e-02,4.987793526801578281e-01,2.229066906248290403e-01,-6.378593202898640291e-01,-6.379819493590682677e-02,1.544918932300360925e-01,-1.046624034552788712e-01,4.803013879871943503e-01,-3.962202621861526386e-01,2.296568770632720913e-01,-5.220835773307092725e-02,1.686757722801312254e-01,1.074098273051217745e-01,4.532281750674434923e-03,2.150557181568738263e-01
-8.270015312733286494e-01,-9.907301754967927365e-02,4.801093163601882763e-01,-1.772556887455689345e-01,3.010364410729579610e-01,-2.822064585926529756e-01,-1.834575093661251211e-01,-7.521411980778547335e-02,4.158517823070250752e-01,-1.064250764164338323e-02,4.890273720605243235e-01,2.270806834476278291e-01,-6.284843356756778521e-01,-1.497783901560259534e-01,1.836712538418322493e-01,-8.836137343936524557e-02,4.967375651776721468e-01,-3.415388774976347297e-01,1.342613951162010544e-01,-1.293080207423595064e-02,1.464710521264925014e-01,8.856711744806501641e-02,-6.062139508852411318e-02,1.945643747704015880e-01
-7.667810347745537269e-01,-1.097065784898919871e-01,5.311878238676907005e-01,-1.906733485533343153e-01,3.218648431799472909e-01,-2.422833694412391825e-01,-2.466569113699520199e-01,-7.908985248543877467e-02,4.144478228474055004e-01,1.214300188990243695e-02,4.604165392843092564e-01,2.528453219462931667e-01,-6.139430839812624052e-01,-2.017617861270115109e-01,1.999047913930598330e-01,-8.371894697799137086e-02,5.386990867603334010e-01,-2.685816672363690039e-01,1.191001823340496479e-01,-1.966004031219940537e-02,1.749478743199273101e-01,1.430755224812706727e-01,-5.652882071703341921e-02,1.772802072519254757e-01
-6.542959318007113279e-01,-1.617740373545137889e-01,6.603150825410193381e-01,-1.945381799660660382e-01,2.938104052782553044e-01,-2.601382480581690970e-01,-3.037900310959028571e-01,-1.025546324486146382e-01,4.695445349949143865e-01,8.609450387633080237e-02,4.113587570626416334e-01,2.376482737426544312e-01,-5.489811388578426099e-01,-2.258123533153370277e-01,2.530333928098479346e-01,-3.566683905612075267e-02,5.365994928775689177e-01,-2.575654605492460059e-01,1.072144332646374071e-01,-7.706080958395197106e-03,1.580885830673345871e-01,2.076262892500756463e-01,-6.171536696534080102e-02,1.152771673685479281e-01
-5.454459324033182899e-01,-2.167914192431449893e-01,7.359623122881616686e-01,-1.510296021732523697e-01,2.289273040876472487e-01,-2.875866435645206276e-01,-3.316239524479944190e-01,-1.200906873801422664e-01,4.584710979255877117e-01,1.670382418713159400e-01,3.981421446251486307e-01,2.773291465405995360e-01,-4.736489658377540102e-01,-2.810750568072075684e-01,3.541912545029944348e-01,-3.058746763764920440e-02,6.019290550013391972e-01,-1.805642042520814172e-01,7.444193110307031902e-02,7.154461781307622226e-02,1.475607360443625948e-01,2.016761881983530902e-01,-8.917280824248530191e-02,1.000832379531614996e-01
-4.599799870504054922e-01,-2.358353987745033242e-01,7.681658224221096232e-01,-7.774854224104138511e-02,2.253001586624219510e-01,-3.201492464104617741e-01,-3.399696961781416560e-01,-7.991266861217480311e-02,4.870113383256100548e-01,1.677403688902315004e-01,2.869264972371178835e-01,2.643997791574377310e-01,-3.786812802436088643e-01,-3.330692535994716486e-01,4.143066562130475750e-01,-1.246788889274300788e-02,5.967690499988991260e-01,-1.075465630415418927e-01,3.311341364059291331e-02,5.239715907759202873e-02,1.205648662511051156e-01,1.706830187447705427e-01,-1.102613581103947110e-01,9.110084433430915007e-02
-3.608569282237114040e-01,-2.793033976932319806e-01,8.419986945020441205e-01,-4.037960342410835957e-02,2.122277295746925474e-01,-3.290836547092058639e-01,-3.407441954231264503e-01,-9.026657267745447077e-02,4.734869903849306949e-01,2.591780844071214229e-01,1.834693110421342088e-01,2.608428759869558800e-01,-3.462422632103220321e-01,-3.971794636501596032e-01,4.038151368089346049e-01,9.042328825243223234e-03,6.383872220813089360e-01,-9.371158370142682048e-02,1.567038978298952723e-02,7.263428320525457116e-02,9.396085747970435442e-02,1.927341344894207831e-01,-1.244914002959029431e-01,9.385922999096396602e-02
-2.773623502583281719e-01,-2.640433686918789991e-01,8.455535249092066552e-01,-1.320932026960056072e-02,1.500969688086095377e-01,-2.814272675282392666e-01,-3.546627908239970983e-01,-8.279972032928772929e-02,5.070825697475220828e-01,3.407764783961557686e-01,1.052248236391770120e-01,2.617854641732500487e-01,-2.568393290791856076e-01,-3.955539181254708603e-01,4.006330133820608652e-01,1.063739257547338807e-01,6.445461755348218524e-01,-7.587006242720276128e-02,-5.935525193954259426e-02,3.608925128479005540e-02,3.412827622287873536e-02,2.321464646606667959e-01,-1.877782231048137351e-01,5.946661543533650340e-02
-1.537582631309681036e-01,-2.426697025128451146e-01,8.609409106686526370e-01,3.561970460555507340e-02,1.102202938787782832e-01,-2.592272184440729821e-01,-3.316670059449332575e-01,-1.036170135835568773e-01,4.845927283737375690e-01,4.302428209718027752e-01,7.151169568220948347e-02,2.797952838877080239e-01,-1.700799732436015510e-01,-4.059048915932684798e-01,4.275944100572851569e-01,1.812913626955275359e-01,5.962130575495199203e-01,-3.528547795631709061e-02,-1.043026572036076932e-01,7.231784244537901862e-03,3.165635162848558920e-02,2.467210889599588952e-01,-1.477560895888523906e-01,-1.921453103198735024e-02
-3.320549721280798006e-02,-2.490704187347634602e-01,9.112802785190545762e-01,1.219387731473965675e-01,1.121562566935508792e-01,-2.263233336704866538e-01,-3.580623868008935284e-01,-6.283532699612190409e-02,4.368525164875799449e-01,4.641744363466951406e-01,-7.746313740483521185e-03,2.864364058437490757e-01,-7.042142840383891489e-02,-3.735876242721405949e-01,4.556281302801653554e-01,2.482237258860261753e-01,6.285315818845403912e-01,-5.066945450904441171e-03,-1.755819151525258581e-01,-2.816815612429564297e-02,3.303464193186988335e-02,2.682809703308462468e-01,-1.606100120183237556e-01,-9.859546739914926139e-02
9.236107603164334101e-02,-2.007118356841841311e-01,8.707841744844885268e-01,2.214042338734937831e-01,9.217691298705951719e-02,-2.359637521909120628e-01,-4.007506187542043685e-01,-2.108829475921746716e-02,3.759998190036815680e-01,4.926292099657600954e-01,-8.662319769570889227e-02,2.749903491753504792e-01,1.142895601052195190e-02,-3.202713276647065066e-01,4.225338913247383976e-01,3.191815495045745021e-01,6.144835699077065838e-01,5.668765979728475346e-02,-1.953315120781503045e-01,-8.500193845875327059e-02,2.082820782497886783e-02,2.135761467948016912e-01,-1.531237018819655293e-01,-1.540330598526100936e-01
1.445039336477687009e-01,-1.853355598566351348e-01,8.895566354050185032e-01,2.975732887582658859e-01,8.040986223762876250e-02,-2.187901213189271388e-01,-4.365232893780860990e-01,-2.545641843236009713e-02,3.655902139977714183e-01,4.958943808952763210e-01,-1.595733922511638203e-01,1.973381039396830128e-01,6.274008394195469684e-02,-2.377523184240821486e-01,3.596355645550508573e-01,3.721025197042581723e-01,5.562389515055101707e-01,1.254601028519468087e-01,-2.900052649550037831e-01,-1.094947708031008687e-01,1.855343518021813215e-02,2.183332694412414843e-01,-1.543194927866585187e-01,-1.973932994760610737e-01
2.215049865871234758e-01,-1.880305356832496222e-01,8.646695600294181938e-01,3.708550952486272534e-01,6.198738948902710738e-02,-2.392334989784648536e-01,-4.890672735730191567e-01,2.137449201044238842e-02,2.977834001877558978e-01,5.483216523958852617e-01,-1.842887241055602421e-01,1.495842200627594543e-01,9.142684297857045506e-02,-2.188309419681323809e-01,3.423828653822346135e-01,4.480533735728707279e-01,5.622067397966004076e-01,1.019811667195534566e-01,-3.728941044321297249e-01,-9.130682229443701226e-02,1.580171074566669165e-02,2.364555418348372184e-01,-1.751336554412035174e-01,-2.169123687698950864e-01
3.636431736089192901e-01,-1.785686724726917585e-01,7.695206902160692808e-01,4.237055481201663087e-01,-1.614597738710839281e-02,-2.076843178419045255e-01,-4.518267058877294962e-01,1.424548893420337151e-02,2.261022161291756927e-01,5.681125369686166326e-01,-1.980127821415925971e-01,3.556074832995754359e-02,1.449232855414159804e-01,-1.567862470507190020e-01,3.225939606154315520e-01,4.583735076331530434e-01,5.377479632120737429e-01,7.931266902085437609e-02,-4.523235525372074628e-01,-8.173298444919110950e-02,1.030328961315282732e-02,1.654513168699578984e-01,-1.899979081049722462e-01,-2.764750664284083004e-01
4.904806246095633759e-01,-1.125761171609860473e-01,6.773188368866541742e-01,4.888688400701667880e-01,-2.661177282249287471e-02,-1.819768807511635000e-01,-4.459602878877055310e-01,-3.069826698051903585e-02,1.637512046561528378e-01,6.214493878625193535e-01,-2.127127220816024122e-01,-2.748604632048326155e-02,1.609619760273968136e-01,-1.159200448276818673e-01,3.228312818189816857e-01,5.038848637208667158e-01,5.139593775178411539e-01,9.282186436517896044e-02,-4.861906135956566288e-01,-1.368106137531608923e-01,3.557504785066421121e-03,1.300453934560484304e-01,-1.818407268197170523e-01,-2.858138183920848618e-01
5.871987816638143398e-01,-4.762911195272568482e-02,6.152563565840450943e-01,5.067869525697964450e-01,-9.604306511519805634e-02,-2.191899438330814076e-01,-4.819445036492813750e-01,-6.592218591339979450e-02,1.269769185924394528e-01,6.611409068687088553e-01,-1.949829769517488764e-01,-8.152446960010394095e-02,1.590500239857871867e-01,-7.788589035217514944e-02,2.606460587797470585e-01,5.033872089296924646e-01,4.590223654459297808e-01,1.076769558758809558e-01,-5.420649090916995760e-01,-1.840396228422026825e-01,1.173968094621092445e-02,1.297598943976149277e-01,-1.860703478099945685e-01,-2.647015202800674927e-01
6.651282348144339496e-01,6.633853409025056158e-02,5.633767641769573675e-01,5.638242811076115135e-01,-1.388177150360427881e-01,-2.181379201444161031e-01,-5.000223436379485076e-01,-5.019493742779518319e-02,4.173428054064046155e-02,6.745783810119381219e-01,-2.294517049949088561e-01,-1.950719324601792037e-01,1.545252911495607895e-01,-6.895310549706128167e-02,2.399575313423879808e-01,5.442411851132634704e-01,3.980942646947264740e-01,7.756547065571657573e-02,-6.170818191221598692e-01,-2.687044980336629751e-01,-4.681863261006936200e-02,1.421505715479036147e-01,-1.987676429435532854e-01,-2.998542738506454475e-01
7.055999809129704925e-01,1.482787970179950399e-01,4.694051015803785143e-01,6.013368724331132897e-01,-1.568923864805170099e-01,-2.615321904666018105e-01,-4.805174549733993161e-01,-6.173862959282440388e-02,2.203504573646944409e-02,6.660852050507219957e-01,-2.192440994341836868e-01,-3.111854174892194624e-01,1.915510127496414527e-01,-4.469442090232034204e-02,1.796654197066253345e-01,5.239625738044865200e-01,3.492555883735692368e-01,4.063410649891804199e-02,-6.504976075613613240e-01,-2.659066776538120402e-01,-1.030411636853105356e-01,1.097316206820748014e-01,-1.860083647636183168e-01,-3.702732211666235895e-01
7.751026057773682254e-01,2.410874354870416181e-01,3.493786462623640898e-01,6.352613339268464721e-01,-1.958311510035090353e-01,-3.055344618034979698e-01,-4.232664412860683845e-01,-2.084081138396794153e-02,-3.652003828769086885e-02,5.894820414868733316e-01,-2.158236602467614729e-01,-3.564041537230690504e-01,2.507240469367023050e-01,-1.214658495682281736e-02,9.003157460519387034e-02,5.718369789399256886e-01,2.689493704700540722e-01,3.533478741278083674e-02,-6.213398051114831233e-01,-3.440059228453314355e-01,-1.116250893192488186e-01,2.430687362804258289e-02,-1.685846831513027611e-01,-3.578079230061103067e-01
8.140980970571551900e-01,2.924934875186374073e-01,2.098666569732232368e-01,6.407372526333525720e-01,-2.233444317107491639e-01,-3.649220647924764638e-01,-3.695600657813411516e-01,1.607445520911175013e-02,-8.234781193666809718e-02,5.049987422458829256e-01,-1.664514064443601282e-01,-4.154931235043484716e-01,2.869649821495752207e-01,8.275597894002106880e-02,6.626099377278776847e-02,5.757665731864181069e-01,1.674148155628966128e-01,3.120459496589469972e-02,-6.152083992056619488e-01,-3.520697371538720200e-01,-1.620086963741974306e-01,-4.767895968424271103e-02,-9.953701553142120517e-02,-3.413950185334957976e-01
7.968491050573377477e-01,3.693797552880138113e-01,6.677662844309817380e-02,6.104171841095994422e-01,-1.999773849065781262e-01,-3.714417108581209992e-01,-3.769302266700136905e-01,-8.214515795403498633e-03,-1.039777621018512926e-01,4.444874971686053611e-01,-1.043339370451993181e-01,-4.557305831837834553e-01,3.173116936211000105e-01,1.312823244761524011e-01,2.775470129014220508e-02,5.436047089236946128e-01,1.472058560020269580e-01,1.776613427539053963e-02,-6.281569285984452966e-01,-4.066395046763036092e-01,-1.994891890485220309e-01,-7.011395255219493583e-02,-9.386682758175014796e-02,-3.299195198307278698e-01
7.335600025233146582e-01,5.056656596339724752e-01,-6.934068450478299284e-02,5.787301942561409174e-01,-2.640546528921776659e-01,-3.632088146411727725e-01,-3.718725840421467366e-01,5.002805746320639069e-02,-9.705576614477402775e-02,3.735030835400509619e-01,-3.052652863687801282e-02,-4.529124117967155416e-01,3.441228958433524832e-01,2.350917842749268849e-01,-5.628194101368230035e-02,5.361397390145365982e-01,3.931500280016221593e-02,-5.619619170290474086e-02,-5.688520492841037113e-01,-4.544565907391950321e-01,-1.793276983694096216e-01,-8.192309412815143577e-02,-2.112383102961942066e-02,-2.757575449761005548e-01
7.233437390744419382e-01,6.092420344708165958e-01,-1.448145516310856418e-01,4.750030412090083809e-01,-2.478222797731670091e-01,-3.571216355713792145e-01,-3.392983256055922547e-01,8.000543219879885370e-02,-8.163460711212444654e-02,3.297516118366662918e-01,9.987585244872445450e-03,-4.398907759658352568e-01,3.503323890401299767e-01,2.985834716016103063e-01,-9.626601034849052718e-02,4.954140112638608096e-01,-4.213299790389493649e-02,-8.965137203814355082e-02,-5.038207275934599716e-01,-4.313802420289020723e-01,-1.920581308327578007e-01,-1.151385849581502141e-01,-1.818245382482294031e-02,-2.173343577636617230e-01
6.740935102422950242e-01,7.080063422210386426e-01,-2.201548538961555224e-01,4.187813637619965945e-01,-2.849194813975081120e-01,-3.935993772967327220e-01,-3.027865497251039928e-01,1.082760205101816892e-01,-1.285900938254641857e-01,3.001620768848012322e-01,3.548173524760930148e-02,-4.528522249639519437e-01,3.574110399729084064e-01,3.306592274859780356e-01,-2.034218141272513269e-01,4.855916857181341584e-01,-7.682444277890207451e-02,-1.143620887825536614e-01,-4.412001145337661745e-01,-4.145010222256979016e-01,-1.408618120790455230e-01,-1.421121122701302086e-01,1.079423314388921681e-02,-2.151817745183028374e-01
6.507659477829885741e-01,8.172869543113412405e-01,-2.911138271374269504e-01,3.055461963370306733e-01,-2.575494556233329235e-01,-3.558789197437561280e-01,-3.081271271905674514e-01,1.556463520077354667e-01,-1.605157462255702439e-01,2.768757953880763290e-01,1.203637415190151883e-01,-5.252795944946726525e-01,3.581347578223039174e-01,4.071951169897038980e-01,-2.147055539038063565e-01,4.358848337776003445e-01,-8.003975106406216455e-02,-2.026806624828593473e-01,-4.266275420921014083e-01,-4.657212286896472153e-01,-8.430314089547033540e-02,-1.380524379655226341e-01,7.076886482463679018e-02,-1.552964405304698980e-01
6.237321750444071444e-01,8.690856088984152406e-01,-3.917344164527012396e-01,2.372658932580313240e-01,-2.864341567791327536e-01,-3.709663638369398164e-01,-3.149419109360259150e-01,1.379091747981588956e-01,-1.856018927943417773e-01,2.001721585968570249e-01,1.791868473911592818e-01,-5.874519818296162210e-01,2.852335776644859267e-01,4.969587251651774729e-01,-3.061655090993374850e-01,3.660365413199802020e-01,-7.565859471838867756e-02,-2.864777140805736533e-01,-4.345312867666704659e-01,-4.653135850170256327e-01,-8.959367457416489433e-02,-1.505734235829621903e-01,1.168615812444114971e-01,-1.732893631892296615e-01
5.332958456729369745e-01,9.409156465881900466e-01,-4.560371770636685862e-01,1.461192435968432790e-01,-2.699905211440543629e-01,-3.328879885965490559e-01,-3.098067430129076705e-01,1.622867370528797981e-01,-1.424704506026164830e-01,1.798948322887850559e-01,2.647963762569522372e-01,-6.077510985979928115e-01,1.976426739868989146e-01,5.435897061229215677e-01,-3.268199555770536779e-01,2.980912129229150720e-01,-1.060756990442092706e-01,-3.011634741458269482e-01,-4.149774763598909066e-01,-4.193961606598867742e-01,-7.918077485708002738e-02,-1.885963064390704935e-01,1.291094343216516172e-01,-1.250960397958368053e-01
4.016998630179510754e-01,9.832731890834374155e-01,-5.452646409398490546e-01,6.302830352050155238e-03,-3.108634116755544241e-01,-3.597279035971920891e-01,-2.563766842041097505e-01,1.577284221296295086e-01,-8.133684902475582512e-02,1.579064044988942039e-01,3.147429144691408776e-01,-6.444852593171426225e-01,1.241513257047417301e-01,6.096136812903933944e-01,-3.726327713895883353e-01,1.843238268833680971e-01,-1.262571664229197033e-01,-3.119895808308405516e-01,-3.513350038290381505e-01,-4.397910175096175767e-01,-3.912111749591849763e-02,-2.318179871269316350e-01,1.142647940409991097e-01,-6.162915609450744792e-02
3.378462866033994927e-01,9.517590747918869276e-01,-6.032044161283519612e-01,-1.484256225430756471e-01,-3.428601846830210964e-01,-3.163293372870278342e-01,-2.347297656982235969e-01,1.765987575470022719e-01,-3.115085045567747221e-02,5.387830671441323771e-02,3.516921487296954529e-01,-6.476094403461242210e-01,6.548950166344189028e-02,6.803773474621689354e-01,-3.649475345251165792e-01,9.346951287062671421e-02,-1.123334399678656836e-01,-3.932325865493214168e-01,-3.616029784951925174e-01,-4.528787259357625605e-01,-3.188143307755818973e-02,-2.374238519301219152e-01,1.320426443848815579e-01,8.679603746904067385e-03
2.505496633606545953e-01,9.089464368221866764e-01,-6.150173206578315455e-01,-2.945690044568062271e-01,-3.811161596424569864e-01,-3.257736542129900381e-01,-1.776188000721148630e-01,1.846675701848477236e-01,2.661006848819526260e-02,-5.021885342932802532e-02,4.120985232032495227e-01,-6.577790520421973319e-01,1.249089883163053902e-02,6.953197905805688084e-01,-3.309562441752116890e-01,-4.567184513008894220e-03,-1.716218501267618157e-01,-4.897409980149630693e-01,-2.929090079162879334e-01,-4.262424827255338333e-01,2.085295435588600810e-02,-2.632193974359549604e-01,1.184847651192943441e-01,-8.055239565697189241e-03
1.204465409161048495e-01,9.326217073332626617e-01,-6.705627613915856600e-01,-3.926079313891379097e-01,-3.596779878853778034e-01,-3.119609059745404589e-01,-9.857305117258491345e-02,1.884492458545375948e-01,5.414867753909846648e-02,-1.564665873233130333e-01,4.338608174446720311e-01,-6.520600576746612420e-01,-7.092206815373212903e-02,7.246088656643762116e-01,-2.863675596937537704e-01,-1.219558180944980141e-01,-1.882377078792065728e-01,-4.949853374935220263e-01,-2.965438579911756634e-01,-4.299427363926983103e-01,1.194046801588477535e-02,-2.518264954510244791e-01,8.110900121193159729e-02,7.101676592083945583e-02
-4.305162624824040302e-02,8.647842446742414202e-01,-6.425524091744541089e-01,-5.256510196307693228e-01,-3.615397199465348321e-01,-2.706002049766347284e-01,-3.180631780641332562e-02,2.544866027658567176e-01,8.636623233745126249e-02,-1.988992560747079308e-01,4.353327488027690650e-01,-6.417135577900483501e-01,-1.666883853894520484e-01,6.885820411571070832e-01,-2.784303765277155729e-01,-1.748029068054840485e-01,-2.301145001210276875e-01,-5.207638010849894306e-01,-2.513458148565251848e-01,-4.137177789941765549e-01,3.178223091993744032e-02,-2.625676758646419140e-01,8.548610106920676022e-02,9.317484262964134678e-02
-1.600923643702100441e-01,7.873691661067148129e-01,-6.570218054470264857e-01,-6.081530560251922068e-01,-3.189125974629550830e-01,-3.009993087018986713e-01,-4.240142385898114374e-04,2.747773551959221683e-01,1.011235059589140617e-01,-2.094794586019571581e-01,4.273654932805832085e-01,-6.394526266570176309e-01,-2.182511592785825738e-01,6.824084484290054986e-01,-2.980893555315408117e-01,-2.405464593432306009e-01,-2.246885140229740174e-01,-6.100077550480085264e-01,-2.389416919253904148e-01,-3.647654838898614638e-01,3.282602993818857506e-02,-2.062020253034727024e-01,1.090156593567069565e-01,1.714589708901395615e-01
-2.780319179512227845e-01,7.460415875777917094e-01,-5.746056432084931664e-01,-7.180391413159404879e-01,-3.169172701928532621e-01,-3.012495492769471372e-01,4.837669051292767947e-02,2.859620029569951982e-01,1.245532812562055308e-01,-3.086217533045254591e-01,4.430594420524513466e-01,-5.950541821094490480e-01,-2.465453967944558344e-01,6.153719587623874832e-01,-2.743453586450018689e-01,-2.912718317235998278e-01,-1.844846589700953332e-01,-6.653959575453696207e-01,-2.009318359982921465e-01,-3.330458013663307737e-01,9.703294933186840110e-02,-2.242744660974278492e-01,1.399020821290034577e-01,2.148187905985636248e-01
-3.595810456450720394e-01,6.996107850840649345e-01,-4.913362820822030352e-01,-8.590639532666735079e-01,-3.096571513832520051e-01,-2.814701801119844360e-01,5.586689567735475537e-02,3.500752897245484330e-01,2.148979590774488246e-01,-3.488270170684980576e-01,4.447811762162031113e-01,-5.629172700698893417e-01,-3.424586539392984186e-01,5.556394672387986455e-01,-2.421791955959409770e-01,-3.470549788131732094e-01,-1.545222586763737582e-01,-7.467180264459439831e-01,-1.751430933610689522e-01,-3.062454209393739024e-01,8.725295924575304785e-02,-1.638394731527301196e-01,7.283565881619077920e-02,2.347832991992931662e-01
-4.282836214633018446e-01,5.817842307598306562e-01,-3.843556974763401857e-01,-9.449768817473283011e-01,-2.703996894252152505e-01,-2.672622306574053419e-01,9.222494092364036389e-02,4.112663857800209488e-01,2.400277989803525358e-01,-3.589653684511401877e-01,4.525434077613850747e-01,-4.679415024349757313e-01,-3.990444271833506473e-01,4.883453795712409118e-01,-1.476592233758464157e-01,-4.373830362136944538e-01,-9.951829243424120675e-02,-7.819720669005820746e-01,-1.419604485623894297e-01,-2.575284145792013368e-01,1.094447897620662025e-01,-1.524800546864413520e-01,5.907714020934137777e-03,2.305262757196318291e-01
-4.439493838338353093e-01,4.149398885958341943e-01,-2.817859207182819570e-01,-1.000430499195153589e+00,-2.273968485402702855e-01,-2.758784646797982631e-01,1.420909970325072158e-01,4.081346614936621209e-01,3.139131711540101288e-01,-4.193186300179467252e-01,4.297131420088700082e-01,-4.019784180237411242e-01,-4.438899164278305443e-01,3.877423043389315871e-01,-1.179900583672948144e-01,-4.990208276988226666e-01,-4.847854782410689761e-02,-7.680049888138678060e-01,-1.599044320975527289e-01,-1.954758290515273556e-01,7.696098149551516832e-02,-1.713753935306003284e-01,-3.657557941994134254e-04,2.548765998757366869e-01
-4.826016465363245911e-01,2.795232906014362140e-01,-2.330186180048495204e-01,-1.041378723909486048e+00,-2.469211715373839100e-01,-2.159172183520568500e-01,1.242920965450253351e-01,3.942713807052873887e-01,3.846163782437345691e-01,-4.515243748343933938e-01,4.630146572802240623e-01,-3.317523599258770939e-01,-4.946814988743348795e-01,3.342934752665017162e-01,-7.090041277003761300e-02,-5.001289500505368135e-01,-3.850191374324125893e-02,-7.801910885778469140e-01,-1.892819051803557584e-01,-1.327972221035236267e-01,1.182036945945497963e-01,-1.104277465569950822e-01,-4.830270611519326546e-02,2.430157142773121115e-01
-5.333569508838571505e-01,1.391012022507140122e-01,-1.285247924785014872e-01,-1.108293449763347649e+00,-2.150162604352889861e-01,-1.568808257255577265e-01,1.546187640283673559e-01,3.849774104436292088e-01,4.159004964986650066e-01,-4.859417804194658963e-01,4.242734458452406265e-01,-2.706615350132585140e-01,-4.973438246729633416e-01,2.132651716558977006e-01,-4.265184881698080854e-02,-5.447767943695795978e-01,1.324994000589635457e-03,-8.211805807220800002e-01,-1.634978527663637771e-01,-8.738080600613623572e-02,1.567370648911280417e-01,-3.999084482615172104e-02,-9.217852613608980283e-02,2.231415381709784540e-01
-5.916805934018223301e-01,5.013950713523916691e-02,-5.365278586515793979e-02,-1.072847188546867114e+00,-1.426849512608651671e-01,-9.871648209230486637e-02,1.719543655223575440e-01,4.137365685116322078e-01,5.165123430175362351e-01,-5.103533763492438258e-01,3.902678283074992316e-01,-1.873427858038770044e-01,-5.179966540602634062e-01,1.254744192828450844e-01,1.746845917487369060e-02,-5.584066828369250723e-01,6.086163125120400141e-02,-8.545831330817468263e-01,-1.148228502120559325e-01,6.059758231427136294e-03,1.808586412127923815e-01,-4.013919587233467055e-03,-9.042300130637626054e-02,1.727862327473960735e-01
-5.784686367566979071e-01,-5.219312495497011040e-02,4.163510350038041735e-02,-1.056195971698456804e+00,-1.102670976508332568e-01,-5.350841608032298052e-02,1.828295772660373797e-01,4.371174030836539881e-01,5.706067811659617517e-01,-5.226292539842170015e-01,3.723594950655930158e-01,-1.431048882014038237e-01,-5.000265561919920998e-01,1.642527841382151674e-02,1.094618020210010451e-01,-5.418981460837442032e-01,6.336983592625883288e-02,-8.896312536705963669e-01,-1.573975258757130680e-01,9.636988121914098759e-02,2.058336583802068687e-01,-2.321652172488285204e-02,-9.312295291186556412e-02,1.517461270134617957e-01
-5.885119108547586242e-01,-1.698722436479270792e-01,1.982773270874781391e-01,-1.087283286484481470e+00,-4.959766251489559907e-02,-7.258714661260708828e-03,1.773712241311865001e-01,4.488645038048083569e-01,5.872169718608170053e-01,-5.463193239504806620e-01,3.301864267001873854e-01,-8.733701581007954906e-02,-4.450547176104852620e-01,-7.207409801567761509e-02,1.500590830890977667e-01,-5.132486842738871458e-01,7.081183702783885869e-02,-8.687525427542039935e-01,-1.477629469144341179e-01,2.169315715752905827e-01,2.256124826594455290e-01,1.997494720055422585e-02,-1.027090681329300981e-01,1.930837144593499644e-01
-5.722963226135482362e-01,-3.433511037796325160e-01,2.694054224804798281e-01,-1.020509025878518106e+00,1.064923362938170748e-02,5.018528299048333891e-02,1.192472113303107012e-01,4.458168627068341827e-01,6.666389733296668174e-01,-4.944645669028187029e-01,2.355724519123852390e-01,-6.573767516825658463e-02,-4.024777191339843907e-01,-1.594227784926856295e-01,1.946014700350935378e-01,-5.440910381602561685e-01,1.028272270995361642e-01,-8.030096258639284335e-01,-1.189482357697079773e-01,3.016813782163432767e-01,2.143885590098577598e-01,8.884178306435869255e-03,-1.293450864924716726e-01,1.727733063459551688e-01
-5.164435263470000814e-01,-4.404754314064945331e-01,3.584002935016067370e-01,-9.858431962008020744e-01,1.028226223603684666e-02,1.122345749524931990e-01,1.134879975438748412e-01,4.254745323776973343e-01,6.739530373293403098e-01,-4.515657989903225089e-01,1.335424102402182900e-01,3.682639393085362575e-03,-3.532394312915618229e-01,-2.127925405498699296e-01,2.860414772938881800e-01,-4.777950609514557412e-01,1.302211695425701254e-01,-7.396994067551249108e-01,-1.315750991404403547e-01,3.428512663479897360e-01,1.522453446081845629e-01,1.522181093519447623e-02,-1.642666177436970243e-01,1.760866099231183368e-01
-4.510462366271334456e-01,-5.886237408159891160e-01,4.706147390315906787e-01,-8.858228772505669646e-01,-2.985652494786261019e-02,1.544070216866045842e-01,1.095248609944509954e-01,3.924748706010997568e-01,6.863412698298844150e-01,-4.035044107134734270e-01,1.049253921682359730e-01,8.644976501871429186e-02,-3.035390659585428530e-01,-2.537905193160183148e-01,3.298260344144692269e-01,-4.252172867741647044e-01,1.496555824781355126e-01,-7.253356939051178731e-01,-1.406534988752242699e-01,4.137881390101436074e-01,1.199752170372414273e-01,8.144068874069773645e-02,-2.351309596369408617e-01,1.468755814778775204e-01
-3.634477719039736487e-01,-6.490365996538878246e-01,5.446227513313603996e-01,-8.418336177089760231e-01,-4.246612059882630408e-02,1.918007978955373893e-01,5.850262681371967699e-02,3.958455286706332732e-01,7.623983695852563081e-01,-3.630395588699679155e-01,1.681118995337362032e-02,1.215498808849503898e-01,-2.945295080512815300e-01,-2.714984787171540459e-01,3.707533634610801210e-01,-3.920590384132249806e-01,1.866976213004079843e-01,-6.777915946726303931e-01,-1.604969360336144790e-01,4.328933281897832663e-01,1.230368495190964917e-01,1.456375382214243619e-01,-2.380909428507100023e-01,1.715798812969037135e-01
-2.692077066660932827e-01,-7.377270436819032273e-01,6.566295746167778447e-01,-7.369022748442386472e-01,-6.134139893555365375e-02,2.583795870968176311e-01,4.672723930916815316e-02,3.350362826574144748e-01,7.839679394644306631e-01,-2.699066143463665357e-01,-7.594679851088823042e-02,1.375650550815110673e-01,-2.777704131791544628e-01,-3.585150380647875168e-01,4.106703440141922234e-01,-3.344607509265454248e-01,1.612526565115467436e-01,-5.770376115136298667e-01,-1.741810163040755921e-01,4.986560132174458482e-01,1.240624365652811534e-01,1.260253404233441510e-01,-2.597598387075693016e-01,1.571160831405845060e-01
-1.571156960532351654e-01,-7.766144205424090341e-01,7.333300115192231683e-01,-6.277559959604456230e-01,-3.816814173131122950e-02,3.322760257359279601e-01,-1.188448450267029499e-02,3.576865717499686514e-01,7.435239760432238443e-01,-1.840429904480922751e-01,-1.826779866636186189e-01,1.231396841995668068e-01,-2.231581038155318608e-01,-3.891450322909218440e-01,4.406163704410636650e-01,-3.206460782589208858e-01,1.814719201977228191e-01,-4.753170674452480982e-01,-2.256975309285908782e-01,5.162239088734473791e-01,8.530392364314294540e-02,1.019575647116875428e-01,-2.463121199181327603e-01,1.632508055324925211e-01
-7.213398352829460125e-02,-8.297991829332282965e-01,7.828511878418651371e-01,-5.412307233258152328e-01,-9.968410628938362272e-02,3.745120961298480933e-01,5.878927372299121157e-04,3.239793372798685511e-01,7.024529606897897960e-01,-1.169546766212603423e-01,-3.040052639102589493e-01,1.258755095057681739e-01,-1.920171442700995823e-01,-4.614365912321789498e-01,4.463617795859890491e-01,-2.691511080817455270e-01,1.365239000414786574e-01,-4.219290389144720876e-01,-2.669394126390922106e-01,5.476445238460829756e-01,4.334925140963073742e-02,1.558041610488733186e-01,-2.968935112589285441e-01,1.403584268278725566e-01
6.242365022083912890e-02,-9.277804536802213287e-01,8.566990562394385389e-01,-3.817307349145798168e-01,-1.379673824235165824e-01,3.573379074308762893e-01,-3.857011160085933865e-02,2.472330807892350046e-01,6.358199526831097570e-01,-6.684929555048461924e-02,-4.040313267662228314e-01,1.074824645839953657e-01,-7.428677469189091942e-02,-4.765940459765848347e-01,5.210651251946466500e-01,-2.348771801713232799e-01,1.181757098100394004e-01,-3.522730353332106934e-01,-3.484869955154710208e-01,5.235689145871469385e-01,2.268509839357234908e-02,1.852068892422901458e-01,-3.152796139497319738e-01,1.081033573637337902e-01
1.617461826348044474e-01,-9.273167755938152013e-01,8.818565866961693978e-01,-2.392776713806427646e-01,-1.612261051441921944e-01,4.152169578808979078e-01,-7.955442283520383628e-02,1.861007676096169128e-01,5.797732024646427007e-01,4.177332751750462841e-03,-4.211894216935305746e-01,6.747228312762203195e-02,3.941432703949428878e-02,-4.677440910973444943e-01,5.093931894092980084e-01,-1.699084763587450642e-01,9.107644291921400403e-02,-2.440221882266687126e-01,-4.160809726320724433e-01,5.681194205894122273e-01,-3.477526260038847628e-02,2.190783579807586146e-01,-3.289584763151530145e-01,8.106622701209811876e-02
3.125849688084149647e-01,-9.478226889168793745e-01,8.353873298299867578e-01,-1.353267344442384834e-01,-1.438983291384623997e-01,4.611821984863516688e-01,-3.148668252588485150e-02,1.886165171755112002e-01,5.046654783099417951e-01,2.527452744028300946e-02,-4.629757858568829265e-01,4.406867558913103722e-02,1.052078731007001638e-01,-4.940792171650233988e-01,5.201053080747395363e-01,-8.918394912360422255e-02,2.718182757578498782e-02,-1.839865313599876595e-01,-4.455013477394016985e-01,5.753187016958956068e-01,-1.073384495341706130e-01,2.483176664439966097e-01,-3.749427064527524611e-01,2.777737970867891204e-02
4.512410298263280772e-01,-9.385338494386763486e-01,7.844717488604832090e-01,-4.751107922432988573e-02,-1.694609840683849455e-01,4.485767610820692308e-01,-2.819705157289822267e-03,9.215181970148539348e-02,4.624491968275719067e-01,9.876829479746508655e-02,-5.453081229145917419e-01,1.540784059747817361e-02,1.402755586000905552e-01,-4.821188230498229532e-01,5.158320070605969532e-01,-2.261898389900231579e-02,-6.250344484007994833e-03,-8.429902075292210195e-02,-5.044247090502924635e-01,5.202342432684818885e-01,-1.203462149054018160e-01,2.519219084396855379e-01,-3.241881039448205604e-01,-6.178808425263035767e-03
5.661996760362767445e-01,-9.034546793403558373e-01,6.949797946299375306e-01,4.442887162505408660e-02,-2.238117687094592634e-01,4.483773215030342763e-01,-1.903926973432359601e-02,2.490815978991177057e-02,3.901563974390691025e-01,1.538778142993145470e-01,-6.375352295275962256e-01,-6.745230387586908377e-03,2.318480710454623728e-01,-4.445351587527431869e-01,5.429904215255647593e-01,3.399895451703868754e-03,-8.708331714084097119e-02,6.555973491869461489e-03,-5.306759296433529727e-01,5.067966265718034657e-01,-1.482404749658197685e-01,2.616561508687215154e-01,-2.666521456860130868e-01,2.240601737973600682e-03
6.510049965222399759e-01,-8.394212476554199220e-01,6.578205002269857937e-01,1.503185782276797444e-01,-2.555506132098045446e-01,4.079131776564814960e-01,4.987796345469039383e-02,-6.471339003649115296e-03,3.597738595154484909e-01,1.519854662670752921e-01,-6.440538389322452151e-01,-2.720967909162483669e-02,3.259747144349808834e-01,-3.833315802449285825e-01,5.056086834349736714e-01,3.790681664633126918e-02,-1.227634335407127297e-01,7.579512134426709402e-02,-5.363578284751944203e-01,4.472744955277858092e-01,-1.865485383840816691e-01,2.340968145078573259e-01,-2.575313534646298530e-01,-2.267770078791397914e-02
8.001041370735649805e-01,-7.991168775666475099e-01,5.650698417590191980e-01,2.222805423572043193e-01,-2.706385889642166642e-01,3.529171814651946848e-01,5.029803493886277066e-02,-6.304764551114788729e-02,3.164511256254971538e-01,2.037578548280696844e-01,-6.944183415360987155e-01,-3.839760049278009846e-02,4.292905592173854590e-01,-3.344765649826109688e-01,4.326451597861823983e-01,1.201799287633625590e-01,-1.349011512100575794e-01,1.321993243821256991e-01,-5.598206545819319757e-01,4.102929159079840016e-01,-2.082083908606487122e-01,2.221503820350435310e-01,-2.741487608292959566e-01,-7.754668011456131160e-02
9.118697412672710501e-01,-7.079226348663130164e-01,4.882567980516062112e-01,3.041395326960157353e-01,-2.441686494573750421e-01,2.978403974682404809e-01,3.554731748320107132e-02,-7.369869689241129174e-02,2.324521902302780496e-01,2.492953579387174601e-01,-7.314872916197846520e-01,-1.262396233131189149e-01,5.201578584115299497e-01,-2.941349009850947605e-01,3.499633238035104177e-01,1.964325399893888102e-01,-1.955055388633378521e-01,1.761275562247721638e-01,-5.671562723516416771e-01,3.995475119271676978e-01,-2.124171588502972718e-01,2.235961892507683513e-01,-2.872231671634308814e-01,-7.902652631877514489e-02
9.672743812638290306e-01,-6.528712290278092523e-01,4.231084767584362138e-01,3.771449002089634073e-01,-2.263535388395931658e-01,2.657843741306180063e-01,2.733312181600459911e-02,-1.501842238351723813e-01,1.498833463204295724e-01,2.942557347851118554e-01,-7.569830904905068270e-01,-2.010401109269809306e-01,5.509495331220859438e-01,-2.447371038677380317e-01,2.800648252711651076e-01,2.800171563292645494e-01,-2.592096918259870209e-01,2.060381652886062176e-01,-6.001040494354447086e-01,3.995144958599582408e-01,-2.759380248505952649e-01,1.610732259462031579e-01,-2.439471499583004688e-01,-1.056406703391219448e-01
1.045630346484562212e+00,-5.134127798728119751e-01,2.985154890356697122e-01,5.031923040380444911e-01,-2.509255571659807504e-01,1.933265745456541063e-01,2.769101890927404969e-02,-1.825980715792196452e-01,3.058129548757577282e-02,2.297945953877663927e-01,-7.157567850034936008e-01,-2.324697480755010259e-01,6.119230082083148003e-01,-2.210303014895402263e-01,1.713359136278895523e-01,2.734341420636900444e-01,-3.054482919868593549e-01,2.746961102005088806e-01,-5.972580482192938467e-01,3.084922481541056971e-01,-3.053842353602213566e-01,1.206663283999403896e-01,-2.220973140165620752e-01,-1.210881472873559656e-01
1.112057186224918670e+00,-4.070059638488758846e-01,2.032132633112818110e-01,6.028468891008913477e-01,-3.052159723899352528e-01,1.891882727266475939e-01,5.776497446964914267e-02,-1.505318298110258080e-01,-5.428938990087715105e-02,2.553261633979950207e-01,-6.773373817007158904e-01,-3.147347050879588659e-01,6.400750026783581514e-01,-1.126652092443659325e-01,1.312312230702208926e-01,2.620906033434253768e-01,-3.562942497792421781e-01,2.732017425011614709e-01,-6.276347493872188599e-01,2.397469291191308971e-01,-3.582163911764476572e-01,1.245058389278285854e-01,-2.004202340592965981e-01,-1.106927837568575379e-01
1.144985315734971199e+00,-3.058671251641442157e-01,2.144187391904996826e-02,6.952371926729157270e-01,-3.509232847332751648e-01,1.375429213007131612e-01,7.521918910254840607e-02,-1.835999142893355585e-01,-1.679535089114386204e-01,2.478780859097653722e-01,-6.897864242851432515e-01,-3.584994532798347899e-01,6.171972320989588257e-01,-9.686970112018750134e-02,9.431522909465080151e-02,2.472630224153274936e-01,-3.982989246098818659e-01,2.822187186177079199e-01,-6.422314533051298735e-01,2.252654928314962446e-01,-4.075219043280730591e-01,1.308112315234430667e-01,-1.909640296626831935e-01,-9.702622729817723946e-02
1.159661341488402053e+00,-2.115095611900585371e-01,-1.086396702462253533e-01,6.893148193694015324e-01,-3.670239003680739742e-01,1.012090303852589412e-01,1.486172857562699789e-01,-1.685226244796501627e-01,-2.336591445096406483e-01,1.677086207971458520e-01,-6.461603198539878079e-01,-4.566117997240296544e-01,6.153366201503226440e-01,-4.949499323895693165e-02,-2.630739560619934497e-02,2.374983864690080049e-01,-4.285100195802593048e-01,3.285426515952547533e-01,-6.243695234780586301e-01,1.180118923240425083e-01,-4.626747623325299652e-01,8.924927740287816325e-02,-9.941886304701519350e-02,-1.548794925742266182e-01
1.164633186709921109e+00,-5.276349706846716892e-02,-3.013047290049619131e-01,6.842469005878193400e-01,-3.735380380391700172e-01,7.903860309284264918e-02,1.783700275522869250e-01,-2.053520579468023910e-01,-2.955126649020498597e-01,1.408209906767820541e-01,-6.078485555314500077e-01,-5.394441159316717416e-01,5.810019019578704924e-01,-2.108779260382362408e-02,-1.194981465475207782e-01,2.539392698342524124e-01,-4.945207581043320477e-01,3.365949095594177876e-01,-5.972465787792000658e-01,8.577222485860103163e-02,-5.037633008255197886e-01,4.710051987969804399e-02,-1.473589177650243970e-02,-1.997675870247670460e-01
1.094586101007437140e+00,5.370477589339782420e-02,-4.909421875985097716e-01,7.113584624625118868e-01,-4.066993868498048337e-01,3.782091928658060792e-02,1.871492853723811800e-01,-2.223381319068649664e-01,-3.188532303671501311e-01,3.747276054785528970e-02,-5.011000357300765540e-01,-6.098137324153385386e-01,5.906371531882612658e-01,3.799842429417434747e-02,-1.510342415335950428e-01,2.539224415851942251e-01,-5.644469519423326309e-01,2.880281335820084609e-01,-5.817155509386988665e-01,6.352618901831591502e-02,-5.216564112410178033e-01,-1.101359507708182632e-02,7.164904544443902179e-02,-2.200833478621145034e-01
1.082155826592498649e+00,1.734248836935995686e-01,-6.338126666322880798e-01,6.623059736174016221e-01,-3.463762864501611083e-01,2.021872574674566693e-03,2.639274028937838024e-01,-1.842472423200531562e-01,-3.846550630891084621e-01,-4.622921169981398376e-02,-4.009191930672028059e-01,-6.483553605075026427e-01,5.993573084172066912e-01,1.366254563562903646e-01,-2.094633579593780381e-01,2.651922129391409699e-01,-6.029153009113054074e-01,2.990201173550347535e-01,-5.352999873187572755e-01,-3.947476634458009503e-02,-5.205057192778367314e-01,-4.151960053827220137e-02,1.293480002356058312e-01,-1.891512282583612259e-01
1.049120699049177263e+00,2.851008683334251281e-01,-7.735053191197230893e-01,6.491127215497956016e-01,-3.154208795509500507e-01,-1.291281590135687565e-02,2.813003768390051063e-01,-1.755036505144411396e-01,-4.577062256697735365e-01,-1.593075453978939904e-01,-3.776185614125594503e-01,-7.057036844409768639e-01,6.156103732926067051e-01,1.663347075021844590e-01,-2.649508274143468345e-01,2.733706260196628879e-01,-6.624927116879635314e-01,2.285409723226638490e-01,-4.468982685846378811e-01,-8.572608202281845058e-02,-4.791378095042739815e-01,-5.908604718568735703e-02,2.375401091320614999e-01,-1.700318709879394818e-01
9.880199990389030296e-01,3.592217767237476655e-01,-8.781981214004168645e-01,6.128464189819406993e-01,-3.165015274623124708e-01,-5.303391549788270126e-02,2.863674304150206629e-01,-1.384693491843631552e-01,-4.811589771690120143e-01,-2.381146130206615030e-01,-3.247517189537275084e-01,-7.329800169765411377e-01,5.311573301615800657e-01,2.054563280509792977e-01,-3.324811758774798287e-01,2.776512894424422173e-01,-6.977271026635378792e-01,1.791382570226975057e-01,-3.282892014202159481e-01,-1.083457025608438873e-01,-4.064434144804972004e-01,-9.678974415847704793e-02,2.683198661065975266e-01,-1.959682792112276695e-01
9.024009511321993138e-01,4.765739277187126532e-01,-1.032802497281365639e+00,5.461014414935235761e-01,-2.709173270017309343e-01,-7.204306599505755360e-02,3.220978731702128783e-01,-1.151964680850666861e-01,-5.153503664161096509e-01,-3.319256332323354819e-01,-2.684056730009891645e-01,-6.902337670093365851e-01,4.529599301560718327e-01,2.168522813786566694e-01,-4.037081770312671014e-01,2.546720931487027606e-01,-7.413453107732475011e-01,1.101649875538675133e-01,-2.452657731429893073e-01,-1.572099779038587664e-01,-3.289787548218889301e-01,-9.373134776890251763e-02,3.172749635030562843e-01,-1.889363023560732269e-01
7.812164684673922332e-01,5.467518114443459254e-01,-1.145414931822184679e+00,4.365950629822498708e-01,-2.759471679607606864e-01,-1.359704659380087388e-01,3.866585656949446670e-01,-1.172744798296239677e-01,-5.529773167654881139e-01,-4.240179478273662927e-01,-1.539982259195896708e-01,-7.098934728814777495e-01,4.066634570775348734e-01,2.254149732180229515e-01,-5.055073652805739393e-01,1.665980253476513351e-01,-7.333146278868052370e-01,1.868777104210678219e-02,-2.072698118657300692e-01,-1.856539499456615061e-01,-2.561407853898114984e-01,-1.521601774010991059e-01,3.497629346546066720e-01,-2.086155957679335093e-01
6.446964977335483127e-01,6.459408766064849150e-01,-1.259590714246296539e+00,3.353151213703740585e-01,-2.332351248245785880e-01,-1.623717685310056835e-01,4.434537062632186721e-01,-1.055263664953793590e-01,-5.620411925011934429e-01,-4.774005536644372882e-01,-1.068155682311358462e-01,-6.721631985729049630e-01,3.836490060548636283e-01,2.719298415649435974e-01,-5.466680760302123909e-01,9.285403983220855140e-02,-7.660740976250998147e-01,-1.256887388059041433e-03,-1.174924802104522770e-01,-1.951991992628561989e-01,-2.520435903728344140e-01,-2.332086620181872405e-01,4.299405817804136110e-01,-1.870073970664386243e-01
4.949482626077374992e-01,6.706370012096786182e-01,-1.351917835259029532e+00,1.761718542184093350e-01,-1.384790786492313408e-01,-1.574714142909262593e-01,4.869016988318859984e-01,-8.648211281582164622e-02,-5.770750976787507591e-01,-5.439473195176515175e-01,-1.910347695474497176e-02,-6.529678479636451538e-01,3.247308257881892923e-01,2.526330540956325810e-01,-6.036272693599914474e-01,3.475243189482102313e-02,-8.081915787308626697e-01,-1.040031391988378850e-02,-5.953599903803132726e-02,-2.366647949319239941e-01,-2.255281115405707304e-01,-2.360842606868858717e-01,4.543163938556438741e-01,-1.345987877896842322e-01
3.484640656158746741e-01,7.528225946217200759e-01,-1.384088109398513566e+00,2.712008079494039603e-02,-3.727688735997426034e-02,-1.944682895936425959e-01,4.852337076936403260e-01,-2.590168578735267679e-02,-5.218076004875975560e-01,-5.916122905663395715e-01,4.167533190989053393e-02,-5.656546659403706157e-01,2.736358817576797220e-01,2.270624200104197909e-01,-6.453450546802447230e-01,-4.246919316747872764e-02,-8.281430658591311111e-01,-2.589858488431374256e-02,4.770118652382496910e-02,-2.153432020673696767e-01,-1.192889906047517878e-01,-2.715684035297578625e-01,5.109159478672529175e-01,-9.410546913973497074e-02
1.504391151307330476e-01,7.656036931758244402e-01,-1.444856898759558472e+00,-1.316819949566285786e-01,1.114794657729464150e-02,-2.419613123536651922e-01,4.955567049331973117e-01,5.627150244536401058e-02,-5.197935602449013093e-01,-6.606600417715087215e-01,1.382002806633782221e-01,-5.089628492017784778e-01,2.162143115859892495e-01,2.260817071518449184e-01,-6.661117627909813876e-01,-1.462684471893510585e-01,-7.977528197713140701e-01,-7.232073187600748798e-02,9.476734873158479400e-02,-2.222143483677828935e-01,-6.045850010945118258e-03,-2.931453732787254740e-01,5.245357115157279759e-01,3.855830390277897868e-05
-7.618196723725068065e-02,7.601180433945038395e-01,-1.452632907517473981e+00,-2.414994946153562749e-01,4.306632544331664286e-02,-2.016256473782222502e-01,4.943245760042660475e-01,6.022201868900232263e-02,-4.226955982652916832e-01,-7.320274917951189453e-01,1.937168625187007664e-01,-4.359121136726169521e-01,1.727986563400388809e-01,2.012887690517558836e-01,-7.070410788841876570e-01,-2.381837599590967969e-01,-7.999228228963293219e-01,-1.057588912109929946e-01,1.821654659740015725e-01,-2.361367206343229219e-01,2.764198221366341579e-02,-3.083426324696491583e-01,5.658624199613468964e-01,3.974063360447881166e-02
-3.048349701887463903e-01,6.796279274509092749e-01,-1.396505010140804082e+00,-4.248024513213290998e-01,9.902931989255736589e-02,-1.816157451423447700e-01,4.767781387896947720e-01,5.730271392789049872e-02,-3.359362820790772752e-01,-8.410267060316238830e-01,2.826462212902520199e-01,-3.110292151849688436e-01,8.429175763337749816e-02,1.883636639514116862e-01,-7.103721591051839201e-01,-3.030687256041673661e-01,-7.327201030266080606e-01,-1.291003053577889359e-01,2.563473615586984167e-01,-2.035234118741374443e-01,1.420805898699683545e-01,-2.548667949195005389e-01,5.584919239688717063e-01,9.375003233758771870e-02
-4.824275689159640002e-01,6.187995035695028623e-01,-1.360315229226407352e+00,-5.779206257908759969e-01,1.138185137224011351e-01,-1.895071248066930447e-01,5.077105750662912476e-01,1.432880996269352003e-01,-2.802664312187800322e-01,-8.765098502964798755e-01,3.709056631590168518e-01,-2.603141632764164881e-01,3.443036888258613898e-02,2.059118679710909283e-01,-7.401708365656705091e-01,-3.891986282820100174e-01,-6.500249927168875175e-01,-1.813322999969516625e-01,2.895629262326236408e-01,-2.008338936060547475e-01,2.047133411497037425e-01,-2.175471655061402554e-01,5.594577449013320436e-01,1.959684500338296498e-01
-6.447092052957998920e-01,5.821891280707351957e-01,-1.263722212100005127e+00,-7.167505020919062719e-01,2.005197375441219731e-01,-2.012910566374899457e-01,4.744910441522875444e-01,1.712902697501977878e-01,-2.046600629216573097e-01,-8.828393480083313039e-01,4.079838827402916257e-01,-1.231946080879895156e-01,-4.239233703961214905e-02,1.516281248383232749e-01,-6.886491666435562431e-01,-4.703443602985460381e-01,-6.355624420076919634e-01,-2.321611864544403103e-01,3.388335244672259217e-01,-2.161406241029162345e-01,2.850318921105181036e-01,-1.853050226307341730e-01,5.203067048886350632e-01,2.910207093813758084e-01
-8.216169010509768444e-01,5.214985418041609977e-01,-1.109919263241429865e+00,-8.585849342398543804e-01,2.415347770848030873e-01,-1.333803795844988038e-01,4.896264783399698062e-01,2.082923621607454812e-01,-1.365832176887124549e-01,-8.972261352786211619e-01,4.508111061400569830e-01,-3.650659626528088286e-02,-9.488623948154521759e-02,5.670645897326465068e-02,-7.017993152482380204e-01,-5.281941259253855048e-01,-6.008262115029271433e-01,-3.023717794918074908e-01,4.101291149913214862e-01,-1.926542127807944760e-01,3.137275126541984593e-01,-1.599267494553142377e-01,5.215794677323427608e-01,3.247239942630271159e-01
-9.823263897985045068e-01,4.256938535136992052e-01,-1.025108914889832912e+00,-9.261998066581303979e-01,2.916583127458284297e-01,-1.279497529711440817e-01,4.154415814306472443e-01,2.900123158773677545e-01,-8.876553115269837646e-02,-9.321690817238550419e-01,4.482581156148125467e-01,8.788576568772529796e-02,-1.628148301002073639e-01,-3.862062680046340207e-02,-6.826979226829886782e-01,-5.915988104394457325e-01,-5.696783325349509264e-01,-3.585177059935293342e-01,4.976400298667109645e-01,-1.690756292525744386e-01,3.585516434962529031e-01,-1.217644624721646029e-01,5.184539026742559509e-01,4.100980340923027212e-01
-1.143795535943294084e+00,3.017268990743304791e-01,-9.234462179071460941e-01,-1.023058317852160615e+00,3.206859949594705883e-01,-6.430937123823057822e-02,3.958893869591934012e-01,3.020695472167042039e-01,3.413275483838200397e-02,-9.425947588311490710e-01,4.446036460820680380e-01,2.255487379298842798e-01,-2.088574959955372401e-01,-5.689977918400857676e-02,-6.602262798687714707e-01,-6.017691855227887965e-01,-4.875674088365294367e-01,-3.600115347233351915e-01,5.255513823169188914e-01,-8.224293994112857886e-02,4.210450844999615860e-01,-8.469861804837125474e-02,4.564175962666054409e-01,4.288794672397962526e-01
-1.268207219845583822e+00,1.370587061514783045e-01,-7.891076350027924624e-01,-1.050004615549801512e+00,3.982450386705521095e-01,3.008037044416798228e-03,3.069534851328009073e-01,3.538935446752169978e-01,1.560513105162274206e-01,-8.856926711954519194e-01,3.886001063155580248e-01,3.549037027546035894e-01,-2.373166274808144738e-01,-1.193732753257243651e-01,-5.906599850772756843e-01,-6.293262044088485663e-01,-4.112001561912252412e-01,-4.368015782599350416e-01,5.890196333242883053e-01,-6.144899099884496702e-02,4.617768137024467756e-01,-4.107887341871396814e-02,3.946838005462134924e-01,4.207162030317812551e-01
-1.333426193982963248e+00,-7.433571485429241177e-02,-6.439136375653220501e-01,-1.141479221527237353e+00,4.020572437482600736e-01,2.174947987023611445e-02,2.236220601726570389e-01,3.551581914384536742e-01,2.822826449993363629e-01,-8.258855041012383991e-01,3.864216513301680367e-01,4.816217485905254780e-01,-3.277171658476086269e-01,-1.697717684610050570e-01,-5.544416882726065365e-01,-6.289302037033541737e-01,-3.439176985408949339e-01,-4.109064699349012084e-01,6.058804514724257517e-01,-1.018100998509660973e-02,5.434779235250549734e-01,-2.332273563008971026e-02,3.447935589280699542e-01,4.643628200940373985e-01
-1.431817437927875636e+00,-2.681022475868559685e-01,-4.171540992902331713e-01,-1.138804910644950263e+00,4.167669862624679977e-01,3.263419629647672932e-02,1.570504330931087877e-01,3.587934390800163187e-01,4.030926537067822113e-01,-7.444307168572164013e-01,3.129998746229677997e-01,5.829578361442701029e-01,-4.160710567021522199e-01,-2.006474536839810141e-01,-5.009326058649571367e-01,-6.378197382095964763e-01,-2.752239589204841796e-01,-4.082160202533075544e-01,6.532264800988912823e-01,8.263567873373976747e-02,5.525450138386855947e-01,3.185282032444787526e-02,2.277297563316781903e-01,4.964991816423853788e-01
-1.413566410340701074e+00,-4.771983220868387665e-01,-2.096833424074361907e-01,-1.156394476766176016e+00,3.884401242878500748e-01,1.301480251268242183e-01,1.286031385381934400e-01,3.871079597941066708e-01,4.237780546819197025e-01,-6.270777296442914261e-01,2.355542728569154920e-01,6.535734455267726561e-01,-4.489459538389719007e-01,-3.247350343150602336e-01,-3.988208105470290588e-01,-6.304485399004104984e-01,-2.192268325272907770e-01,-4.422724863956016272e-01,6.409940053088503120e-01,1.111274999972839961e-01,5.790708738599070760e-01,1.428170871487745575e-01,9.811523279030061329e-02,4.564456415012779211e-01
-1.431407551391057575e+00,-6.749127414560767146e-01,-4.690176620814320851e-02,-1.148910948696302947e+00,4.100273838541099725e-01,2.232249633252399168e-01,1.159802158106847669e-01,3.909112096162760674e-01,4.442875526555439825e-01,-5.761735730250281406e-01,1.904916792261946989e-01,7.317985218952844928e-01,-4.580530984441386622e-01,-3.799362826609294364e-01,-2.997612879963162391e-01,-5.804341869930005338e-01,-1.761458678206080930e-01,-4.145539886084046999e-01,6.884815539986067767e-01,1.651523803364081944e-01,5.922166390573175843e-01,1.977850954967940722e-01,6.269489856294477303e-02,3.975414252051549524e-01
-1.428953791551039965e+00,-8.421893975726838510e-01,1.269543730155913985e-01,-1.110917156195834643e+00,4.263125006625603231e-01,2.906842450520636389e-01,8.029757313052392209e-02,3.528668767061254319e-01,4.840185708543697229e-01,-4.867620256465621797e-01,1.568926462923388165e-01,7.735540499072278697e-01,-4.867991697928210071e-01,-4.729364205869833193e-01,-2.167638168444448177e-01,-5.784986810434999960e-01,-4.405542146403097770e-02,-4.276468127491592774e-01,7.331747556873294824e-01,2.001643334218364545e-01,6.006164486504170785e-01,3.064562580650155299e-01,-4.981216930609566607e-02,4.252363310437999866e-01
-1.402440468732047973e+00,-1.004752238152804678e+00,2.940227900930241778e-01,-1.053701629578680077e+00,3.839150533599097748e-01,3.877332876414559260e-01,5.176507849371277808e-02,3.109993753419429408e-01,5.364806047420469515e-01,-3.785758320790307274e-01,8.675684986961543221e-02,8.434795864670061594e-01,-4.690498115077815222e-01,-5.754377447188491201e-01,-1.840639166316209441e-01,-5.428233620172524532e-01,8.990078511149704465e-02,-4.002068461629758045e-01,7.562968183692200252e-01,3.273049247390731886e-01,5.430143564526368483e-01,3.961167119726220487e-01,-1.132810348100138781e-01,4.374594367260436489e-01
-1.288120357377843916e+00,-1.129987326290831318e+00,5.289103324931709871e-01,-9.645609105418990747e-01,4.048918044867428900e-01,4.592524487219928342e-01,-2.713120333243707050e-02,2.295909342968877609e-01,5.374397283009032522e-01,-2.239690081227138085e-01,3.939919522909625382e-03,9.025013006447550890e-01,-4.802018460286073265e-01,-6.275214959328231368e-01,-1.562053276120944911e-01,-5.035185854131265515e-01,1.975478728434345577e-01,-3.959022405518566878e-01,7.586177509375326977e-01,3.763998562845100593e-01,5.238319836331659651e-01,4.549182039357331231e-01,-1.790270664702117154e-01,3.502335448871823909e-01
-1.207434272205185177e+00,-1.235716709890212650e+00,7.488295517593008821e-01,-8.528764203263783372e-01,3.567595277135368059e-01,4.595006551356360380e-01,-1.016971021655631857e-01,2.124814490338886586e-01,5.334544350780707767e-01,-1.467568019385821765e-01,-1.104873474107843923e-01,9.676089564220168304e-01,-4.486552890111042968e-01,-7.062275446564697523e-01,-1.155180445445567472e-01,-3.967793929070104753e-01,3.239518003665757817e-01,-3.678236116117475918e-01,6.724245391707941444e-01,4.070332610040073851e-01,4.420800450592304864e-01,5.212339196896657034e-01,-2.048354783291782832e-01,2.933307549131371483e-01
-1.031970020535342591e+00,-1.380143420990121994e+00,9.369595304965159244e-01,-6.772097563357727390e-01,3.601754629786008133e-01,4.867215087540958662e-01,-1.368756161350361544e-01,1.731518874418916942e-01,5.181182260260457362e-01,-5.812162211003640139e-02,-2.519074944073604327e-01,9.224280694226640875e-01,-3.849374605404968785e-01,-7.901690509720895594e-01,-7.905024623471468281e-02,-3.058254556366488131e-01,3.894691434423981358e-01,-3.081138075955556777e-01,5.818488478005706677e-01,5.206935621025796657e-01,4.280791151903257652e-01,6.056827298503324464e-01,-2.716770807834990031e-01,2.554292851054843494e-01
-8.318952433141760805e-01,-1.481741324186637954e+00,1.039072193584041903e+00,-5.147087531040539510e-01,3.328420741174317188e-01,5.519093705266032712e-01,-1.890883340770741494e-01,9.242405503062058048e-02,5.292906107483702494e-01,7.717613750033552877e-02,-3.532133788010811681e-01,9.087552428878078459e-01,-3.807232569256155386e-01,-8.222906689049488405e-01,-3.898101643650653259e-02,-1.792695867186990255e-01,4.585680548336393270e-01,-2.361677647802334912e-01,5.199675588599267373e-01,6.188713707112175610e-01,3.982053045950849079e-01,6.438529700690827084e-01,-3.036247104661253804e-01,1.883825018689297137e-01
-6.892030071316102013e-01,-1.553054089289208628e+00,1.136071063560840644e+00,-2.838560059396221802e-01,2.564599445378318299e-01,5.407216216165668943e-01,-2.351573425672476014e-01,6.991241608779236172e-02,5.078754687406479285e-01,1.857847052691780632e-01,-4.474066454306103169e-01,8.362311865282821000e-01,-2.928990415494984179e-01,-8.373865098921947636e-01,-1.321033401462827321e-02,-8.928116865314775219e-02,4.804002958998666029e-01,-1.034208508450166486e-01,4.075729105068312541e-01,6.792929077923678394e-01,3.078883097098969457e-01,7.002382019124087087e-01,-3.232394527765852232e-01,1.250661356234933352e-01
-5.029555101015976692e-01,-1.632604055515957331e+00,1.163993752698870621e+00,-3.234587968840193367e-02,2.510171538851230233e-01,5.412543773953615300e-01,-2.789641145145209111e-01,-4.558054142420748384e-02,4.687562328345376006e-01,3.260507787368240318e-01,-5.723312501202298952e-01,7.561592851274295812e-01,-2.217435430368586702e-01,-8.440336129138520382e-01,-2.491211681265419198e-02,6.611546230931145129e-03,5.041990801444098391e-01,-2.408436907920601111e-02,3.501852583887379300e-01,7.367643783941786317e-01,2.288587929065639126e-01,7.684081596832827987e-01,-3.675874241526791431e-01,6.537196371562853381e-02
-3.472469589475548624e-01,-1.685686843478942487e+00,1.212403097921657125e+00,1.965806106098346440e-01,2.091551315168171388e-01,4.975037226163118720e-01,-2.540242037888690296e-01,-1.588360130080045673e-01,3.566939985225134335e-01,3.743477269304940624e-01,-6.465585418831206743e-01,7.336072723001201279e-01,-1.642846432981729110e-01,-8.168747985331712425e-01,-5.158320559679391293e-02,9.393636363892768348e-02,5.332299386923506912e-01,7.471270192937058685e-02,2.181654382570360207e-01,7.704402293201871865e-01,1.527832078581113362e-01,8.080533930398750009e-01,-3.929047337888039171e-01,-6.521810790847332173e-02
-9.211917497588067993e-02,-1.672606824102656597e+00,1.225293031433024371e+00,4.495646376815103928e-01,1.209557164910804727e-01,4.936129765856310803e-01,-2.608332265897633229e-01,-2.612819589751505522e-01,2.629977088899019266e-01,4.984427189585365348e-01,-6.790660697847842320e-01,6.193718493779762913e-01,-1.687241137898039256e-01,-8.342915037007914147e-01,-2.028164348730140953e-03,1.353635544446969985e-01,5.700081374894570008e-01,1.379252199311807037e-01,1.374829216144007327e-01,7.546243997300324802e-01,1.012477223285551536e-01,7.774635175805998388e-01,-3.885713817122153912e-01,-1.915879299342368169e-01
1.456251961566085718e-01,-1.578193074474116164e+00,1.205865098080601161e+00,7.199856893178113726e-01,7.314028996026343543e-02,4.598432295480602283e-01,-2.234897014851343899e-01,-3.226881400907347652e-01,1.658551019252786363e-01,5.693841916499268185e-01,-6.972573596117043193e-01,5.650925229515646464e-01,-1.360343757692900335e-01,-8.406173019462588325e-01,7.318071344734533232e-03,2.251256413795414135e-01,5.471794074440554656e-01,2.702701986008030910e-01,4.074633083360905406e-02,7.263713588835415402e-01,-1.622137461613159387e-02,7.323798830323502429e-01,-3.418191898322817668e-01,-3.069541382245268846e-01
3.181343950324792558e-01,-1.493342354100782421e+00,1.173936000717704431e+00,9.038851119640538556e-01,4.839723688302134674e-02,3.804613612476088758e-01,-2.214706142394436139e-01,-3.501893977748529729e-01,5.065379659715339711e-02,6.369672627977679413e-01,-7.671023099036826665e-01,4.941579991935153848e-01,-1.374232124509652819e-01,-7.843775394673477841e-01,-2.049992652435670554e-02,3.455883376604877988e-01,5.196569656540743765e-01,3.907028065885957413e-01,-6.842534458349160131e-02,7.374357772130081257e-01,-1.240596814581744478e-01,6.641662817937686869e-01,-3.234993574321439191e-01,-4.370842761511032903e-01
4.630118281438316274e-01,-1.416463391306448827e+00,1.040249457798927413e+00,1.155912999208149383e+00,3.725567631457107898e-02,3.741508474223973479e-01,-2.065428582279625058e-01,-4.170604967699572119e-01,-9.292194758719696246e-02,6.634005842853709645e-01,-8.043651583907577285e-01,4.148652516682055924e-01,-9.564372407917252905e-02,-7.940169073935634536e-01,-7.201304126045443565e-02,3.810864799535196301e-01,4.811966954428937293e-01,5.311736835985763072e-01,-1.428970381735424344e-01,7.205503187276531829e-01,-1.920280593545291292e-01,5.963165490617274855e-01,-3.265014625961991657e-01,-4.792717078151444432e-01
6.589276028642708782e-01,-1.246687508330504679e+00,8.935886411119554618e-01,1.375696201471840574e+00,-3.675863031136147874e-02,3.120837332471726455e-01,-2.133433861541075283e-01,-4.749175114009435150e-01,-2.303039304526746378e-01,6.950275360437661032e-01,-8.199513605131557581e-01,3.545961090275495109e-01,-1.071700554162163255e-01,-7.914989332838660019e-01,-1.256687556783410431e-01,4.671165287935563626e-01,3.929443569757548604e-01,6.574927936408498930e-01,-2.247653425252495729e-01,6.585376891039833591e-01,-2.469769833989756691e-01,5.022055485715615220e-01,-3.116610540949886765e-01,-5.702721594794252225e-01
8.344528800468629104e-01,-1.024833225129273107e+00,7.729074113523692890e-01,1.501816176551988180e+00,-9.903955516933878045e-02,2.950387500256953510e-01,-2.137899680896430121e-01,-5.565239736921754332e-01,-3.250996788853082187e-01,7.049560561685315196e-01,-7.674418509155271906e-01,2.571332676881348256e-01,-1.206660931367954520e-01,-7.003993280405860222e-01,-1.615426352458683434e-01,5.208275610230890251e-01,3.255483680843949679e-01,6.939132190861947436e-01,-2.957567285435563909e-01,5.398393351610888402e-01,-3.114817660766922014e-01,4.148379149579816683e-01,-2.293778030492926168e-01,-6.021211539311246419e-01
9.855771808212941965e-01,-8.377447328220667400e-01,6.178173454282263055e-01,1.674512429128696800e+00,-1.290637524520572288e-01,2.000725798975563352e-01,-1.870076659260519747e-01,-5.588773992322302320e-01,-4.204542495504784427e-01,7.251820473463269634e-01,-7.062549942754952070e-01,1.862679591095527665e-01,-5.925843923252121365e-02,-6.904681576700365531e-01,-1.699575501929478649e-01,6.036396565604905673e-01,2.851286459723130773e-01,7.704344674340869448e-01,-3.866361181819914505e-01,4.821183633219940368e-01,-3.310974084731135303e-01,2.951645541594198341e-01,-1.704759615778783099e-01,-6.838623066688006569e-01
1.117132539353524967e+00,-6.159731672011444781e-01,4.802788022528592382e-01,1.738314635674329311e+00,-1.766033319765241416e-01,1.503422966371778524e-01,-1.601424383911990434e-01,-5.418648936742147537e-01,-5.679605068593738260e-01,7.233222507460956852e-01,-6.599853348677509057e-01,9.273993780380282437e-02,-6.598142051709024458e-02,-6.422921394015896901e-01,-1.586235811871185009e-01,6.299674825524983479e-01,2.390615476852268051e-01,8.342906660806724828e-01,-4.104967880579621919e-01,4.042041861347717702e-01,-3.900092810109266894e-01,2.153549786766020824e-01,-6.552326292012942976e-02,-7.243837257267550234e-01
1.217124179878954049e+00,-3.884831869246360703e-01,2.776533842172424493e-01,1.840755622527797453e+00,-2.107573294700406108e-01,8.074928931489368245e-02,-1.269183209919376165e-01,-5.747525638457359198e-01,-6.637961463438319942e-01,7.307245307015963753e-01,-6.175120139100219729e-01,-1.056568310854998950e-02,-3.241879204234267287e-02,-6.016305559087322674e-01,-2.046129888775788941e-01,7.257243302328866275e-01,1.773865381844135503e-01,8.891197705642901461e-01,-4.371741532809153008e-01,2.507724934745386713e-01,-3.930307332003415977e-01,1.231304892507720100e-01,1.448443855830429568e-02,-7.587216512576091532e-01
1.223448471127127402e+00,-1.724660407060014111e-01,5.874152980563694670e-02,1.860569803109580533e+00,-2.514052826206614744e-01,2.681370604598774798e-02,-6.137219612702193849e-02,-5.531061219214593594e-01,-7.659792148591304528e-01,6.494127929174264846e-01,-5.693925962264918539e-01,-6.628056372361365578e-02,-1.313320537625389459e-02,-5.059478211740535691e-01,-2.854505738719838037e-01,7.730105680336326612e-01,4.210085352455284619e-02,9.244013258436766245e-01,-4.225825683494199847e-01,1.853992335447614825e-01,-3.912013031366213256e-01,2.276619728038259405e-02,1.359301180337587345e-01,-7.482257920138877250e-01
1.273828304009217982e+00,1.167283039452505222e-01,-1.855604423457959673e-01,1.823086114670895430e+00,-2.331785610595632219e-01,-8.405315787057276999e-03,3.844311110213943089e-02,-5.164094667658402082e-01,-8.403873916372054387e-01,6.036513940640543252e-01,-5.331665431817861345e-01,-1.844590375617055078e-01,-2.047422113168960445e-02,-4.132969126233983492e-01,-3.150751557051304497e-01,8.288568714861759279e-01,-6.841342462527669199e-02,9.457702111712146253e-01,-4.745651906497033723e-01,6.215543798081563792e-02,-3.512867826828653950e-01,-5.231255393486441974e-02,2.604767294492900676e-01,-7.612912930131419120e-01
1.242738971947229043e+00,4.057259474469510074e-01,-4.476707890254441602e-01,1.776048780706183994e+00,-1.918061136095461638e-01,-8.198438682089212448e-02,5.711810654877032267e-02,-5.179599836031617555e-01,-9.299318407434590261e-01,5.811933636019488425e-01,-4.104390621908387549e-01,-2.696775694354679453e-01,1.753610834741025498e-02,-3.323263889080385614e-01,-3.964596755595465316e-01,8.255807100480998528e-01,-1.688696650555966128e-01,9.083807048005358986e-01,-4.231012904279093934e-01,-2.972406369570135265e-02,-3.436200142331215512e-01,-1.365047244960023165e-01,3.539862234966451027e-01,-6.942350369325830384e-01
1.179579327054524063e+00,6.465233966982875113e-01,-6.105964914017887324e-01,1.700568269156001788e+00,-2.244619350623725529e-01,-1.376392397448406302e-01,1.358105271884686438e-01,-4.540087161269866778e-01,-1.001049685078543083e+00,4.863886344145306184e-01,-2.608120536309849191e-01,-3.774034169264105509e-01,5.850321456713200585e-03,-2.562540718159195818e-01,-4.826907426112377886e-01,8.186820815391049333e-01,-2.787783893524815593e-01,9.099593977751835316e-01,-3.572207438278821590e-01,-1.646129876312522056e-01,-2.681453263691892519e-01,-2.666298697866952838e-01,4.244788650644828465e-01,-7.016000621594562503e-01
1.088267492824647631e+00,8.694613833092579291e-01,-7.970613259880880985e-01,1.545959439562219595e+00,-2.331534194978074070e-01,-1.942119032434468096e-01,2.250386444961115506e-01,-4.423011038623509417e-01,-1.052644176661540865e+00,4.173051029032315284e-01,-1.299344492675497120e-01,-4.567682109560192716e-01,-3.863007813142332880e-02,-2.007282217723001250e-01,-4.743789453365696018e-01,7.782655354953318394e-01,-3.708318967595004012e-01,8.265483937525740510e-01,-3.467529165485874199e-01,-2.443006563903552530e-01,-2.406496197874995746e-01,-3.904569972440471992e-01,4.809842751984785281e-01,-6.984591722683017867e-01
9.930751081809949810e-01,1.095475401076616784e+00,-9.297258508289563128e-01,1.375311867775805164e+00,-2.269721734501098376e-01,-2.776467545342182763e-01,2.982013296612601727e-01,-4.402420449958372450e-01,-1.123165123830105250e+00,3.665362363598070328e-01,-4.866364921461585613e-02,-4.685898068285582196e-01,-8.930838961956645561e-02,-8.941044902658901172e-02,-5.008010852539438451e-01,8.100612706656590278e-01,-4.016813926860737238e-01,7.294364685509006074e-01,-3.378188358708786865e-01,-3.676413656141025443e-01,-1.547027699739526307e-01,-4.310102274414562840e-01,5.327807089343726821e-01,-6.204447442152134506e-01
8.480021995235333954e-01,1.226415731539557186e+00,-1.065533733882627843e+00,1.232260980131091532e+00,-1.953017875121371150e-01,-3.759346438025524262e-01,3.664268919630644938e-01,-3.493871718428961937e-01,-1.165245665915458861e+00,2.438909336904224734e-01,5.564029953078315077e-02,-4.970500605156087381e-01,-1.689015032335740296e-01,-2.666910569228699360e-02,-5.093327033137788895e-01,7.950616135196366674e-01,-4.805889326521314842e-01,6.601765792788379938e-01,-2.710518826572624329e-01,-5.045074522454355836e-01,-1.211756607804445052e-01,-4.599366114241741355e-01,5.335737669942041128e-01,-5.263022238594619040e-01
6.442815870449504212e-01,1.413222422532549816e+00,-1.209578912506423354e+00,1.029118496351779655e+00,-1.503450689859900935e-01,-3.828032884230533894e-01,4.259487445960043472e-01,-3.141627550941990532e-01,-1.202799445415789314e+00,1.099185116445935140e-01,2.386120633768091526e-01,-5.074161512265171758e-01,-2.141080709286470873e-01,5.424313717493054604e-02,-5.422043926790910406e-01,7.981561125561021930e-01,-5.352014465947776412e-01,5.433874078564931986e-01,-2.333084415273993240e-01,-5.771749780497982263e-01,-5.336130526125484885e-04,-5.348917972003617294e-01,6.054936926927618757e-01,-4.240850319882477071e-01
4.808658180836934970e-01,1.506536321204687612e+00,-1.286864963742734957e+00,8.405193965298120018e-01,-8.218954072369748232e-02,-3.993581639614436352e-01,4.451542086205318993e-01,-2.889027236994234360e-01,-1.160333275134761699e+00,1.144129261223056446e-03,3.965764426888081506e-01,-5.195802470279896612e-01,-2.290052448567031218e-01,1.318101724782762274e-01,-5.985670681450304675e-01,7.557750967059011504e-01,-5.565844303342194488e-01,4.850819915666613191e-01,-1.501719880397509310e-01,-6.000449734967219229e-01,6.338603894084718360e-02,-5.829340418012838310e-01,6.627236023322853331e-01,-2.982165561580970570e-01
2.814915188515715316e-01,1.599299770369494667e+00,-1.384060121814224331e+00,6.452780157212190115e-01,2.204904295997422298e-02,-4.041683798198630884e-01,4.481665676019817024e-01,-2.005850567591813682e-01,-1.148304441722788338e+00,-1.454924801351351604e-01,5.205400674933455818e-01,-4.659651986439836135e-01,-3.193550953293676775e-01,1.515033029866952874e-01,-6.463505201982779891e-01,7.439926423225164953e-01,-5.788782854150140711e-01,3.696961649555674523e-01,-5.820806191305772509e-02,-6.495243513098508670e-01,1.737962868072846501e-01,-6.326524828448734095e-01,7.035261269508998883e-01,-2.241709236985952591e-01
7.798454349920797002e-02,1.653413815384429775e+00,-1.404788912716425697e+00,3.919682632630134833e-01,9.394885525569859896e-02,-3.960722307310216572e-01,4.410397904022954063e-01,-1.563543297475281924e-01,-1.085925391550088159e+00,-2.164911447014028212e-01,6.982915899955890460e-01,-4.181177634608209126e-01,-3.733878601676995923e-01,2.494044121876055065e-01,-6.875315753445331302e-01,6.652713864621531137e-01,-5.785870368259165009e-01,3.060270315345359760e-01,6.804614465512498489e-02,-6.938307270790731174e-01,2.334617032092008437e-01,-6.487064811229217298e-01,6.659842637542248145e-01,-1.454029328494362006e-01
-1.018588600102379449e-01,1.670645997970403362e+00,-1.457228187225539040e+00,1.606409475065589954e-01,2.015414797354921628e-01,-4.541846308625137052e-01,4.104847429565401384e-01,-4.999523113038076283e-02,-1.031455122739109331e+00,-3.496325716546151430e-01,8.303447301255525437e-01,-3.229529945252080925e-01,-4.545063017391711702e-01,3.452653909251877096e-01,-6.610754689597676537e-01,5.594022372753941763e-01,-5.341127103598714010e-01,1.967534458948994036e-01,1.387252350156922553e-01,-7.109383058923598453e-01,3.112962890880788258e-01,-6.889488894127662189e-01,5.958620344978261540e-01,-5.154861087686300053e-02
-2.918982924425910785e-01,1.654060330180506577e+00,-1.484666875934628649e+00,-4.288992570642453234e-02,2.775312619992633123e-01,-4.798583904752619644e-01,3.832422367913678740e-01,-5.126112867672328460e-03,-9.009269759970516267e-01,-4.357018350840874410e-01,9.933047554135480128e-01,-2.892099521984262123e-01,-5.494502932139788687e-01,3.746417216559464469e-01,-6.390113197205600226e-01,4.701084147410883873e-01,-5.037726196867864381e-01,1.353469764210182280e-01,2.704989243350312544e-01,-6.887756451362745391e-01,4.382621739838875596e-01,-6.692756286618456452e-01,5.961719027375033120e-01,2.765002745705784359e-02
-5.274773106299592840e-01,1.654917956666445589e+00,-1.420145669858620119e+00,-2.892292120306536041e-01,3.213599099554751981e-01,-4.819325115119434400e-01,3.807555475425795088e-01,1.715750476046338374e-02,-8.230332274773488610e-01,-4.771565269103871798e-01,1.089305162724023779e+00,-2.313526364246641376e-01,-6.550020862203554950e-01,4.352444490843772051e-01,-5.675127389542562462e-01,4.189155220361664989e-01,-4.820919744816809516e-01,4.260586326919882372e-02,4.009678956213796885e-01,-6.379896348552581697e-01,4.999584534221178100e-01,-6.094351617398905407e-01,5.169801555274484706e-01,9.540661742678888113e-02
-7.070291189487756256e-01,1.556146821990040952e+00,-1.382050087256819992e+00,-5.650016623606145538e-01,4.223438829563068153e-01,-4.918702501536443839e-01,3.370223102396274761e-01,7.906391780481093756e-02,-6.753443192707828668e-01,-5.810744385598447526e-01,1.149001999802646168e+00,-8.487534676699773351e-02,-6.884756751782958872e-01,4.699798596160138509e-01,-5.673688442096729290e-01,3.272591297941611077e-01,-4.283141683235493491e-01,-6.791394163186285915e-02,5.193644795743840303e-01,-6.049458519613295504e-01,5.360390338264130472e-01,-5.303336515221643843e-01,5.047950972654206003e-01,1.392362641507368659e-01
-9.489316703984675971e-01,1.423900339327798692e+00,-1.247761690908161025e+00,-8.092662525999886336e-01,5.045984740657522005e-01,-4.893071524844149200e-01,2.709247230962683051e-01,1.410670754497749257e-01,-4.830196733731261238e-01,-5.763529435859331418e-01,1.184284998694948188e+00,1.672261306241610429e-02,-7.993547600885931859e-01,4.665379986873317564e-01,-5.152022937167809458e-01,2.900828052485021069e-01,-3.273309919762523723e-01,-1.609286336297094666e-01,5.882174114361634620e-01,-5.289334566197486653e-01,6.402226884000236096e-01,-5.360827044999030289e-01,4.231275531719411176e-01,2.086828767878040614e-01
-1.168548971766448119e+00,1.258447006105465560e+00,-1.125662241504440608e+00,-1.041389055107734940e+00,5.408165336783670174e-01,-4.059745058060988399e-01,2.232962692542631855e-01,1.937865113676917606e-01,-2.894784126787741108e-01,-6.402635067661051060e-01,1.195403657825437005e+00,1.397369400231038838e-01,-8.575398124795706734e-01,4.068431888726461998e-01,-4.561784904173015187e-01,2.309159309165831342e-01,-2.386596234471476397e-01,-2.152833748854174889e-01,6.256454406981114547e-01,-5.209407907263098325e-01,6.979167810479461886e-01,-5.171604186815341730e-01,3.908533528503495003e-01,2.795500148252229589e-01
-1.298166865003491655e+00,1.040367034966372506e+00,-9.247324277998962838e-01,-1.219346570290454013e+00,5.746426043053756150e-01,-4.064618126041840140e-01,1.901260905567804804e-01,2.302634634654928958e-01,-1.322174975473644765e-01,-6.189659764160663213e-01,1.230216760246868546e+00,3.079378928181346620e-01,-9.149125821348499388e-01,3.747263193866163800e-01,-3.336951113768944488e-01,1.803180826613619003e-01,-1.840869290326101748e-01,-3.152581113510580790e-01,7.057747712924541394e-01,-4.788350132623871991e-01,7.744186843642020257e-01,-4.541940048472980496e-01,2.746172413309433957e-01,3.591299308063388152e-01
-1.400035089379527253e+00,8.277129372595052326e-01,-7.355709390804940906e-01,-1.364701745777304076e+00,5.760250620607336725e-01,-3.992190609831743342e-01,1.647164608601221492e-01,2.530010762868764029e-01,-3.595965981795720690e-03,-6.325526504053502475e-01,1.263310051235152054e+00,4.370679854610717285e-01,-9.445126635871521348e-01,3.860823778621318425e-01,-2.645297726214530520e-01,1.372779913793892581e-01,-1.428047023032500695e-01,-4.016546019953013968e-01,7.767227587789411469e-01,-3.825506256796991633e-01,8.047062748067086435e-01,-3.892580922366288831e-01,1.809601742061812124e-01,3.659923705127319238e-01
-1.500961551159246898e+00,6.481409967574037756e-01,-4.771583753492554814e-01,-1.446283165107941082e+00,6.191409109707741720e-01,-3.434515826004321815e-01,4.751279302682860639e-02,3.479700563039826444e-01,1.425623361916392995e-01,-6.198604046461613226e-01,1.250733467989471714e+00,5.388529757410385201e-01,-9.757023664871531388e-01,3.591107603516229818e-01,-1.806840523236082630e-01,1.182711938556219589e-01,-6.777165823314316995e-02,-4.496453477616161876e-01,8.089568644058372504e-01,-2.850126671193927708e-01,8.655430953845979491e-01,-3.207346888329571932e-01,9.576591041388655967e-02,3.766978974341216313e-01
-1.541291216952914045e+00,3.995279737155048583e-01,-2.122042714150674803e-01,-1.484732049768741069e+00,6.814451294056304009e-01,-2.737016580610143190e-01,-1.429248820504458450e-02,4.103613979555748581e-01,2.606744291997357688e-01,-5.449274101499594902e-01,1.155316567055413746e+00,6.594368636292443631e-01,-1.040065416633823014e+00,2.884709650692459659e-01,-1.013648260442844562e-01,6.588148411919932113e-02,4.822437460043270396e-02,-5.212722977798140978e-01,8.252362246530033918e-01,-2.297803559607222712e-01,8.930740843435428511e-01,-2.242825621681507064e-01,-4.447341158679378285e-03,4.350161313515606976e-01
-1.553848369337271995e+00,1.346273067431414949e-01,2.754989913332381302e-03,-1.516738038386636900e+00,7.229381031805968139e-01,-2.427057867069684627e-01,-1.290918612182672953e-01,4.734387257454726883e-01,3.525975554830887426e-01,-4.924850433860351595e-01,1.135159005263580045e+00,7.786145942152465915e-01,-1.081899717975355779e+00,1.982384062878037589e-01,-4.718382276444255119e-02,6.057523878017681551e-03,1.945189093716634954e-01,-5.470127128349386858e-01,8.487320081195343091e-01,-9.335394241643787949e-02,8.890221761218296548e-01,-1.658432188206909186e-01,-1.136485524625220483e-01,4.953209930612932910e-01
-1.568135135918418577e+00,-5.064583819948154098e-02,2.118166230968242802e-01,-1.524526054029612832e+00,7.347244461551305506e-01,-1.916796330081541044e-01,-2.254811170352250815e-01,5.121934737560654982e-01,5.250931628571755549e-01,-3.813943285827788299e-01,1.071010970814323837e+00,8.420912175628842977e-01,-1.045157479388426625e+00,1.070635758271621107e-01,8.846620640023145077e-02,-3.966887582163930448e-02,3.487422578519290273e-01,-5.212702966352787959e-01,8.540154981111737209e-01,-2.395770741261890255e-02,8.746691632910902348e-01,-5.928544507047107948e-02,-1.994775230482010997e-01,4.635631630773330292e-01
-1.513551586726004539e+00,-3.255694571741284404e-01,4.790996059236932725e-01,-1.503603156379832217e+00,6.933720629621258347e-01,-1.285517027347332364e-01,-3.247185001256696624e-01,5.556399467271962989e-01,6.357238489928818126e-01,-2.437233247014244375e-01,9.296329194003690732e-01,9.258504926593467133e-01,-9.859541005233527500e-01,7.749777853096499747e-02,1.654562969486726709e-01,-4.558449284272533819e-02,4.312559797205268719e-01,-5.121190085902574962e-01,8.430196951324823162e-01,9.791118777250143457e-02,8.250296204170736170e-01,7.315981978808025477e-02,-2.994976196172852156e-01,4.446756652517664388e-01
