-0.055617213249206543,0.03624279797077179,0.0067942291498184204,-0.022924341261386871,-0.093535661697387695,-0.025568306446075439,0.072523713111877441,-0.0056188525632023811,-0.14983671903610229,0.037196926772594452,0.12495489418506622,0.007762223482131958,-0.038068115711212158,-0.066698417067527771,0.12649241089820862,-0.048084594309329987,-0.16206479072570801,0.079957082867622375,0.13264444470405579,0.0060529480688273907,-0.20191055536270142,0.0058395210653543472,0.14279551804065704,0.025258218869566917,0.44216650724411011
0.041684508323669434,-0.0184335857629776,-0.024051055312156677,-0.047208715230226517,-0.082143723964691162,-0.0019078552722930908,0.1152779757976532,0.031957831233739853,0.0070208907127380371,0.081205025315284729,0.17935392260551453,0.049036882817745209,-0.081743478775024414,-0.097029693424701691,0.13646918535232544,0.012637431733310223,0.030144333839416504,0.069691397249698639,0.17575249075889587,0.047241013497114182,-0.044397175312042236,-0.0077715404331684113,0.20468837022781372,0.058943860232830048,0.43397209048271179
0.030168890953063965,0.021948307752609253,-0.047960460186004639,-0.010568590834736824,-0.023357629776000977,0.0073618292808532715,0.094971120357513428,0.0019221054390072823,0.054324090480804443,-0.015940561890602112,0.19546601176261902,0.051320329308509827,-0.089506864547729492,-0.047577902674674988,0.081430584192276001,0.064949743449687958,0.029551148414611816,-0.053456343710422516,0.12818767130374908,0.0045912321656942368,-0.036873936653137207,-0.046837508678436279,0.21957917511463165,0.11743602156639099,0.40538984537124634
-0.064145922660827637,0.027051955461502075,-0.13208314776420593,-0.0079077314585447311,0.066163182258605957,0.03400719165802002,0.15585854649543762,0.028982535004615784,0.0048550963401794434,0.048103839159011841,0.17350558936595917,0.067254975438117981,-0.03877943754196167,0.01996275782585144,0.04183727502822876,0.058454632759094238,0.093456864356994629,-0.035860396921634674,0.1182367205619812,0.052951820194721222,0.03878861665725708,0.0050830766558647156,0.25889766216278076,0.16713112592697144,0.46941530704498291
0.052273809909820557,0.03371700644493103,-0.077032178640365601,-0.023474544286727905,0.027340829372406006,0.014795884490013123,0.17212668061256409,-0.085583388805389404,0.042121529579162598,-0.024379163980484009,0.18903982639312744,-0.040790766477584839,0.015295028686523438,-0.015356704592704773,0.15295091271400452,0.02944367378950119,-0.0089231729507446289,0.014490783214569092,0.10318395495414734,0.063398845493793488,0.05630195140838623,0.062166478484869003,0.20203283429145813,0.20647847652435303,0.4671330451965332
0.062699079513549805,-0.017026513814926147,0.060651123523712158,-0.095484085381031036,0.026944518089294434,-0.0010108351707458496,0.21812698245048523,-0.02339993417263031,-0.01443326473236084,-0.0099745094776153564,-0.020483195781707764,0.027394205331802368,0.073280453681945801,-0.073767811059951782,0.25688910484313965,0.055265843868255615,-0.037623584270477295,0.058615714311599731,0.045417726039886475,0.072972610592842102,0.0066187381744384766,0.0094330906867980957,0.23471954464912415,0.24777314066886902,0.52541732788085938
-0.034846305847167969,-0.030006706714630127,-0.1647646427154541,-0.03215104341506958,0.030462145805358887,0.029632031917572021,0.12432354688644409,-0.067935273051261902,-0.021046459674835205,0.041557371616363525,0.0042232275009155273,0.067546293139457703,0.034263193607330322,0.010770797729492188,0.19460669159889221,0.21111671626567841,0.045389235019683838,0.053001031279563904,0.16260993480682373,0.11530354619026184,0.087005853652954102,0.050596162676811218,0.34424081444740295,0.38773766160011292,0.68281334638595581
0.05133521556854248,-0.084730803966522217,-0.16380774974822998,-0.012501433491706848,0.042147397994995117,-0.0063558220863342285,0.012688279151916504,-0.2192116379737854,0.056365013122558594,-0.042111456394195557,0.34371083974838257,-0.36147841811180115,-0.024508178234100342,0.043960511684417725,-0.02471160888671875,0.098745286464691162,0.095655858516693115,0.032756999135017395,0.16672906279563904,0.091490551829338074,0.071356296539306641,0.016761336475610733,0.22420108318328857,-0.013337105512619019,0.67505025863647461
0.047492146492004395,0.059751540422439575,0.017399907112121582,0.7545815110206604,-0.024167001247406006,-0.058945059776306152,-0.017376244068145752,-0.22586938738822937,-0.053763628005981445,-0.0070282667875289917,-0.50483393669128418,0.17026746273040771,0.032251358032226562,0.04335978627204895,0.42313480377197266,0.11451542377471924,-0.0059465765953063965,0.0016862601041793823,-0.37900036573410034,-0.34259554743766785,0.025276422500610352,-0.084468603134155273,0.20595341920852661,0.0010599195957183838,1.1933177709579468
0.016771137714385986,-0.052359670400619507,0.013765156269073486,-0.19006818532943726,-0.02868691086769104,0.04228481650352478,0.23294240236282349,-0.18512418866157532,0.0011341273784637451,-0.069917485117912292,-0.47941112518310547,0.10848325490951538,-0.015811741352081299,0.053213268518447876,0.39238891005516052,0.28192085027694702,0.011419236660003662,0.08669106662273407,0.12658536434173584,0.392433762550354,0.09528052806854248,0.0079328268766403198,0.38657268881797791,0.76822662353515625,1.240939736366272
0.0040525496006011963,0.022822052240371704,0.054603278636932373,-0.20807501673698425,-0.042841047048568726,0.083802402019500732,0.092080593109130859,0.017979621887207031,0.035271763801574707,0.014436274766921997,-0.10522603988647461,1.0215475559234619,-0.021831542253494263,0.010068356990814209,0.064312279224395752,-0.29571712017059326,0.010108351707458496,-0.056266799569129944,0.15234279632568359,0.36770033836364746,0.09201204776763916,0.043453630059957504,0.32587540149688721,0.19291868805885315,1.2361910343170166
0.025224566459655762,0.067323118448257446,0.047845125198364258,0.64326858520507812,0.0935964435338974,0.046339631080627441,0.12029576301574707,0.04372018575668335,-0.069968089461326599,0.083586126565933228,-0.62743890285491943,0.4388396143913269,0.090554207563400269,0.074396044015884399,0.63290375471115112,-0.27519649267196655,-0.089376747608184814,0.058789283037185669,-0.58166557550430298,1.2593131065368652,0.10001122951507568,0.033986523747444153,0.32286405563354492,0.22562327980995178,1.9075305461883545
0.030909925699234009,0.089214116334915161,-0.066134810447692871,0.16253054141998291,0.062741264700889587,0.075496435165405273,-0.44811385869979858,0.051945328712463379,-0.0060226470232009888,0.053789965808391571,-0.59411990642547607,0.34939533472061157,0.042870759963989258,0.07449573278427124,0.58494508266448975,0.30249863862991333,-0.093405067920684814,-0.016411274671554565,0.12663513422012329,-0.25844323635101318,-0.084870114922523499,0.017944870516657829,-1.2479691505432129,-0.02732241153717041,1.6820837259292603
-0.041048452258110046,0.081012904644012451,-0.57716494798660278,0.14784461259841919,-0.025947775691747665,0.07914385199546814,-0.47023367881774902,-0.32274609804153442,0.055277541279792786,0.047024652361869812,0.30899631977081299,-0.11446410417556763,-0.080453038215637207,0.02257382869720459,-0.72563588619232178,0.28487277030944824,0.014580488204956055,0.014710918068885803,1.1268773078918457,0.34425795078277588,-0.037722505629062653,0.024008288979530334,-1.1919181346893311,-0.12077981233596802,2.0615596771240234
0.02201707661151886,0.040724784135818481,0.60443288087844849,0.029398679733276367,-0.09439985454082489,-0.037816189229488373,-0.60801541805267334,-0.37537533044815063,0.092908859252929688,0.095802262425422668,0.74566060304641724,0.33741545677185059,-0.023558139801025391,-0.059120312333106995,-0.70924317836761475,-0.75247234106063843,-0.01262134313583374,-0.061518758535385132,1.0594152212142944,0.40745371580123901,-0.04449019581079483,0.020282868295907974,-0.70687389373779297,0.12802201509475708,2.1121106147766113
-0.01038781926035881,-0.045935302972793579,0.61949890851974487,0.097895979881286621,-0.084160774946212769,-0.041921515017747879,-0.6425400972366333,0.048783659934997559,0.039278376847505569,0.082789599895477295,-0.53625470399856567,0.095310866832733154,0.05540040135383606,0.055318370461463928,0.69234490394592285,-0.66852772235870361,0.072017684578895569,-0.017523586750030518,1.0984046459197998,0.75722479820251465,0.02440449595451355,-0.062169909477233887,0.18611961603164673,-0.8574640154838562,2.1486809253692627
-0.0836201012134552,-0.085888437926769257,-0.27569007873535156,-0.12582862377166748,-0.081200987100601196,-0.057985886931419373,-0.34247690439224243,0.079676508903503418,-0.011855557560920715,-0.010369390249252319,-0.56725144386291504,0.016655385494232178,0.033497709780931473,0.058807849884033203,0.66485774517059326,-0.20020031929016113,-0.082633458077907562,-0.069629095494747162,-0.47454845905303955,-0.5763695240020752,0.026549592614173889,-0.067114278674125671,0.20090913772583008,-0.24575346708297729,1.3129513263702393
0.023380741477012634,-0.058562338352203369,0.54939979314804077,0.453133225440979,-0.014119803905487061,0.083871632814407349,-0.41834580898284912,1.287366509437561,0.082865417003631592,-0.046925857663154602,0.79124373197555542,-0.22229230403900146,0.068500451743602753,0.051116973161697388,0.507332444190979,-0.18525803089141846,0.080151267349720001,0.033061746507883072,1.0752145051956177,0.72868865728378296,0.074242666363716125,0.024484127759933472,0.25744140148162842,-0.17831653356552124,2.2656216621398926
-0.077675551176071167,0.092780128121376038,-1.0076172351837158,0.92417412996292114,-0.033556699752807617,0.025562182068824768,-0.41014847159385681,1.2635651826858521,-0.079552978277206421,0.07164648175239563,-1.0960279703140259,0.73036938905715942,-0.0012451708316802979,-0.08233363926410675,0.51388531923294067,-0.64594542980194092,-0.079387858510017395,0.071557283401489258,1.0054852962493896,0.80842983722686768,0.0040086805820465088,0.0048347115516662598,-0.91191840171813965,-0.068032979965209961,2.9320909976959229
-0.027757614850997925,-0.0044408217072486877,-1.0432834625244141,0.86944645643234253,-0.03118470311164856,-0.021849215030670166,-0.36606141924858093,-0.29043877124786377,0.018084585666656494,0.027063906192779541,0.22887024283409119,-0.1852337121963501,-0.0105152428150177,-0.03868219256401062,-0.21588551998138428,-0.61599868535995483,-0.055896580219268799,0.053202249109745026,0.18976756930351257,-0.28302699327468872,-0.027440369129180908,-0.040963321924209595,-0.67217683792114258,-0.32151675224304199,1.8055721521377563
-0.10116750001907349,-0.062525883316993713,-0.82990908622741699,-0.098556756973266602,-0.066262781620025635,-0.065445393323898315,-0.50949263572692871,-0.27861869335174561,-0.082217752933502197,0.067550718784332275,0.20817932486534119,-0.15586578845977783,-0.04079967737197876,0.049446240067481995,-0.23402294516563416,0.68309187889099121,-0.0065155327320098877,0.088044933974742889,0.105815589427948,0.58287060260772705,-0.054104447364807129,-0.019097626209259033,-0.014513075351715088,-0.24986922740936279,1.444854736328125
0.0051215887069702148,0.045014172792434692,0.69375252723693848,0.45066040754318237,0.061841845512390137,0.0041699707508087158,-0.53332149982452393,0.83755344152450562,-0.066335171461105347,-0.025842666625976562,0.012528896331787109,-0.99351191520690918,-0.021349355578422546,-0.03988349437713623,0.41402328014373779,0.68069112300872803,-0.080512642860412598,-0.080177128314971924,-0.6208268404006958,-1.0864191055297852,-0.086836010217666626,-0.084914207458496094,0.0244101881980896,-0.29117906093597412,2.2325048446655273
0.077026635408401489,0.033173412084579468,0.41727840900421143,0.19574856758117676,0.093002200126647949,0.020660340785980225,-0.20107758045196533,0.83011579513549805,0.073184609413146973,-0.088429749011993408,0.97762596607208252,-0.33933377265930176,-0.078781828284263611,-0.063501745462417603,0.44708624482154846,0.26966583728790283,-0.048548638820648193,-0.085139751434326172,-0.56193697452545166,-1.0698422193527222,0.0070432424545288086,0.0016929507255554199,0.74367469549179077,0.53316330909729004,2.1522784233093262
0.047194898128509521,0.0038238167762756348,0.3642430305480957,0.22197335958480835,0.027901560068130493,0.0040914416313171387,-0.16658450663089752,0.13384968042373657,-0.04404112696647644,-0.067894816398620605,-0.70261633396148682,-0.11145895719528198,0.0045633167028427124,0.020300835371017456,0.47689467668533325,0.34572309255599976,-0.04552188515663147,-0.046341121196746826,0.10978338122367859,0.023139476776123047,0.091888964176177979,0.064585685729980469,0.80764544010162354,0.54154139757156372,1.4372395277023315
0.093774080276489258,-0.086016535758972168,0.31583285331726074,-0.48625552654266357,0.04164394736289978,-0.036770403385162354,0.10267563164234161,0.10938811302185059,0.048723548650741577,0.049522876739501953,-0.71001970767974854,-0.12845361232757568,-0.026630297303199768,0.033566892147064209,0.44653734564781189,0.28707391023635864,-0.049619764089584351,-0.018114149570465088,-0.022802740335464478,0.098403692245483398,0.093610972166061401,0.0043277144432067871,0.37588858604431152,-0.5221782922744751,1.2738982439041138
0.077426671981811523,0.011854648590087891,-0.30801314115524292,0.19053637981414795,-0.026581943035125732,0.055552959442138672,0.085601985454559326,0.93089866638183594,0.026753336191177368,0.047941207885742188,-0.58801734447479248,-0.04227137565612793,-0.02407991886138916,0.095316171646118164,0.35349217057228088,0.34409460425376892,0.052479445934295654,-0.059248626232147217,1.0479227304458618,-0.5287662148475647,0.088863864541053772,0.023126542568206787,0.35123175382614136,-0.51585090160369873,1.8440418243408203
-0.055432975292205811,-0.064151942729949951,-0.73346960544586182,-0.5357515811920166,-0.043105393648147583,-0.083353221416473389,0.16417762637138367,0.96776914596557617,-0.074095666408538818,-0.0050943493843078613,-1.0226856470108032,-0.62763822078704834,0.094095371663570404,0.080665349960327148,0.40132808685302734,-0.021694600582122803,0.069401443004608154,-0.066980123519897461,1.0153238773345947,-0.44810992479324341,0.042141616344451904,-0.087896823883056641,0.082844272255897522,-1.329831600189209,2.5401899814605713
-0.02193915843963623,0.053904056549072266,-0.69379532337188721,-0.53418493270874023,0.0099293291568756104,-0.066316604614257812,0.15749526023864746,0.54201376438140869,0.033517748117446899,-0.026898503303527832,0.50520157814025879,-0.030122190713882446,0.0265154168009758,-0.0488433837890625,-0.48088875412940979,-0.06419682502746582,-0.07542988657951355,0.029973328113555908,-0.84906303882598877,0.66237980127334595,0.095735743641853333,0.047146081924438477,0.10803700983524323,0.6585347056388855,1.792370080947876
-0.0053692758083343506,-0.056468367576599121,0.10470429062843323,-1.1783050298690796,0.049347050487995148,0.023118197917938232,0.64839011430740356,0.60129016637802124,-0.064896345138549805,0.08798980712890625,0.48448225855827332,0.0025591403245925903,0.068624027073383331,0.040953636169433594,-0.46776270866394043,0.45661389827728271,-0.021920770406723022,-0.020888388156890869,0.10003143548965454,-0.19045114517211914,-0.015271253883838654,-0.016395926475524902,-0.4819452166557312,-0.040084756910800934,1.7746703624725342
0.075611338019371033,-0.099579691886901855,0.52399337291717529,-0.87287098169326782,0.049429170787334442,0.0028462409973144531,0.65914309024810791,0.31827372312545776,0.028063178062438965,-0.084713935852050781,0.65324479341506958,-0.99433249235153198,0.011282637715339661,0.04190361499786377,-0.8934057354927063,0.38752683997154236,0.023841783404350281,0.0095739364624023438,0.49863773584365845,0.049218714237213135,-0.019356369972229004,0.013938307762145996,-0.48828831315040588,-0.095374487340450287,2.1127614974975586
0.034699779003858566,0.043165326118469238,-0.58016371726989746,0.78656446933746338,0.0026691872626543045,0.034519970417022705,0.05963057279586792,0.3590339720249176,0.093061462044715881,0.019968271255493164,0.57979518175125122,0.56092113256454468,-0.037607721984386444,-0.045400440692901611,-0.85168969631195068,-1.0041228532791138,-0.074472755193710327,-0.056685328483581543,0.46318599581718445,0.10388456284999847,-0.054576084017753601,0.03226780891418457,-0.047880850732326508,-0.19226989150047302,1.9407063722610474
-0.068417996168136597,0.027887701988220215,-0.58419036865234375,0.76687026023864746,0.064319491386413574,-0.026673316955566406,0.13390658795833588,-0.77069240808486938,-0.045252948999404907,0.098676085472106934,-0.89497083425521851,0.43266227841377258,0.076160147786140442,-0.067652285099029541,0.8727651834487915,-0.96760267019271851,0.0040813637897372246,0.04428398609161377,0.43265271186828613,1.0303976535797119,0.083931475877761841,0.076800763607025146,0.91322624683380127,0.51111602783203125,2.5727279186248779
-0.071182705461978912,-0.044165968894958496,0.017616629600524902,-0.64941179752349854,0.068928465247154236,0.024202406406402588,0.1479199081659317,-0.73318076133728027,0.012388341128826141,0.036377072334289551,-0.89303129911422729,0.35192769765853882,-0.0023506581783294678,0.063249647617340088,0.82594549655914307,0.86868423223495483,-0.039312597364187241,0.10122370719909668,0.030514627695083618,0.57848924398422241,-0.034831225872039795,-0.074438214302062988,-0.28259578347206116,-1.2323712110519409,2.304387092590332
0.049479424953460693,0.072362899780273438,0.77746289968490601,0.95191127061843872,0.096233725547790527,-0.069448173046112061,0.24222937226295471,-1.1348199844360352,-0.074744746088981628,-0.084781169891357422,-0.46556335687637329,-0.63424199819564819,-0.030357196927070618,-0.058212101459503174,0.27246463298797607,0.83982080221176147,-0.077731497585773468,0.058453679084777832,-0.062865793704986572,-0.32179772853851318,0.00065320730209350586,0.0074408054351806641,-0.21513065695762634,-1.2680823802947998,2.4628868103027344
-0.067436367273330688,-0.0060491561889648438,-0.66052979230880737,-0.19203644990921021,0.10377393662929535,-0.020994126796722412,-0.23320037126541138,-1.1094266176223755,0.031126543879508972,0.045419514179229736,0.67164486646652222,0.80572056770324707,-0.085755735635757446,0.051625728607177734,0.2352411150932312,0.77008020877838135,-0.078514188528060913,0.05034792423248291,-0.054895393550395966,-0.30576777458190918,-0.0537872314453125,-0.00092422962188720703,-0.49662074446678162,-0.50072181224822998,2.0350286960601807
-0.089636892080307007,0.034495770931243896,-0.61454761028289795,-0.22963130474090576,0.021506547927856445,0.039390861988067627,-0.23447929322719574,0.18749547004699707,0.019099608063697815,-0.028576135635375977,0.24910730123519897,-0.043044030666351318,-0.064363926649093628,0.097848773002624512,0.03293628990650177,0.71907037496566772,0.085203558206558228,-0.023862361907958984,1.1255488395690918,-0.41245442628860474,0.046896457672119141,-0.073103010654449463,0.67842626571655273,-0.42549613118171692,1.7951006889343262
-0.049902528524398804,-0.012004554271697998,0.4446851909160614,-0.080080181360244751,-0.02895885705947876,0.026286721229553223,-0.71616184711456299,0.1320037841796875,-0.022062405943870544,-0.047877788543701172,0.23086673021316528,-0.03508603572845459,0.036749809980392456,0.055102884769439697,0.0090642720460891724,-0.34441816806793213,0.096619904041290283,-0.051479578018188477,0.44587209820747375,-0.62141883373260498,-0.00058352947235107422,-0.061978340148925781,-0.023950442671775818,0.34343975782394409,1.2799811363220215
0.077849805355072021,0.003121495246887207,1.3055183887481689,0.38013428449630737,0.02806013822555542,0.096774518489837646,-0.68944811820983887,0.45064669847488403,0.033879563212394714,-0.0065417289733886719,0.61474251747131348,0.3490871787071228,-0.086118429899215698,-0.061184048652648926,-0.75426399707794189,-0.35570579767227173,0.067181229591369629,-0.085736691951751709,-0.11942990869283676,-0.75274860858917236,0.047686517238616943,0.072963804006576538,-0.084707200527191162,0.30588686466217041,2.1100199222564697
0.068141698837280273,0.049877166748046875,0.0033437684178352356,0.13762897253036499,0.046852350234985352,-0.027229249477386475,-0.094352096319198608,0.39582735300064087,-0.037399217486381531,0.046952366828918457,-0.669078528881073,0.12910473346710205,-0.055643230676651001,0.043921709060668945,-0.84006017446517944,1.0420057773590088,-0.062905758619308472,-0.00022280216217041016,-0.079736784100532532,-0.78398209810256958,0.0074114203453063965,-0.057497709989547729,-0.46613681316375732,-0.76759910583496094,1.9732809066772461
0.013903617858886719,0.047676205635070801,0.027254030108451843,0.15245968103408813,0.028502017259597778,-0.088259994983673096,-0.039345979690551758,-0.36179232597351074,0.064054816961288452,0.069078385829925537,0.61212480068206787,0.25796008110046387,-0.037319451570510864,0.047574400901794434,0.26574027538299561,1.0684196949005127,0.010517597198486328,0.07669675350189209,0.36565962433815002,0.81172245740890503,0.075239837169647217,-0.072286307811737061,0.34001341462135315,-0.12791728973388672,1.6657906770706177
0.064514696598052979,0.0009797215461730957,0.22194419801235199,-0.10500645637512207,0.061368018388748169,-0.016510188579559326,-0.10232594609260559,-0.3841286301612854,-0.06079450249671936,0.072577327489852905,0.56449097394943237,0.28652721643447876,-0.0096978247165679932,0.013080418109893799,0.25494983792304993,-0.3364328145980835,-0.025306135416030884,-0.01736527681350708,0.046181023120880127,-0.46445035934448242,0.0040351748466491699,0.032368510961532593,-0.21087896823883057,0.97765511274337769,1.4264669418334961
0.085494160652160645,0.046921461820602417,0.32218322157859802,0.18734073638916016,-0.05513782799243927,-0.057112276554107666,-0.080370426177978516,-0.49095332622528076,-0.061309307813644409,0.01568034291267395,0.48125264048576355,-0.2631300687789917,-0.063627153635025024,0.018220663070678711,-0.046576917171478271,-0.2960602343082428,-0.060068130493164062,-0.067895114421844482,-0.43209877610206604,-0.41996511816978455,-0.02255094051361084,-0.021866202354431152,-0.23168003559112549,0.91705292463302612,1.4381238222122192
0.071295022964477539,-0.06290745735168457,-0.056001186370849609,-0.93160593509674072,0.00042054057121276855,0.021983236074447632,0.61242234706878662,-0.45417189598083496,0.063927412033081055,0.061078816652297974,1.3785667419433594,-0.0033721923828125,-0.040661662817001343,-0.031942903995513916,-0.018521130084991455,-0.60910320281982422,0.044754207134246826,0.043250024318695068,-0.37722742557525635,-0.4136807918548584,-0.037635684013366699,0.019964322447776794,-0.40547013282775879,0.69366371631622314,2.1699948310852051
-0.074191510677337646,-0.087441131472587585,-0.013630568981170654,-0.90819716453552246,0.069584399461746216,0.0095150917768478394,0.62721741199493408,0.071298182010650635,0.090873822569847107,0.071303591132164001,0.74735122919082642,-0.23819077014923096,-0.0053884983062744141,-0.078090518712997437,0.60199898481369019,-0.57389503717422485,-0.05295485258102417,-0.087115019559860229,-0.7214471697807312,-0.82380926609039307,0.038823395967483521,-0.020907372236251831,0.84784698486328125,-0.21651315689086914,2.1319663524627686
-0.073416292667388916,0.047575026750564575,-0.39559954404830933,0.7230185866355896,-0.028691008687019348,0.050325073301792145,-0.92780262231826782,0.040477633476257324,-0.061778858304023743,0.04975254088640213,0.75086128711700439,-0.25373607873916626,-0.075868993997573853,-0.05094030499458313,0.59045863151550293,-0.14525622129440308,-0.10159382224082947,-0.027021050453186035,-0.45790213346481323,0.4941251277923584,0.04833686351776123,-0.035356283187866211,0.65061414241790771,-0.19901201128959656,1.8699345588684082
-0.035120636224746704,0.083739370107650757,0.18008819222450256,0.68922722339630127,-0.054408621042966843,0.057963874191045761,-0.94491022825241089,-0.24570173025131226,0.052889544516801834,-0.01410834863781929,0.80067050457000732,-0.61937201023101807,0.041651934385299683,0.0066082030534744263,1.392026424407959,-0.061582863330841064,-0.05022585391998291,0.023718543350696564,0.14069920778274536,0.15979897975921631,0.061293348670005798,0.0093793869018554688,0.62852668762207031,-0.18479803204536438,2.2198455333709717
-0.042576149106025696,-0.075510799884796143,-0.13970822095870972,-0.83895212411880493,-0.059649869799613953,0.083849266171455383,-0.55431056022644043,-0.26357316970825195,-0.042552068829536438,-0.015555024147033691,-0.84410977363586426,-0.069394230842590332,-0.011128842830657959,-0.05435856431722641,1.4376683235168457,-0.063206911087036133,-0.036943674087524414,0.056430656462907791,0.17822849750518799,0.12821745872497559,-0.036064572632312775,-0.017928004264831543,-0.65643775463104248,-0.27024573087692261,2.1142058372497559
-0.082401864230632782,-0.070998221635818481,-0.10196602344512939,-0.80304646492004395,-0.019614376127719879,0.051124937832355499,-0.54689788818359375,-0.57538503408432007,-0.085075050592422485,0.0477171391248703,-0.90719985961914062,0.71761918067932129,0.047730535268783569,0.015561310574412346,0.91491550207138062,-0.020745158195495605,-0.02635800838470459,0.068320482969284058,-0.057771861553192139,0.43005567789077759,0.082900643348693848,0.032487571239471436,0.31235706806182861,0.48038935661315918,2.0044243335723877
0.038275104016065598,-0.049467265605926514,0.6223372220993042,-0.18721213936805725,0.021364152431488037,-0.083648420870304108,0.02616351842880249,-0.58426100015640259,0.002282947301864624,-0.084314048290252686,-0.93874973058700562,0.70271432399749756,0.078223124146461487,0.073909744620323181,0.89690792560577393,0.46557533740997314,0.05267372727394104,-0.068991094827651978,0.3114054799079895,-1.1319735050201416,0.055691838264465332,0.089622855186462402,-0.16103982925415039,0.46246093511581421,2.1971640586853027
0.026476778090000153,-0.051732242107391357,-0.24665737152099609,0.23686093091964722,0.070587649941444397,0.029813826084136963,0.021786630153656006,0.49720239639282227,0.0027625560760498047,0.052594810724258423,-0.51738846302032471,1.0349934101104736,0.031456097960472107,-0.042046993970870972,-0.47456592321395874,0.40475600957870483,0.035701151937246323,-0.035531774163246155,0.2564120888710022,0.042230725288391113,0.048522293567657471,0.060421586036682129,-0.16080391407012939,0.47613382339477539,1.5607640743255615
0.033963844180107117,0.024558722972869873,-0.2306753396987915,0.70636886358261108,-0.059819042682647705,-0.069200754165649414,-0.8398287296295166,0.40581768751144409,0.076144605875015259,0.030714809894561768,0.18163740634918213,0.020902335643768311,0.044778011739253998,-0.065282493829727173,-0.44376289844512939,0.20196425914764404,-0.067856773734092712,0.045276135206222534,0.20747542381286621,0.022872447967529297,0.081778943538665771,0.077493727207183838,0.49231904745101929,-0.1787785142660141,1.4330739974975586
0.012009322643280029,-0.05438581109046936,-0.28979688882827759,0.64739608764648438,-0.057047009468078613,0.075556054711341858,-0.89855301380157471,1.0670623779296875,-0.05942004919052124,-0.085575014352798462,-0.96866476535797119,-1.031099796295166,0.022949099540710449,-0.034951329231262207,0.090951979160308838,0.18752354383468628,0.054390013217926025,0.06663396954536438,1.0902330875396729,-0.098418444395065308,0.061743855476379395,-0.079990208148956299,-0.2429497241973877,-1.2164636850357056,2.696927547454834
-0.047842651605606079,0.039791464805603027,-0.2813994288444519,1.0164066553115845,0.041022539138793945,0.048887684941291809,0.58318120241165161,1.1037569046020508,0.031842410564422607,-0.07491651177406311,-0.8887755274772644,-1.0220935344696045,-0.046369224786758423,-0.061777591705322266,0.15273886919021606,-0.35037660598754883,0.059260517358779907,0.056413948535919189,0.036029577255249023,0.14398190379142761,0.035640954971313477,0.017793059349060059,-0.49710381031036377,0.35971945524215698,2.253596305847168
0.01466861367225647,0.017288088798522949,0.4795319139957428,0.028520077466964722,-0.088223516941070557,0.093377798795700073,0.49726921319961548,0.7170865535736084,-0.014930844306945801,-0.010928213596343994,-0.57336890697479248,0.56321799755096436,0.036899685859680176,-0.034051269292831421,0.85677951574325562,-0.2965158224105835,-0.058671355247497559,0.0083260834217071533,-1.0330057144165039,-0.22173789143562317,0.044775307178497314,-0.06787031888961792,-0.48731088638305664,0.37897369265556335,1.996891975402832
-0.06860649585723877,-0.026036381721496582,-0.22664850950241089,-0.62879538536071777,-0.0043824315071105957,0.012373358011245728,0.71141535043716431,0.73438054323196411,0.014578640460968018,-0.02261313796043396,0.16560280323028564,-0.16734662652015686,0.068045347929000854,0.049205899238586426,0.85099327564239502,0.72482168674468994,-0.10244828462600708,-0.086722582578659058,-0.96705883741378784,-0.30424904823303223,-0.080898046493530273,0.068875283002853394,-1.51816725730896,0.91550219058990479,2.6477439403533936
-0.064548671245574951,0.0077247917652130127,-0.17160922288894653,-0.61187785863876343,-0.081628262996673584,0.001759260892868042,0.70672577619552612,0.13872173428535461,-0.066277742385864258,-0.033751100301742554,-0.2010534405708313,-0.4320644736289978,0.04378432035446167,-0.030648410320281982,-0.24455368518829346,0.72057145833969116,-0.00042921304702758789,-0.064673393964767456,0.83993995189666748,0.039903461933135986,-0.065332293510437012,-0.07338416576385498,-0.24490511417388916,-0.97908395528793335,1.8674780130386353
-0.061196506023406982,-0.00053972005844116211,-0.23567962646484375,-0.5120086669921875,-0.08354949951171875,-0.086664453148841858,0.31985980272293091,0.11931306123733521,0.031486630439758301,-0.0023598670959472656,-0.15943136811256409,-0.43721288442611694,-0.06415480375289917,0.067001581192016602,-0.29559457302093506,0.75765317678451538,0.088946998119354248,0.040387541055679321,0.98974233865737915,0.90889406204223633,-0.033121943473815918,0.042612805962562561,0.38865280151367188,0.79769498109817505,1.9863464832305908
0.058559715747833252,-0.0056407153606414795,1.0125073194503784,-0.15998411178588867,0.043893337249755859,0.019410789012908936,0.31793484091758728,1.117223858833313,-0.083181023597717285,-0.063127249479293823,-1.0267391204833984,-0.5873674750328064,-0.0054631233215332031,0.049751967191696167,0.65726381540298462,0.77698582410812378,0.029490828514099121,0.03629574179649353,-0.014880716800689697,-0.080713868141174316,-0.041182756423950195,0.013412931933999062,0.37198099493980408,0.84061348438262939,2.3895413875579834
0.088612258434295654,-0.030476659536361694,0.29908859729766846,-0.41330072283744812,-0.018396556377410889,0.099288582801818848,-0.56201589107513428,1.0349816083908081,-2.9921531677246094e-05,-0.0063711553812026978,0.04219210147857666,0.21839705109596252,0.075992703437805176,0.050912171602249146,0.67676353454589844,-0.10107265412807465,-0.051218569278717041,0.08520662784576416,-0.020107746124267578,-0.077776879072189331,0.056238412857055664,-0.062598429620265961,0.77839064598083496,0.045744001865386963,1.6804198026657104
0.076984941959381104,0.0091214478015899658,0.30790400505065918,-0.43351274728775024,-0.090764701366424561,0.1048734188079834,-0.59981608390808105,0.14780780673027039,-0.059061527252197266,-0.016140595078468323,-0.77314627170562744,-0.34028840065002441,-0.02100670337677002,-0.012608885765075684,-0.43815898895263672,-0.097517192363739014,0.020820736885070801,0.018408522009849548,0.77919971942901611,-0.7710106372833252,0.039769172668457031,-0.06084693968296051,0.16271641850471497,0.14299476146697998,1.6922159194946289
0.033385515213012695,-0.082017205655574799,-0.62381619215011597,-0.48055419325828552,0.012093067169189453,-0.026997476816177368,0.64082729816436768,0.18244312703609467,-0.071068167686462402,0.084871478378772736,-0.73368507623672485,-0.37279662489891052,-0.032855391502380371,0.031844750046730042,-0.47873187065124512,0.09123094379901886,-0.027649760246276855,-0.06683214008808136,0.088481694459915161,-0.83881169557571411,0.084467411041259766,0.081918388605117798,0.37939238548278809,0.76540857553482056,1.8606895208358765
0.087198019027709961,-0.00116778165102005,0.34987944364547729,0.13266593217849731,0.0041766166687011719,-0.095127299427986145,0.65613365173339844,-0.29404759407043457,-0.040473341941833496,0.016238458454608917,0.44997602701187134,-0.97648900747299194,-0.062584161758422852,0.049605317413806915,-0.32371854782104492,0.026584863662719727,0.054406642913818359,-0.024705275893211365,0.53014993667602539,0.45587724447250366,-0.04600071907043457,0.088073551654815674,0.34870591759681702,0.75826871395111084,1.7726660966873169
-0.010271906852722168,-0.047153890132904053,-0.2914312481880188,-0.46998700499534607,-0.01480942964553833,0.059576600790023804,-0.05437064915895462,-0.31839185953140259,0.012190103530883789,-0.068376153707504272,0.66503822803497314,-0.8505929708480835,-0.095808029174804688,0.027816988527774811,-0.25630325078964233,-0.46877959370613098,-0.04537808895111084,-0.086966976523399353,0.51135087013244629,0.46695291996002197,-0.062469005584716797,-0.043606698513031006,0.090738236904144287,-1.2329983711242676,1.9762904644012451
0.037697315216064453,0.061196848750114441,-0.22848615050315857,-0.44601461291313171,0.066805422306060791,-0.064223349094390869,0.0056875571608543396,-1.0393092632293701,-0.071127772331237793,-0.0070577859878540039,-0.43105462193489075,-0.15521956980228424,0.012468576431274414,-0.00043322145938873291,0.46753764152526855,-0.43566605448722839,0.05222618579864502,-0.012833841145038605,0.96390044689178467,0.82718133926391602,0.054384589195251465,-0.09407120943069458,0.82128387689590454,-0.39405402541160583,2.1039166450500488
-0.063382863998413086,0.022786825895309448,-0.87132346630096436,-0.81049501895904541,0.013642072677612305,-0.095968574285507202,-0.32768917083740234,-1.0607240200042725,-0.043057799339294434,-0.0163535475730896,-0.38638874888420105,-0.18040487170219421,0.04198145866394043,0.0012093782424926758,0.51351171731948853,-0.091940969228744507,-0.018368721008300781,0.094487965106964111,-0.064246013760566711,0.85951739549636841,0.075547337532043457,-0.1006234884262085,0.44075292348861694,0.14637467265129089,2.0258615016937256
0.028111279010772705,-0.058735698461532593,0.47349411249160767,-0.93656337261199951,0.0089125633239746094,-0.013304369524121284,-0.37897765636444092,0.28815051913261414,0.020642638206481934,-0.046989381313323975,0.22925388813018799,-0.40252742171287537,-0.085940122604370117,-0.04685741662979126,-0.67964452505111694,-0.13428360223770142,-0.051380038261413574,-0.0048495382070541382,0.05544087290763855,-0.44419974088668823,-0.069924116134643555,-0.064429283142089844,0.38118249177932739,0.16715377569198608,1.5571064949035645
0.079748570919036865,0.0021986961364746094,0.5820319652557373,0.28651967644691467,0.057548761367797852,-0.094320118427276611,0.61407452821731567,0.3262927234172821,0.057320356369018555,-0.062507778406143188,0.37770748138427734,-0.14617961645126343,0.028796076774597168,-0.042923629283905029,-0.65485429763793945,0.32631555199623108,0.017791628837585449,0.084933996200561523,0.053832054138183594,-0.46217107772827148,-0.042268872261047363,-0.018007159233093262,0.048413991928100586,0.0092319026589393616,1.3640983104705811
0.04883962869644165,0.094559729099273682,0.57474255561828613,0.31836658716201782,-0.07563096284866333,0.070268139243125916,0.51321977376937866,1.6758898496627808,0.0081542134284973145,-0.096402883529663086,-0.4919201135635376,-0.33031749725341797,-0.080631613731384277,-0.023493409156799316,-0.86527425050735474,0.27830362319946289,-0.014893054962158203,0.073711097240447998,-0.31864228844642639,-0.31924062967300415,-0.047168135643005371,-0.059478163719177246,-0.071071863174438477,-0.61134231090545654,2.3049921989440918
0.038133502006530762,-0.011057794094085693,-0.10872042179107666,-1.139772891998291,-0.024899065494537354,0.028281077742576599,0.22527420520782471,1.6928865909576416,-0.014981865882873535,-0.020022958517074585,-0.4575507640838623,-0.38219907879829407,-0.0020714998245239258,-0.022849559783935547,-0.91447222232818604,0.41617342829704285,-0.089532971382141113,-0.019237905740737915,-0.93602585792541504,-0.78669023513793945,-0.01935964822769165,-0.026691198348999023,0.16795659065246582,0.38250508904457092,2.69732666015625
0.016761064529418945,0.046517431735992432,0.13889777660369873,0.10887428373098373,-0.065356075763702393,0.071913883090019226,0.20603522658348083,1.0230221748352051,-0.060617506504058838,-0.051200747489929199,-0.14729529619216919,-0.044237732887268066,0.022315502166748047,0.019963204860687256,-0.37592712044715881,0.42815378308296204,0.072412848472595215,-0.058506757020950317,0.92577207088470459,-0.17101077735424042,-0.024668484926223755,-0.051836967468261719,0.13487064838409424,0.38567507266998291,1.5977287292480469
-0.028554141521453857,-0.016731858253479004,-0.43149721622467041,-0.4452679455280304,0.086901724338531494,-0.061006523668766022,0.93417167663574219,1.0140875577926636,-0.0032203793525695801,0.0729542076587677,0.45784664154052734,0.91098600625991821,0.071495771408081055,0.050460577011108398,-0.36706194281578064,0.34081321954727173,0.03305518627166748,0.069634735584259033,0.90280795097351074,-0.10394465178251266,0.022169619798660278,-0.06807863712310791,0.25833797454833984,-0.25529658794403076,2.1377840042114258
0.045605182647705078,-0.073828041553497314,-0.41920065879821777,-0.50826877355575562,0.018746793270111084,0.0078653227537870407,0.88983821868896484,1.0242956876754761,-0.0077148675918579102,0.090332910418510437,-0.14069062471389771,0.25113344192504883,0.0086115002632141113,0.093359172344207764,-0.38432171940803528,0.2858329713344574,-0.021139383316040039,0.074163198471069336,-0.34470063447952271,0.29531881213188171,0.04248712956905365,-0.072880029678344727,0.16623044013977051,-0.47145992517471313,1.7553578615188599
-0.074338793754577637,0.0016222000122070312,-0.68463516235351562,0.11193284392356873,-0.046552121639251709,0.065479099750518799,-0.17112302780151367,0.97666364908218384,0.088884830474853516,0.042558819055557251,-0.10228770971298218,0.25626456737518311,0.070524275302886963,0.0068131685256958008,-0.32959780097007751,-0.42193281650543213,0.0025237202644348145,-0.017584711313247681,-0.06063467264175415,-0.33347213268280029,0.086643710732460022,0.080044567584991455,0.33406507968902588,0.80386507511138916,1.6555449962615967
0.061713412404060364,0.076546251773834229,1.0856226682662964,0.95067870616912842,0.08869093656539917,-0.066796794533729553,-0.14334619045257568,-1.09537672996521,-0.033500924706459045,0.0036660879850387573,-0.61928790807723999,-0.027832686901092529,-0.012430489063262939,0.043214261531829834,-0.98152691125869751,-0.4968130886554718,-0.044889628887176514,-0.006669163703918457,-0.09228140115737915,-0.16336911916732788,0.063072800636291504,-0.058736145496368408,0.29672014713287354,0.83019554615020752,2.3967454433441162
-0.058030605316162109,0.062651157379150391,-0.2910693883895874,0.14064764976501465,-0.010315835475921631,0.0099251195788383484,-0.68387144804000854,-1.1182551383972168,0.080662235617637634,0.0077189356088638306,0.81709694862365723,0.39881712198257446,0.005084991455078125,-0.060035884380340576,-0.95342707633972168,-1.2319074869155884,-0.023869097232818604,-0.090669900178909302,-0.11702615022659302,-0.17704775929450989,-0.0013255476951599121,0.043762803077697754,-0.64768379926681519,0.68906104564666748,2.4584023952484131
-0.067308396100997925,-0.0033586621284484863,-0.29639941453933716,0.16717714071273804,0.014225184917449951,0.026431523263454437,-0.6912308931350708,-0.44264703989028931,-0.041908428072929382,-0.0043923631310462952,-0.36917909979820251,-0.10391038656234741,-0.093454897403717041,-0.043549954891204834,-0.99241775274276733,-1.2918374538421631,0.0248279869556427,-0.069723844528198242,0.37373411655426025,0.17350247502326965,-0.042136788368225098,0.041408717632293701,-0.52350413799285889,0.50238454341888428,2.0768747329711914
-0.022929340600967407,0.0074441432952880859,0.16480189561843872,0.50002354383468628,-0.046262860298156738,0.024282511323690414,-0.65963280200958252,-0.49922239780426025,-0.056806288659572601,0.022723205387592316,-0.37482061982154846,-0.08910059928894043,0.063513398170471191,-0.041129052639007568,-1.0027292966842651,-0.092846274375915527,-0.054804146289825439,-0.032770097255706787,-0.67318236827850342,0.28995975852012634,-0.067534804344177246,-0.076550543308258057,-0.055272996425628662,-0.96533799171447754,1.9035491943359375
-0.023840725421905518,-0.085798561573028564,0.12670391798019409,-0.30969834327697754,-0.02941817045211792,0.034479036927223206,-0.68920868635177612,0.18848776817321777,0.054851487278938293,-0.017395980656147003,0.6348731517791748,-0.17381227016448975,0.035750791430473328,-0.039973616600036621,-0.59175580739974976,-0.085727095603942871,0.025109663605690002,-0.085117250680923462,0.41950619220733643,-0.14647480845451355,0.037050545215606689,-0.062649160623550415,-0.0037322044372558594,-0.99717646837234497,1.6231024265289307
-0.071012943983078003,-0.019424080848693848,-0.6850963830947876,0.5426449179649353,-0.016118317842483521,-0.0093678534030914307,-0.1980060338973999,0.21779966354370117,-0.047872245311737061,0.072489812970161438,-0.45753222703933716,0.31893628835678101,0.059218067675828934,-0.077230095863342285,-0.53983771800994873,-0.57811754941940308,-0.026915300637483597,-0.043697282671928406,0.43095862865447998,-0.075838863849639893,-0.077651441097259521,0.0027802698314189911,-0.93663763999938965,0.61439979076385498,1.8068965673446655
0.049570739269256592,0.065930619835853577,-0.70687144994735718,0.5557786226272583,-0.024115249514579773,-0.028946422040462494,-0.2235216498374939,-0.063945412635803223,-0.044335454702377319,0.033036023378372192,0.15010160207748413,-0.30591827630996704,-0.042124763131141663,0.020186573266983032,-0.5453333854675293,-0.61218070983886719,-0.0070599839091300964,0.0050396919250488281,0.017397522926330566,0.13371896743774414,0.065328776836395264,0.075657442212104797,0.69520759582519531,0.66435766220092773,1.6177997589111328
-0.068887472152709961,0.059827879071235657,-0.7917436957359314,0.20869636535644531,0.075676679611206055,-0.027652375400066376,1.0775017738342285,0.011864602565765381,-0.077983200550079346,0.088289260864257812,0.19162958860397339,-0.33480143547058105,0.089057177305221558,0.041899099946022034,-0.53427749872207642,0.35558295249938965,-0.071726009249687195,0.017687961459159851,-0.60571187734603882,0.077143073081970215,0.018143296241760254,0.03777351975440979,0.12849898636341095,-0.34917640686035156,1.7173048257827759
-0.093279182910919189,0.095405071973800659,-0.26203069090843201,0.32844787836074829,0.041317272931337357,0.024437204003334045,1.0677142143249512,0.1162455677986145,-0.065344184637069702,-0.0035330653190612793,-0.073858469724655151,-0.81060624122619629,-0.056357741355895996,0.031487077474594116,-1.1431053876876831,0.28331613540649414,0.015435099601745605,0.064828000962734222,0.55687427520751953,0.67033195495605469,-0.016464650630950928,0.065255701541900635,0.1390136331319809,-0.30802369117736816,2.0714113712310791
-0.077046036720275879,-0.019755780696868896,0.19597867131233215,-0.97211039066314697,-0.039896868169307709,0.045890286564826965,-0.54484415054321289,0.0568045973777771,0.0477314293384552,0.039710581302642822,0.71577024459838867,0.30995637178421021,-0.037829548120498657,-0.011287732049822807,-1.0776726007461548,-0.2512018084526062,-0.036967843770980835,0.065895207226276398,0.4835590124130249,0.73670738935470581,-0.070083916187286377,-0.03412705659866333,-0.39768719673156738,-0.76621091365814209,2.15995192527771
0.012910068035125732,-0.039854317903518677,0.23830097913742065,-0.95244741439819336,-0.05602414533495903,-0.062986239790916443,-0.49843764305114746,-1.1085326671600342,-0.078910559415817261,0.061122477054595947,-0.83496856689453125,0.43361759185791016,-0.097758173942565918,-0.011114858090877533,-0.39472782611846924,-0.2814449667930603,0.042337924242019653,0.027120217680931091,0.74749457836151123,-0.42880886793136597,-0.010131180286407471,0.068351387977600098,0.41298046708106995,0.76346099376678467,2.2568349838256836
0.0012505650520324707,-0.086021840572357178,0.015464857220649719,-0.55669331550598145,-0.052873209118843079,0.028593301773071289,0.31385630369186401,-1.0445654392242432,-0.083597511053085327,-0.034018337726593018,-0.84648430347442627,0.39887672662734985,-0.022160351276397705,0.083072185516357422,-0.3575289249420166,0.33382856845855713,-0.043795853853225708,0.079689323902130127,-0.74258357286453247,0.11324316263198853,0.0060588717460632324,-0.010452389717102051,0.26243704557418823,-0.39981639385223389,1.8554308414459229
-0.072488367557525635,0.018537044525146484,-0.54713904857635498,0.49230426549911499,0.0032802820205688477,-0.040938198566436768,0.38326144218444824,-1.0561004877090454,-0.094410210847854614,0.05428779125213623,-0.38791599869728088,0.51571464538574219,-0.051471859216690063,0.093915313482284546,-0.64688867330551147,0.2983553409576416,-0.035837769508361816,-0.036228865385055542,-0.02057415246963501,-0.47378361225128174,-0.039020419120788574,0.071673274040222168,0.32983702421188354,-0.33570098876953125,1.7928012609481812
-0.086099743843078613,-0.073394119739532471,-0.50232487916946411,-0.29817736148834229,-0.044412463903427124,-0.037992984056472778,-0.16231128573417664,-1.0835524797439575,0.032008200883865356,0.032709121704101562,0.59591203927993774,0.069839596748352051,0.02196270227432251,0.0052138268947601318,-0.56867784261703491,-0.91127574443817139,-0.077518224716186523,-0.0027799606323242188,-0.0078428387641906738,-0.4335494339466095,0.082006782293319702,0.025675535202026367,0.70450085401535034,-0.35083436965942383,1.9736087322235107
0.014656126499176025,0.034038424491882324,-0.47194164991378784,-0.28089499473571777,0.091029644012451172,-0.076337933540344238,-0.17225393652915955,-0.56986784934997559,-0.0072934180498123169,-0.039623498916625977,0.042991995811462402,-0.72720491886138916,-0.038334429264068604,0.0054986476898193359,-0.68126767873764038,-0.9274299144744873,-0.073648393154144287,-0.062496781349182129,0.10776478052139282,-0.70460820198059082,-0.016787171363830566,-0.014882564544677734,-0.30725890398025513,-0.52143985033035278,1.8476513624191284
0.07726973295211792,-0.033196687698364258,0.55387985706329346,-0.24620330333709717,-0.043234050273895264,0.039168506860733032,-1.3784482479095459,-0.65098881721496582,0.086427874863147736,0.027075290679931641,0.10144634544849396,-0.72726255655288696,-0.04474252462387085,0.016287028789520264,-0.68486320972442627,-0.30457389354705811,0.054183900356292725,-0.057462751865386963,0.73875308036804199,0.047880768775939941,0.055547416210174561,0.027359485626220703,0.77600669860839844,0.29275453090667725,2.2492818832397461
0.032476276159286499,-0.019354701042175293,-0.5663299560546875,0.29227718710899353,-0.061382859945297241,0.042804598808288574,-1.3245476484298706,-0.077546060085296631,-0.022225640714168549,0.029511809349060059,-0.86867034435272217,-0.45082738995552063,-0.082419872283935547,-0.058162093162536621,-0.66015458106994629,-0.3206096887588501,0.037139534950256348,0.060775578022003174,-0.1374436616897583,0.62391376495361328,-0.015539603307843208,-0.0029250383377075195,0.79347527027130127,0.3478129506111145,2.2012844085693359
0.0039488077163696289,0.037334442138671875,-0.65158283710479736,0.52394819259643555,-0.0056473910808563232,-0.06704866886138916,0.35286378860473633,-0.045542418956756592,-0.06641697883605957,-0.049235343933105469,-0.29059016704559326,-0.97400623559951782,-0.03216889500617981,-0.084777534008026123,-0.6699141263961792,-0.49387621879577637,0.022897899150848389,0.01903766393661499,-0.16148774325847626,0.65233558416366577,0.059354722499847412,0.010072946548461914,0.44481575489044189,0.4642961323261261,1.8552777767181396
0.032612219452857971,-0.065414190292358398,-0.70833218097686768,0.52448558807373047,-0.063074678182601929,-0.083035111427307129,0.34721797704696655,0.23506566882133484,-0.073212280869483948,0.02963554859161377,-0.36962854862213135,-0.033525310456752777,0.030174553394317627,-0.070930004119873047,0.33370950818061829,-0.45811304450035095,0.058759689331054688,-0.079363465309143066,0.64754980802536011,-0.50308507680892944,0.011652112007141113,-0.020453691482543945,-0.46596837043762207,-0.22640012204647064,1.5463229417800903
-0.075957320630550385,0.093971848487854004,-0.83017486333847046,0.88061070442199707,-0.090697810053825378,-0.072337627410888672,-0.26596704125404358,0.18388545513153076,-0.0051627159118652344,-0.085271716117858887,-0.38607451319694519,-0.057507239282131195,-0.070400804281234741,0.07884526252746582,0.2782859206199646,1.1924726963043213,0.026621043682098389,-0.091616034507751465,0.1354992687702179,-0.17509342730045319,0.069819509983062744,0.029503703117370605,0.60351014137268066,0.23309394717216492,1.9364825487136841
-0.035507559776306152,0.080430865287780762,0.10519883036613464,0.067965656518936157,0.080941647291183472,0.025613307952880859,-0.34573569893836975,0.89838659763336182,0.062744677066802979,-0.064938068389892578,0.33859622478485107,-0.16567486524581909,-0.038561239838600159,-0.026636004447937012,0.14039012789726257,1.213343620300293,0.037286341190338135,0.015285968780517578,0.16471342742443085,0.77344834804534912,0.013872861862182617,-0.050762772560119629,0.55327469110488892,0.28248497843742371,1.9019123315811157
0.020432591438293457,-0.083209395408630371,0.7275579571723938,-1.3491051197052002,-0.08330005407333374,-0.078971624374389648,-1.4962495565414429,0.7729259729385376,0.00034511089324951172,0.081551790237426758,-0.54421544075012207,1.0956127643585205,0.027518752962350845,0.018909215927124023,0.047064125537872314,0.99508345127105713,-0.038337171077728271,-0.053874373435974121,0.15080636739730835,0.72922486066818237,-0.037232279777526855,-0.016633510589599609,-0.16524916887283325,0.59034371376037598,2.9392497539520264
-0.028695940971374512,0.020802617073059082,0.74668455123901367,-1.3096318244934082,-0.010433100163936615,-0.018813490867614746,-1.5444768667221069,0.58942526578903198,-0.080646991729736328,0.086041092872619629,-0.96276617050170898,0.47277331352233887,0.048040874302387238,0.087728977203369141,0.41342192888259888,1.0308840274810791,-0.044671148061752319,-0.025052070617675781,-0.31671497225761414,0.33774274587631226,0.076085329055786133,-0.051573276519775391,0.92052656412124634,0.15178918838500977,2.9173729419708252
0.037404567003250122,0.029155254364013672,0.65601646900177002,-0.37560874223709106,-0.034636456519365311,-0.068970143795013428,-0.63865035772323608,0.5350649356842041,6.9320201873779297e-05,-0.086541712284088135,-0.92228209972381592,0.46255314350128174,-0.092389263212680817,0.068188786506652832,0.34514635801315308,0.33760860562324524,-0.021596223115921021,-0.081654548645019531,-0.042707622051239014,-0.64649099111557007,-0.063014388084411621,-0.025050640106201172,-0.73395884037017822,0.27493530511856079,1.9073400497436523
0.065334856510162354,-0.073816061019897461,0.09761984646320343,-0.66022288799285889,-0.068736255168914795,-0.014367759227752686,-0.70078784227371216,0.68951874971389771,-0.078112125396728516,0.025837838649749756,-1.0855816602706909,1.2153352499008179,0.090920403599739075,-0.056260466575622559,1.3051239252090454,0.3828379213809967,0.07428036630153656,0.077096343040466309,0.54589319229125977,1.273311972618103,0.033116817474365234,-0.060723066329956055,-0.7164919376373291,0.19230437278747559,2.9045073986053467
0.093467116355895996,-0.048012733459472656,0.17729893326759338,0.27998089790344238,0.056405462324619293,-0.067661285400390625,0.88942790031433105,0.73820590972900391,-0.00094854831695556641,0.041493356227874756,-0.025704190135002136,0.52327477931976318,-0.013690948486328125,-0.092722415924072266,1.3366694450378418,-0.065523996949195862,-0.051525913178920746,0.10545313358306885,0.42734801769256592,1.2364747524261475,0.024791359901428223,0.084387063980102539,-0.70790451765060425,1.1516729593276978,2.6647899150848389
-0.00042784214019775391,0.048644304275512695,0.15283167362213135,0.2889174222946167,0.09832996129989624,-0.055408596992492676,0.83764594793319702,0.4433741569519043,-0.024172186851501465,-0.043294131755828857,-0.16390100121498108,-0.54780209064483643,-0.035880029201507568,-0.098192691802978516,0.076901741325855255,-0.038665354251861572,0.088365539908409119,-0.028760552406311035,1.3515108823776245,-1.0107376575469971,0.083649754524230957,0.096409976482391357,-0.053487882018089294,0.47430497407913208,2.1139633655548096
-0.081797182559967041,0.056169688701629639,-0.8875201940536499,-0.018458127975463867,0.084250323474407196,0.013809025287628174,-0.2936866283416748,0.43777769804000854,0.015479564666748047,-0.06212770938873291,-0.18110233545303345,-0.49978560209274292,0.086867362260818481,0.012553095817565918,0.057325825095176697,0.79993236064910889,0.10447490215301514,0.019999384880065918,0.083640262484550476,-0.23077160120010376,-0.085544109344482422,0.054143726825714111,-0.91726100444793701,0.059018135070800781,1.7167701721191406
0.010688602924346924,0.024921059608459473,0.087464302778244019,0.10666525363922119,0.072690248489379883,-0.045225799083709717,-0.25880962610244751,-0.17345330119132996,-0.047468245029449463,-0.02897682785987854,-0.68262016773223877,0.34952777624130249,-0.052594870328903198,0.050203323364257812,-1.4358364343643188,0.73575407266616821,0.050854116678237915,-0.092525899410247803,-0.56120979785919189,-0.85490745306015015,-0.03242039680480957,-0.088121891021728516,-0.88569319248199463,0.037944674491882324,2.274932861328125
-0.038024306297302246,0.075080960988998413,-0.71594595909118652,0.46492058038711548,0.026282757520675659,0.0027049779891967773,-0.11117211729288101,-0.22028335928916931,-0.063025474548339844,0.090529710054397583,-0.69713234901428223,0.89660525321960449,0.0074780583381652832,-0.079507887363433838,-1.3601213693618774,-1.0264754295349121,0.050808608531951904,0.016127884387969971,-0.53046846389770508,-0.8273729681968689,0.07580268383026123,-0.036538094282150269,0.40190845727920532,0.27124965190887451,2.4940707683563232
-0.02657783031463623,0.088307082653045654,-0.72380298376083374,0.46827316284179688,-0.004491269588470459,-0.0045166611671447754,-0.1476910263299942,-0.25045549869537354,-0.081619679927825928,-0.045272201299667358,-0.49430876970291138,-0.61252975463867188,0.00054723024368286133,-0.079704821109771729,-0.48153936862945557,-0.99960792064666748,-0.0046594142913818359,-0.018936455249786377,-0.1725594699382782,-0.70703506469726562,0.0025843381881713867,-0.071716532111167908,-0.071005165576934814,0.089362740516662598,1.8028266429901123
-0.060820221900939941,0.076735317707061768,-0.24362710118293762,-0.022144794464111328,-0.03843224048614502,0.087850511074066162,-0.3929210901260376,-0.29441177845001221,0.044839680194854736,0.080977067351341248,-0.41214507818222046,-0.64439034461975098,-0.042051553726196289,-0.013871192932128906,-0.45143985748291016,0.29714524745941162,0.046037137508392334,0.013831436634063721,0.50246214866638184,0.30502402782440186,0.076240062713623047,0.027642726898193359,0.097266197204589844,0.97651839256286621,1.588981032371521
0.03905254602432251,0.027606263756752014,0.40949428081512451,-0.16740357875823975,0.08782745897769928,-0.073261082172393799,-0.32556328177452087,-1.124321460723877,0.045599579811096191,-0.087094597518444061,0.17209649085998535,-1.1356104612350464,-0.093518048524856567,-0.091175824403762817,-0.2562021017074585,0.23596477508544922,-0.017256468534469604,-0.063931196928024292,-0.048598930239677429,-0.77417993545532227,0.05154883861541748,-0.08769148588180542,0.066400051116943359,0.96731019020080566,2.1459228992462158
-0.033199429512023926,0.027732282876968384,-0.77507662773132324,-0.4489741325378418,0.069742962718009949,0.024625539779663086,-0.13975413143634796,-1.0709736347198486,0.005294114351272583,-0.096041411161422729,-0.0587310791015625,-0.7026364803314209,0.024254471063613892,-0.089369684457778931,-0.24771293997764587,-0.02225339412689209,0.004525601863861084,-0.036500096321105957,-0.016934528946876526,-0.73599684238433838,0.017077028751373291,-0.058374941349029541,-0.41685390472412109,0.46648430824279785,1.8685330152511597
-0.037227630615234375,-0.045451879501342773,-0.77819448709487915,-0.51854681968688965,0.046336978673934937,-0.094014018774032593,-0.060044229030609131,-1.0849061012268066,-0.064701974391937256,-0.10007935762405396,-0.77627217769622803,0.029392242431640625,0.045323371887207031,0.020224332809448242,-0.011447608470916748,-0.051947832107543945,-0.090248703956604004,0.018932938575744629,-0.53646039962768555,0.18204599618911743,-0.021431982517242432,0.086826741695404053,-0.40401506423950195,1.3454575538635254,2.2368314266204834
0.014889657497406006,-0.016663551330566406,0.41885209083557129,0.23052066564559937,0.078130871057510376,0.018626093864440918,-0.090264469385147095,-1.1087242364883423,-0.0099888741970062256,0.057833552360534668,-0.75672447681427002,0.027624905109405518,0.064025461673736572,-0.015982195734977722,0.0084277987480163574,-0.10856842994689941,0.065630599856376648,0.026511877775192261,1.0600367784500122,0.021713137626647949,0.046039700508117676,-0.052530348300933838,0.49340057373046875,-0.71308457851409912,1.987956166267395
-0.078627884387969971,0.03373253345489502,-0.51940172910690308,0.71965068578720093,0.010893195867538452,0.068622797727584839,-0.093400001525878906,0.25618475675582886,-0.034259095788002014,-0.035785317420959473,-0.49465608596801758,-0.8131367564201355,-0.030845850706100464,-0.051696926355361938,-0.65629857778549194,-0.13615560531616211,0.066865384578704834,0.026662155985832214,0.60197192430496216,0.197662353515625,-0.061199009418487549,-0.09465181827545166,0.50180685520172119,-0.68143415451049805,1.8359977006912231
-0.00046496093273162842,0.003234565258026123,0.32074952125549316,0.063922345638275146,-0.073867172002792358,-0.0482596755027771,-0.74243712425231934,0.20707809925079346,0.079425841569900513,-0.10295695066452026,0.84924936294555664,-0.36654388904571533,0.027224928140640259,-0.044437721371650696,-0.60476833581924438,0.0042183399200439453,-0.082223929464817047,0.011316802352666855,0.62732470035552979,0.24787312746047974,-0.022930331528186798,0.043865680694580078,0.69496476650238037,0.95436447858810425,1.9513908624649048
0.011103995144367218,0.093137621879577637,0.31805074214935303,0.10176730155944824,0.081244394183158875,0.023703545331954956,-0.78172540664672852,0.37070712447166443,0.092724606394767761,-0.049680113792419434,0.54206955432891846,0.2794492244720459,-0.056303471326828003,0.017301037907600403,-0.65286529064178467,-0.019713163375854492,-0.028463095426559448,-0.013065531849861145,0.67682242393493652,-0.25102174282073975,0.05727154016494751,-0.0047593116760253906,0.92392683029174805,0.0098524689674377441,1.7516282796859741
0.080613851547241211,-0.011958003044128418,0.98164892196655273,-0.63395345211029053,0.031525585800409317,0.042267732322216034,-0.25213673710823059,0.37911152839660645,-0.021758228540420532,-0.059072792530059814,0.47196412086486816,0.33002609014511108,-0.047434456646442413,-0.06045868992805481,-0.58246767520904541,-0.9854397177696228,0.067828088998794556,0.033916115760803223,0.67110460996627808,0.53035038709640503,0.094351768493652344,-0.066360116004943848,0.76114368438720703,-0.50085407495498657,2.1943228244781494
-0.020857959985733032,-0.035879373550415039,-0.44664901494979858,-0.36092886328697205,-0.068495228886604309,0.006701931357383728,-0.23540878295898438,0.063163042068481445,0.040720641613006592,-0.026054263114929199,0.25800323486328125,0.48697900772094727,-0.0011873692274093628,0.055830210447311401,0.56188398599624634,-0.94950735569000244,-0.018865354359149933,-0.026087284088134766,-0.273092120885849,-0.21543484926223755,-0.022870898246765137,0.058031439781188965,0.75758087635040283,-0.45880740880966187,1.6829825639724731
-0.050566554069519043,-0.073203623294830322,-0.025094389915466309,-0.40296149253845215,-0.016906946897506714,-0.03250616043806076,0.34307849407196045,0.11834841966629028,-0.074245810508728027,0.020033359527587891,-1.0906065702438354,0.14692041277885437,0.058888107538223267,0.061443477869033813,0.54237663745880127,-0.25713598728179932,0.023702993988990784,-0.023957967758178711,-0.22386592626571655,-0.20000380277633667,-0.052457273006439209,-0.089296698570251465,-0.19919717311859131,-1.3191165924072266,1.9416896104812622
0.08173823356628418,-0.092302799224853516,0.046090483665466309,-0.38215732574462891,0.080525174736976624,-0.09041731059551239,0.35754847526550293,-0.7521480917930603,-0.026095092296600342,-0.036604166030883789,-0.17523646354675293,-0.47371131181716919,0.060605347156524658,0.065814673900604248,0.2104756236076355,-0.25349551439285278,0.029259592294692993,-0.013704001903533936,-0.26292416453361511,-0.1882319450378418,-0.028150320053100586,-0.082029223442077637,-0.20187509059906006,0.039824813604354858,1.1835359334945679
0.06019437313079834,0.0044111013412475586,0.10771036148071289,0.82143008708953857,0.066888093948364258,-0.069882512092590332,0.15987056493759155,-0.70203584432601929,0.092800378799438477,0.05127561092376709,-0.10009372234344482,-0.49935534596443176,0.014653921127319336,-0.015337944030761719,0.22922301292419434,-1.0387579202651978,-0.051223874092102051,0.082538127899169922,-1.0242019891738892,0.54947179555892944,-0.048717141151428223,0.077412843704223633,-0.44588792324066162,0.97428536415100098,2.2665278911590576
0.063604950904846191,0.014522552490234375,0.080260515213012695,0.46337604522705078,-0.061081215739250183,0.055618956685066223,0.10174053907394409,0.98095011711120605,-0.028485655784606934,0.037870854139328003,-0.6108664870262146,-0.65386027097702026,-0.019957840442657471,-0.0092036724090576172,0.15863513946533203,-1.0309487581253052,0.015221297740936279,0.10262429714202881,0.6014215350151062,0.17127153277397156,0.043084621429443359,0.074809134006500244,-0.51726961135864258,0.97955948114395142,2.1754670143127441
-0.073818325996398926,0.0014206171035766602,-0.77250194549560547,0.18630892038345337,0.029129683971405029,-0.01824621856212616,0.84718751907348633,0.98569589853286743,-0.065839767456054688,0.030125081539154053,-0.12351012229919434,-0.59779179096221924,0.00070172548294067383,0.036769390106201172,0.21148961782455444,0.0063100755214691162,-0.057859361171722412,-0.042012453079223633,0.5926971435546875,0.20834645628929138,0.06819617748260498,0.00081968307495117188,-0.024456918239593506,-0.56964147090911865,1.8657305240631104
0.077601075172424316,0.020556509494781494,-0.76652061939239502,0.11501449346542358,-0.013932198286056519,0.0942879319190979,0.79904472827911377,1.3283030986785889,0.017655491828918457,0.061502218246459961,0.85352951288223267,-0.19275176525115967,-0.079953610897064209,0.096454977989196777,-0.34301447868347168,0.014204621315002441,-0.057902514934539795,-0.056052207946777344,0.23341894149780273,0.13431647419929504,0.024477124214172363,0.040535271167755127,-0.10890042781829834,0.071738839149475098,2.0051825046539307
0.054375648498535156,-0.02351677417755127,-0.27176386117935181,-0.42158037424087524,0.077101945877075195,0.10581040382385254,0.62997657060623169,1.3492867946624756,0.06785285472869873,-0.046812891960144043,0.84661853313446045,-0.1864892840385437,-0.091686010360717773,0.048063039779663086,-0.37177008390426636,-0.048372149467468262,0.026165366172790527,-0.093389630317687988,0.56611675024032593,-0.41148388385772705,-0.047163128852844238,0.089188545942306519,-0.48107808828353882,0.36616349220275879,2.0674118995666504
-0.032275915145874023,-0.028878122568130493,-0.88817238807678223,-0.040186643600463867,-0.079845607280731201,0.085662484169006348,0.60906249284744263,0.10279858112335205,-0.0066465139389038086,-0.044426411390304565,-0.61647474765777588,-0.36029618978500366,-0.098014891147613525,-0.0396462082862854,-0.34565913677215576,-0.10383070260286331,-0.0070326328277587891,0.076580405235290527,-0.10588538646697998,1.4249879121780396,0.056915998458862305,0.00050756707787513733,-0.53597027063369751,0.31718719005584717,2.0687482357025146
0.061168789863586426,-0.039900720119476318,0.71619445085525513,0.25068849325180054,0.037518024444580078,-0.020425319671630859,1.2319498062133789,0.17166709899902344,-0.0055623054504394531,0.050643697381019592,-0.1986691802740097,0.24572008848190308,0.083960294723510742,0.081962108612060547,-0.42778381705284119,1.136554479598999,-0.081101536750793457,-0.010379195213317871,-0.14023447036743164,1.3744828701019287,0.058641910552978516,-0.020985826849937439,-0.092338800430297852,-0.03966975212097168,2.3771004676818848
-0.027322173118591309,0.041042640805244446,0.71712374687194824,0.33318203687667847,0.000949859619140625,-0.006812751293182373,1.1896435022354126,0.46381115913391113,0.048829078674316406,0.032556794583797455,0.10320356488227844,-0.14193832874298096,0.057906866073608398,0.024225234985351562,-0.16881072521209717,1.0724406242370605,-0.03819352388381958,0.033456087112426758,0.36593356728553772,0.34466841816902161,-0.034155607223510742,0.012205302715301514,-0.47641068696975708,0.38007324934005737,2.0255751609802246
-0.07211458683013916,-0.051341131329536438,-0.39804983139038086,-0.26511186361312866,-0.059594213962554932,-0.067300021648406982,-0.20764189958572388,0.45684733986854553,0.073508739471435547,0.042556732892990112,0.10395452380180359,-0.11293292045593262,0.089658737182617188,0.078300014138221741,-0.15698599815368652,0.51342916488647461,0.026919901371002197,0.023061156272888184,0.47634834051132202,0.28262799978256226,0.035254478454589844,0.090666830539703369,0.43130183219909668,0.47247934341430664,1.2475706338882446
0.04214167594909668,-0.01566651463508606,0.88990157842636108,0.56753838062286377,0.055779457092285156,0.042066097259521484,-0.2262682318687439,0.64677226543426514,0.00010704994201660156,-0.0044321715831756592,-0.35575318336486816,-0.72138166427612305,-0.035462260246276855,0.054204538464546204,-1.1054081916809082,0.45508450269699097,-0.034979701042175293,0.061530888080596924,-0.20181918144226074,0.17596283555030823,-0.019344210624694824,0.096567630767822266,0.4340517520904541,0.44590556621551514,2.0357480049133301
0.034502387046813965,0.036421537399291992,-0.010824859142303467,0.80094313621520996,0.061254382133483887,0.05505061149597168,0.15344902873039246,0.67434322834014893,0.016265630722045898,0.055886387825012207,-0.061409235000610352,-0.093145191669464111,-0.053763866424560547,0.027140691876411438,-1.1174803972244263,0.076199650764465332,0.05841517448425293,0.00022411346435546875,-0.19964639842510223,0.18308418989181519,-0.044562816619873047,-0.085128903388977051,-0.32258164882659912,-1.1605483293533325,1.9849932193756104
0.094234466552734375,0.060140609741210938,-0.082352042198181152,0.80159538984298706,0.055725157260894775,0.026259392499923706,0.1918061226606369,-0.37844845652580261,0.047239542007446289,-0.090031176805496216,0.42911496758460999,-0.91315895318984985,-0.081135392189025879,-0.077006816864013672,-0.73649334907531738,0.041451737284660339,-0.05904543399810791,-0.012819409370422363,-1.0795689821243286,0.083106860518455505,0.021556496620178223,-0.084611892700195312,0.43564069271087646,-0.56152516603469849,2.0296244621276855
-0.02122950553894043,-0.029816389083862305,-0.9491579532623291,-0.58046114444732666,0.089186787605285645,0.025193169713020325,0.52805107831954956,-0.35589519143104553,0.016901731491088867,-0.033498167991638184,0.43242567777633667,-0.8501816987991333,0.019983768463134766,0.0019676703959703445,-0.78027582168579102,0.30295789241790771,-0.052717804908752441,-0.051796525716781616,-0.26517820358276367,0.019520476460456848,0.076936960220336914,-0.1006622314453125,0.56925970315933228,-0.34386497735977173,1.9493598937988281
-0.051992535591125488,0.019885540008544922,-0.29754292964935303,0.20475468039512634,-0.073739528656005859,0.041662037372589111,0.55353802442550659,0.032950282096862793,-0.012897133827209473,-0.0345572829246521,0.0095680952072143555,-0.43256855010986328,-0.060200691223144531,0.060346059501171112,-1.1886407136917114,0.25480389595031738,0.0052436590194702148,0.026731930673122406,0.23357200622558594,0.71210324764251709,0.07925868034362793,0.021943926811218262,0.59641283750534058,-0.31330880522727966,1.7733771800994873
-0.076569199562072754,0.034274101257324219,0.0023438930511474609,0.39778980612754822,0.091229379177093506,0.035230174660682678,1.1496231555938721,0.070015721023082733,-0.006216883659362793,-0.026260256767272949,-0.0038406848907470703,0.30179968476295471,0.039157390594482422,0.080858632922172546,-1.1330246925354004,-0.12473361939191818,-0.082656621932983398,-0.061235412955284119,0.16586783528327942,0.70324486494064331,0.0021942853927612305,-0.029462814331054688,-0.81057119369506836,-0.47054594755172729,2.0766656398773193
0.056130826473236084,-0.052584469318389893,-0.019088506698608398,0.43613618612289429,0.071033298969268799,0.03339049220085144,1.1786433458328247,-0.062046624720096588,-0.036640346050262451,-0.038193583488464355,-0.36638689041137695,-0.1513231098651886,0.066101789474487305,0.092831403017044067,-0.13295447826385498,-0.18849456310272217,-0.015615165233612061,0.079873017966747284,0.20427730679512024,1.637865424156189,0.028272390365600586,0.035935878753662109,-0.1640470027923584,0.39780730009078979,2.1771650314331055
0.011959373950958252,0.082042038440704346,-0.24228489398956299,1.0136971473693848,-0.079600393772125244,0.024907954037189484,-0.81000471115112305,-0.1100572943687439,0.022701084613800049,-0.097518026828765869,-0.32696449756622314,-0.1729939877986908,0.05767136812210083,0.023864492774009705,-0.11673033237457275,-0.6608542799949646,-0.071332693099975586,0.030045807361602783,-0.43457978963851929,0.20485496520996094,0.039789259433746338,0.027171969413757324,0.15336775779724121,-0.11371758580207825,1.626355767250061
0.037623018026351929,0.0075101256370544434,-0.063199639320373535,-0.34938722848892212,0.013780772686004639,0.0057789869606494904,-0.78286153078079224,-0.55147665739059448,-0.068634137511253357,-0.013200104236602783,-1.2087092399597168,0.39410018920898438,-0.078663110733032227,0.091203451156616211,-1.0265494585037231,-0.72582858800888062,-0.09420013427734375,-0.078627586364746094,0.14036238193511963,-0.46641713380813599,0.057255581021308899,0.055902600288391113,0.19935572147369385,-0.15442347526550293,2.1408805847167969
0.082934513688087463,0.060885190963745117,0.4841533899307251,0.31089353561401367,-0.065577089786529541,0.061096824705600739,-0.51240956783294678,-0.59617358446121216,-0.061010170727968216,0.02119600772857666,-0.5910942554473877,0.67408806085586548,-0.025626182556152344,-0.068029940128326416,-0.97864025831222534,-1.4913508892059326,-0.061265408992767334,0.0095188617706298828,0.18875133991241455,-0.42024976015090942,-0.061266899108886719,-0.017409443855285645,-0.68780720233917236,-0.52581310272216797,2.4356656074523926
-0.0085815079510211945,0.066568493843078613,0.43323767185211182,0.35772818326950073,-0.019535064697265625,-0.026106793433427811,-0.49709665775299072,-1.0742937326431274,-0.01254938542842865,0.0051233172416687012,0.42446130514144897,0.32508832216262817,-0.10068857669830322,0.0425911545753479,-0.64174127578735352,-1.4902212619781494,-0.04888916015625,-0.0077045857906341553,0.4949241578578949,-0.47209596633911133,-0.00010034441947937012,0.082181930541992188,0.17123651504516602,0.27631068229675293,2.2881696224212646
0.04851038008928299,-0.029766499996185303,0.37033456563949585,-0.93619287014007568,0.031147599220275879,-0.000644683837890625,0.30952256917953491,-1.0562500953674316,0.054969966411590576,0.016037940979003906,0.43956339359283447,0.32197406888008118,0.088523805141448975,-0.0634726881980896,-0.56673574447631836,-1.0012564659118652,0.078325152397155762,-0.065896421670913696,1.177147388458252,-0.82569849491119385,-0.043615221977233887,0.057354450225830078,-0.37066376209259033,-0.35016047954559326,2.4916141033172607
0.02959325909614563,0.044593691825866699,-0.12770545482635498,0.45753419399261475,0.0035436749458312988,-0.095123238861560822,0.34800264239311218,-0.84095680713653564,-0.013707160949707031,-0.045458555221557617,-0.72631239891052246,-0.5353577733039856,0.092829287052154541,-0.02836376428604126,-0.01332390308380127,-0.95903456211090088,0.1060386598110199,-0.049450933933258057,0.17108660936355591,0.20272403955459595,0.053394734859466553,0.080204188823699951,-0.34843158721923828,-0.35999619960784912,1.7765042781829834
-0.070804893970489502,0.057935804128646851,-1.1225872039794922,-0.0025396347045898438,0.048662632703781128,0.040177375078201294,0.43691059947013855,-0.79465252161026001,0.075470209121704102,-0.01045072078704834,0.56439518928527832,-0.0095895528793334961,-0.065136656165122986,0.076429188251495361,-0.06220400333404541,0.88027322292327881,-0.026071205735206604,-0.095422148704528809,0.19542419910430908,0.19047072529792786,0.057295680046081543,-0.066412568092346191,0.018701434135437012,-0.94951868057250977,2.0498979091644287
-0.091087460517883301,0.034095272421836853,-1.0673964023590088,-0.11342191696166992,0.069285124540328979,0.028348103165626526,0.40280789136886597,0.00043042749166488647,0.056288063526153564,0.080378472805023193,0.011570334434509277,0.25338864326477051,0.049993820488452911,-0.053585261106491089,0.72853189706802368,0.89325273036956787,-0.078576751053333282,0.070445328950881958,-0.41383731365203857,1.6022226810455322,0.070371389389038086,-0.021047472953796387,-0.22824311256408691,0.14978909492492676,2.3594400882720947
0.057983815670013428,0.059905733913183212,0.7509920597076416,0.59045815467834473,-0.026274353265762329,0.078086555004119873,-0.89954304695129395,-0.017217144370079041,0.031086981296539307,0.063179105520248413,0.013278543949127197,0.21878945827484131,0.055489763617515564,0.041353523731231689,0.64451086521148682,1.2625447511672974,0.008458256721496582,0.081514060497283936,0.32699519395828247,0.44400650262832642,0.079237937927246094,0.08815351128578186,0.31122922897338867,0.49324393272399902,2.1137726306915283
-0.060824751853942871,-0.017794862389564514,-0.56316989660263062,-0.4686734676361084,0.0063998401165008545,0.028809875249862671,-0.84724831581115723,-0.17263075709342957,0.035965442657470703,0.025206446647644043,-0.16534501314163208,-0.13628005981445312,-0.083938181400299072,0.055272370576858521,-0.94848024845123291,1.2444777488708496,0.025029420852661133,-0.070583686232566833,0.57522869110107422,-1.0203975439071655,-0.057520151138305664,0.023514349013566971,0.2898935079574585,0.48116636276245117,2.3436601161956787
0.071699023246765137,0.036742359399795532,0.704903244972229,0.10327231884002686,0.01692144013941288,0.035178422927856445,0.012101054191589355,-0.18167564272880554,-0.0063418149948120117,-0.0028063654899597168,-0.11971297860145569,-0.093038082122802734,-0.099318861961364746,-0.028678417205810547,-0.8762550950050354,-0.24477744102478027,-0.0768604576587677,-0.034057214856147766,0.65379035472869873,-0.97539788484573364,0.072951555252075195,0.033172264695167542,1.116646409034729,0.03726959228515625,2.0126605033874512
-0.021530508995056152,-0.039641261100769043,0.67596709728240967,0.11022388935089111,-0.057544052600860596,-0.07793089747428894,0.0082332491874694824,-0.65875506401062012,0.013510167598724365,0.0094974637031555176,0.20604126155376434,-0.10751044750213623,-0.077220946550369263,-0.079233422875404358,0.21678060293197632,-0.18364334106445312,-0.031173288822174072,-0.023173712193965912,0.25401121377944946,-0.029472589492797852,0.090452194213867188,-0.06849515438079834,0.36101827025413513,-1.0097122192382812,1.5137356519699097
0.030212640762329102,0.08001631498336792,0.63263946771621704,1.2025880813598633,0.0032751262187957764,0.041374564170837402,0.4256742000579834,-0.61620640754699707,-0.00051659345626831055,0.02818983793258667,0.18319952487945557,-0.10534167289733887,-0.087017238140106201,0.063382625579833984,0.18827539682388306,1.0069664716720581,0.062788605690002441,-0.0015305764973163605,0.56672120094299316,0.1657562255859375,0.080089092254638672,-0.043181359767913818,-0.14019151031970978,0.13263034820556641,1.9801480770111084
0.023541867733001709,-0.027006685733795166,-0.072759836912155151,-0.46867048740386963,0.018162012100219727,-0.070296503603458405,0.41085967421531677,-0.65157824754714966,0.090401411056518555,0.019598305225372314,1.1399043798446655,-0.23797595500946045,0.0018900632858276367,0.032281506806612015,0.94368219375610352,1.0190430879592896,-0.026319801807403564,-0.084769777953624725,-0.66513049602508545,-0.87599259614944458,-0.061461567878723145,0.044575512409210205,-0.12270119786262512,0.17361676692962646,2.321220874786377
0.080312907695770264,-0.078949213027954102,0.39204737544059753,-0.4856792688369751,0.04523921012878418,0.046524956822395325,0.2098659873008728,-0.60692036151885986,-0.038045108318328857,-0.039753973484039307,-0.33798167109489441,-0.62887287139892578,0.032173514366149902,-0.0047703385353088379,0.9784313440322876,-0.15285277366638184,-0.052118957042694092,0.042057663202285767,-0.61319398880004883,-0.86665827035903931,-0.04114985466003418,-0.068529367446899414,0.0485343337059021,-0.94316840171813965,2.0840504169464111
-0.067560732364654541,0.00020074844360351562,0.38009485602378845,-0.49067676067352295,0.060964912176132202,0.0055927075445652008,0.24189960956573486,-0.34590071439743042,-0.021535575389862061,0.038702249526977539,-0.061818867921829224,0.61472785472869873,-0.077263891696929932,0.025776207447052002,-0.69574451446533203,-0.13530611991882324,-0.047382473945617676,0.057854056358337402,0.12718844413757324,-0.027625918388366699,-0.072759628295898438,-0.098497271537780762,0.1189308762550354,-0.30911147594451904,1.2694917917251587
-0.038927853107452393,-0.0052448511123657227,0.19580221176147461,0.23787087202072144,0.022885739803314209,-0.033591181039810181,-0.071559786796569824,-0.39940321445465088,-0.078447222709655762,-0.087237834930419922,-0.086833745241165161,0.56545418500900269,-0.0018395781517028809,0.051760017871856689,-0.67058646678924561,-0.13782095909118652,-0.079273045063018799,-0.004600822925567627,0.024400442838668823,-0.67088013887405396,-0.053871989250183105,0.02533721923828125,0.4484131932258606,1.0630025863647461,1.6931450366973877
-0.0078766047954559326,0.037744283676147461,0.24459940195083618,0.1811295747756958,0.036321341991424561,0.066263951361179352,-0.15948677062988281,0.87814819812774658,0.022181510925292969,0.055320978164672852,0.50996112823486328,1.1017765998840332,0.01974719762802124,-0.037289679050445557,-0.32614094018936157,-0.17035353183746338,-0.093775570392608643,-0.039347410202026367,0.055016458034515381,-0.11492693424224854,-0.067062079906463623,0.015639543533325195,0.36886906623840332,1.0920559167861938,1.9675050973892212
0.0046342909336090088,-0.070374131202697754,0.11691838502883911,-0.47320538759231567,-0.054375648498535156,-0.077951937913894653,-0.99491333961486816,0.82628965377807617,-0.081504285335540771,-0.064549446105957031,-0.50303888320922852,-0.4499756395816803,0.0025824904441833496,-0.086470484733581543,-0.34092581272125244,-0.47726345062255859,0.060515940189361572,-0.073229014873504639,0.054789543151855469,-0.10106968879699707,0.002022862434387207,0.084517836570739746,0.40730893611907959,1.1605125665664673,2.0698108673095703
-0.056416139006614685,0.083158731460571289,0.12355762720108032,-0.50544095039367676,-0.025154232978820801,0.0038018524646759033,-1.0105122327804565,0.65776628255844116,-0.036700576543807983,0.052681207656860352,0.48219680786132812,0.99577629566192627,0.027575552463531494,-0.050193309783935547,0.21976053714752197,-0.41154634952545166,0.092179596424102783,-0.05427241325378418,0.5428498387336731,0.55003339052200317,-0.037065207958221436,0.064739227294921875,0.10838508605957031,-0.14473742246627808,1.9573837518692017
-0.02798905223608017,-0.019118785858154297,0.56901699304580688,-0.79056745767593384,0.025954961776733398,-0.001495659351348877,0.0050792694091796875,0.60653573274612427,0.0094752609729766846,-0.05497896671295166,0.43546611070632935,1.032149076461792,0.04642409086227417,0.084065735340118408,0.13199186325073242,1.0008945465087891,-0.019476592540740967,-0.081032097339630127,-0.76556700468063354,0.008109748363494873,-0.0014296174049377441,0.013766765594482422,0.74405932426452637,-0.6398279070854187,2.2718544006347656
-0.05093684047460556,-0.054379820823669434,-0.26653373241424561,-0.17165881395339966,0.017004251480102539,0.05818253755569458,-0.036955457180738449,0.72006189823150635,-0.078412190079689026,-0.077914714813232422,-0.784809410572052,0.13545696437358856,-0.051639437675476074,0.079842567443847656,-0.89526212215423584,0.94689130783081055,-0.017792165279388428,-0.053916275501251221,-0.11012384295463562,0.32602033019065857,-0.072457440197467804,0.0057392120361328125,0.76664316654205322,-0.63531380891799927,2.0252180099487305
0.064606666564941406,-0.052672505378723145,0.67337220907211304,-0.010442078113555908,0.06025463342666626,0.015613555908203125,-0.0056010782718658447,0.7250780463218689,0.068040795624256134,-0.027209281921386719,0.94315177202224731,0.53736227750778198,-0.058112233877182007,-0.0063114166259765625,-0.82140088081359863,-0.57523185014724731,0.039208352565765381,0.044431328773498535,-0.12072694301605225,0.34565341472625732,-0.083613649010658264,0.044480323791503906,0.15666055679321289,-0.11134904623031616,1.834741473197937
-0.040206730365753174,-0.0045064687728881836,0.65831762552261353,0.075418770313262939,0.0016393065452575684,-0.063610672950744629,-0.021516993641853333,-0.28887873888015747,-0.054895102977752686,0.0069699287414550781,-0.77437853813171387,0.55163180828094482,0.053282737731933594,0.059228420257568359,0.79130148887634277,-0.51588630676269531,0.069411098957061768,0.046557307243347168,0.52611100673675537,0.015245139598846436,0.060831129550933838,-0.069647312164306641,1.0007859468460083,-0.51398736238479614,1.9729808568954468
0.026798248291015625,-0.076886534690856934,0.7020384669303894,-0.54658931493759155,-0.062075257301330566,-0.0092071294784545898,-0.72557342052459717,-0.32090660929679871,-0.098855972290039062,-0.022984743118286133,-0.765220046043396,0.53518247604370117,0.040294632315635681,0.028005003929138184,0.84705662727355957,-0.5582726001739502,0.062335997819900513,-0.015201807022094727,-0.0088364779949188232,-0.42761492729187012,0.064970135688781738,-0.068231821060180664,0.60058498382568359,-0.064648628234863281,1.9764351844787598
0.088888823986053467,0.04469609260559082,0.50139468908309937,0.70073556900024414,0.073198258876800537,-0.011182785034179688,-0.6988595724105835,-0.35031437873840332,0.0094670951366424561,0.084644317626953125,0.28285950422286987,1.3379243612289429,0.016444370150566101,-0.010382771492004395,0.13908237218856812,-0.55110567808151245,0.022006303071975708,0.02859032154083252,-0.57974803447723389,-0.14766426384449005,0.064619541168212891,0.035319924354553223,0.576424241065979,-0.033261656761169434,2.065838098526001
0.052148044109344482,0.078364729881286621,0.10146337747573853,0.10858047008514404,-0.062998533248901367,-0.036640286445617676,-0.95067059993743896,-0.38776162266731262,0.088437438011169434,-0.0098618268966674805,0.71369087696075439,-0.066498994827270508,0.070077575743198395,-0.055214524269104004,0.12534540891647339,-0.23212596774101257,-0.0060426890850067139,0.050224900245666504,-0.54421389102935791,-0.19521200656890869,0.047449588775634766,0.011284947395324707,0.00360870361328125,-0.24224340915679932,1.44483482837677
0.035764336585998535,0.085312604904174805,0.13726180791854858,0.12992978096008301,0.040425330400466919,-0.059026360511779785,-0.93072319030761719,-0.3139776885509491,0.055383145809173584,0.020704805850982666,0.10764876008033752,0.48497414588928223,-0.032424494624137878,0.018332004547119141,-0.46729773283004761,-0.29564648866653442,0.043176829814910889,0.028223037719726562,-0.032607108354568481,-0.58389556407928467,-0.046728730201721191,0.00091576576232910156,-0.65059232711791992,-0.23835909366607666,1.5487412214279175
0.055111408233642578,-0.041274070739746094,0.20650258660316467,-1.104155421257019,0.085909381508827209,-0.076057910919189453,0.43621289730072021,-0.23635968565940857,0.026338160037994385,-0.011223793029785156,0.034161478281021118,0.49974101781845093,0.065825939178466797,-0.018280863761901855,-0.47232526540756226,-0.23501810431480408,0.062779948115348816,0.025228381156921387,0.47611039876937866,-0.29117220640182495,-0.07361912727355957,0.047629117965698242,-0.25959274172782898,0.2117159366607666,1.5800367593765259
-0.013889789581298828,0.029755473136901855,-0.86235207319259644,0.26037693023681641,0.027129188179969788,-0.075499176979064941,0.40893900394439697,-0.21736350655555725,-0.012109577655792236,-0.02416074275970459,-0.51059365272521973,0.031766176223754883,-0.00020992755889892578,-0.088067412376403809,-0.76453828811645508,-0.24292990565299988,0.03747868537902832,0.02759397029876709,0.028649240732192993,0.22356998920440674,-0.063725829124450684,0.0093849897384643555,-0.26645153760910034,0.23003709316253662,1.4588377475738525
-0.051271438598632812,0.051487386226654053,-0.75643479824066162,0.40938937664031982,-0.068204715847969055,-0.0012998580932617188,-0.31715238094329834,-0.19886200129985809,-0.097589969635009766,0.019643217325210571,-0.43859252333641052,0.2395702600479126,-0.050267934799194336,0.072795510292053223,-0.82305145263671875,1.4362165927886963,-0.051098257303237915,0.06147921085357666,0.060954391956329346,0.23851150274276733,0.066263198852539062,0.037115633487701416,1.037315845489502,0.26516413688659668,2.261986255645752
-0.066999435424804688,0.0087063014507293701,-0.75489962100982666,0.38441789150238037,-0.070615783333778381,-0.04528963565826416,-0.26201170682907104,-0.36798995733261108,-0.034708023071289062,0.00079396367073059082,0.70704197883605957,0.21289122104644775,-0.090902447700500488,-0.01184380054473877,-0.36894762516021729,1.452228307723999,-0.007724761962890625,-0.015384316444396973,0.23430556058883667,-0.40812188386917114,-0.037754654884338379,0.051413893699645996,-0.83202230930328369,0.22778630256652832,2.168691873550415
-0.048905134201049805,-0.052933111786842346,0.18207570910453796,-0.35766351222991943,0.078534349799156189,0.079336762428283691,1.4541831016540527,-0.25921601057052612,-0.049509942531585693,-0.039525806903839111,0.66630285978317261,0.27433633804321289,0.05423891544342041,0.040298223495483398,-0.42442348599433899,0.3542323112487793,0.06666332483291626,0.042886674404144287,0.24162687361240387,0.43159657716751099,0.067230343818664551,-0.015952885150909424,0.2695574164390564,-0.58591580390930176,1.9661287069320679
0.015969514846801758,0.04475819319486618,0.31474366784095764,0.32086634635925293,-0.062657624483108521,0.075414121150970459,1.4776778221130371,-0.020796835422515869,-0.053598582744598389,-0.086948856711387634,-0.087628841400146484,-0.64953076839447021,0.044106960296630859,0.046420574188232422,-0.5394357442855835,0.29712474346160889,0.090632110834121704,-0.063496172428131104,0.29608500003814697,-0.78669059276580811,0.038088560104370117,-0.091975286602973938,0.33403640985488892,-0.6159588098526001,2.107349157333374
0.044068574905395508,0.055319890379905701,0.12411201000213623,0.38436567783355713,-0.083063125610351562,-0.005408167839050293,-0.017740458250045776,-0.074559032917022705,0.016992390155792236,-0.0032358542084693909,0.46118053793907166,0.29505157470703125,-0.027485132217407227,0.018554449081420898,-0.49599772691726685,-0.37911826372146606,0.0017526745796203613,0.013955414295196533,0.36993381381034851,-0.79722189903259277,0.083522558212280273,0.075835525989532471,0.2159917950630188,1.3579294681549072,1.8835592269897461
0.072254419326782227,0.012957453727722168,0.062085866928100586,0.40510523319244385,-0.01295006275177002,0.031008601188659668,0.0093779712915420532,0.097769975662231445,-0.050864756107330322,0.030969291925430298,-0.21210336685180664,0.64242231845855713,0.014787793159484863,0.012067496776580811,0.55712747573852539,-0.3535035252571106,0.072433352470397949,0.087098121643066406,0.87741768360137939,0.20717728137969971,-0.056871175765991211,-0.015597671270370483,-0.59923839569091797,-0.033212542533874512,1.5067763328552246
-0.035429656505584717,0.026137888431549072,-0.75671970844268799,0.37371277809143066,-0.08340907096862793,-0.073583841323852539,-0.61277782917022705,0.10099571943283081,-0.051924645900726318,0.011154085397720337,-0.22821128368377686,0.61603248119354248,-0.046861529350280762,-0.018118709325790405,0.52702200412750244,-0.21489167213439941,0.072803199291229248,-0.083686947822570801,0.58577525615692139,-0.8054349422454834,0.073935270309448242,-0.080473363399505615,0.53953045606613159,-0.62945294380187988,1.8911776542663574
0.050186872482299805,-0.016125977039337158,0.54711729288101196,-0.22446584701538086,0.055420756340026855,0.023607134819030762,-0.59222131967544556,0.49374741315841675,-0.094390630722045898,-0.061322063207626343,-0.27200371026992798,-0.20936357975006104,-0.06493687629699707,0.030777812004089355,-0.10105282068252563,-0.22845470905303955,0.015582442283630371,-0.062785148620605469,-0.31031328439712524,-0.25781476497650146,-0.0038411617279052734,0.065817832946777344,0.52371311187744141,-0.57916140556335449,1.3891352415084839
-0.0040753483772277832,-0.046545147895812988,0.035987496376037598,-0.36629992723464966,-0.090242266654968262,0.049592971801757812,-1.603432297706604,0.3780512809753418,0.037716269493103027,-0.094778478145599365,1.0174518823623657,0.14797109365463257,0.0098391175270080566,0.081707403063774109,-0.13410648703575134,0.16040778160095215,0.070856958627700806,-0.03244335949420929,-0.33659815788269043,-0.3008958101272583,-0.025005161762237549,0.036477923393249512,-0.2529987096786499,-0.037765741348266602,2.0633645057678223
0.068382978439331055,0.063010454177856445,0.093279838562011719,-0.38988620042800903,-0.025780200958251953,0.026368767023086548,-1.5285394191741943,-0.29190248250961304,-0.052797466516494751,-0.023119688034057617,-0.19343811273574829,0.61547046899795532,-0.032735228538513184,-0.065128222107887268,0.061941951513290405,0.14205968379974365,0.013258934020996094,-0.014724109321832657,-0.82767784595489502,0.029913187026977539,-0.014656722545623779,-0.023105382919311523,-0.28741621971130371,-0.19331824779510498,1.961708664894104
-0.041321717202663422,-0.088981032371520996,-0.68223023414611816,-1.2739865779876709,0.02687537670135498,0.01442071795463562,0.106061190366745,-0.26794630289077759,-0.013169914484024048,0.095304727554321289,-0.17034339904785156,0.61541974544525146,-0.010588109493255615,0.0021168291568756104,0.096595227718353271,0.41043698787689209,0.0034512877464294434,0.012421280145645142,-0.59990721940994263,0.45114004611968994,-0.086483404040336609,0.07511448860168457,-0.884307861328125,0.56806278228759766,2.111492395401001
-0.04399619996547699,-0.022729992866516113,-0.26561129093170166,-0.01549685001373291,-0.053867489099502563,-0.065023884177207947,0.087123692035675049,-0.36987799406051636,-0.063178762793540955,0.096972823143005371,-0.40964937210083008,-0.17926284670829773,-0.052635252475738525,-0.049376696348190308,-0.70788079500198364,0.42160189151763916,-0.075004994869232178,-0.079244673252105713,-0.36957281827926636,-0.89213621616363525,0.04491136223077774,-0.020477652549743652,-0.92106890678405762,0.51774340867996216,1.7847762107849121
0.012880951166152954,0.038457989692687988,0.63784027099609375,0.41131493449211121,-0.018017053604125977,-0.065953619778156281,-0.016880929470062256,-0.39869606494903564,0.031059049069881439,-0.075859189033508301,0.38940912485122681,-1.6171032190322876,0.071978509426116943,0.027258396148681641,-0.73416733741760254,0.43482577800750732,0.08796064555644989,-0.002962261438369751,-0.35766315460205078,-0.93354982137680054,-0.051877707242965698,0.058184027671813965,-0.61847925186157227,0.39253193140029907,2.4080743789672852
-0.058745980262756348,-0.011212825775146484,0.63304626941680908,0.47028282284736633,-0.066393405199050903,-0.055564090609550476,-0.048466682434082031,0.31038117408752441,0.064483650028705597,-0.067663848400115967,0.44509375095367432,-0.093838915228843689,0.053331911563873291,0.05690079927444458,-0.28467726707458496,0.41063910722732544,0.015582352876663208,-0.00056183338165283203,-0.67639666795730591,-0.272560715675354,-0.0031053423881530762,0.037349581718444824,0.32043802738189697,-0.079118475317955017,1.3584768772125244
0.079621553421020508,-0.043721318244934082,1.174951434135437,-0.19566327333450317,-0.066384360194206238,-0.080382674932479858,-0.26996707916259766,0.27243053913116455,0.054425537586212158,-0.040823817253112793,0.4009634256362915,-0.097157634794712067,0.019310116767883301,0.032989263534545898,-0.23429787158966064,-0.35967153310775757,0.074781350791454315,-0.085724115371704102,0.21431201696395874,-0.92098701000213623,-0.05071491003036499,-0.063736319541931152,-0.2824409008026123,-1.0682051181793213,2.0199337005615234
-0.06168055534362793,0.040642499923706055,-1.0812647342681885,0.39674252271652222,-0.043276026844978333,-0.049463540315628052,-0.29359632730484009,0.18555140495300293,0.084541290998458862,-0.065289080142974854,0.10640472173690796,-0.1677582859992981,-0.067538194358348846,0.095037579536437988,-1.0399093627929688,-0.44354593753814697,0.094192638993263245,-0.085673511028289795,-0.1320730447769165,-0.058472037315368652,-0.035652875900268555,0.012557864189147949,-0.25658822059631348,-1.0460538864135742,1.9995310306549072
0.073581457138061523,-0.029603719711303711,0.62832319736480713,-0.24239391088485718,0.083349406719207764,0.088585972785949707,0.8133544921875,0.23994725942611694,0.05411374568939209,-0.09412837028503418,0.043232142925262451,0.031602472066879272,-0.015528649091720581,-0.058516621589660645,-0.96592187881469727,-1.076836109161377,-0.041162639856338501,-0.049648821353912354,-0.13911616802215576,-0.059802234172821045,0.021332979202270508,0.035021781921386719,-0.0074926614761352539,-0.021003007888793945,1.8259027004241943
0.021265745162963867,0.090290486812591553,0.62300276756286621,-0.17348176240921021,-0.0037622600793838501,0.050428926944732666,0.78623068332672119,-0.21727222204208374,-0.067547023296356201,0.0022338628768920898,-0.91726171970367432,0.69921422004699707,0.082781583070755005,0.088776588439941406,0.42525160312652588,-1.0736197233200073,-0.02040255069732666,-0.05994802713394165,0.13228768110275269,0.018576681613922119,0.026923418045043945,0.056805014610290527,-0.22825777530670166,0.23924481868743896,1.9781231880187988
-0.072865009307861328,-0.053248822689056396,-0.90617400407791138,-1.1286944150924683,0.051160514354705811,-0.035846531391143799,0.87094241380691528,-0.13287171721458435,-0.075525641441345215,-0.002338707447052002,-0.94361591339111328,0.65646219253540039,-0.084251761436462402,-0.033592820167541504,0.50378251075744629,-1.330704927444458,-0.046859562397003174,0.079909682273864746,-0.41886091232299805,1.1792337894439697,0.08613431453704834,-0.075579404830932617,0.21825659275054932,-0.83569550514221191,2.9286482334136963
0.040606021881103516,-0.013090759515762329,0.57424867153167725,0.089678525924682617,0.086705386638641357,0.024193286895751953,0.84724026918411255,0.7681814432144165,-0.045792877674102783,0.038798749446868896,0.25608035922050476,0.83665317296981812,-0.037576794624328613,0.049413919448852539,0.38775920867919922,-1.30828857421875,-0.014775276184082031,-0.074346005916595459,0.04520726203918457,-1.0935224294662476,0.012030124664306641,-0.017801523208618164,0.28711360692977905,-0.85387659072875977,2.5112199783325195
0.045650720596313477,0.001133352518081665,0.084809213876724243,0.40628457069396973,-0.042745888233184814,0.05021214485168457,-1.0394625663757324,0.71688723564147949,-0.052741169929504395,0.035530328750610352,-0.15712615847587585,0.27366715669631958,0.038830697536468506,0.080424904823303223,0.38645964860916138,0.20904231071472168,0.03592216968536377,0.082124531269073486,0.10971730947494507,-1.0917009115219116,0.016242265701293945,0.033695101737976074,-0.28846538066864014,0.5362321138381958,1.9135818481445312
-0.033454060554504395,-0.007622942328453064,0.078162573277950287,0.41575872898101807,0.085181653499603271,-0.040138781070709229,-0.97560089826583862,-0.80192244052886963,-0.055884361267089844,-0.067843317985534668,-0.011448562145233154,-0.51943212747573853,0.042534708976745605,-0.09055095911026001,0.52810460329055786,0.17586924135684967,0.049323320388793945,-0.050622522830963135,-0.082423508167266846,-1.1850414276123047,0.036062002182006836,-0.047365903854370117,-0.048287689685821533,-0.33062386512756348,1.9780508279800415
-0.039678812026977539,-0.044176533818244934,-0.18469129502773285,-0.20762765407562256,-0.039199709892272949,0.061057686805725098,-1.4387781620025635,-0.8542710542678833,-0.036185860633850098,-0.028221607208251953,0.060074187815189362,-0.46864998340606689,0.029926896095275879,-0.082140743732452393,0.51910853385925293,0.49351248145103455,0.040504813194274902,-0.010254323482513428,-0.047333359718322754,0.17740212380886078,0.02022242546081543,-0.040648028254508972,-0.42483142018318176,-0.2282181978225708,1.9753416776657104
0.00068271160125732422,-0.093003600835800171,-0.04451453685760498,-0.20453226566314697,-0.095230698585510254,-0.046277105808258057,-1.3518118858337402,-0.9785914421081543,-0.065187573432922363,-0.072167679667472839,-0.20571711659431458,-0.66146790981292725,0.016008377075195312,0.06937938928604126,0.19943976402282715,0.49889591336250305,-0.060307502746582031,0.064846694469451904,-0.76999783515930176,0.54501885175704956,0.054386377334594727,0.028136923909187317,-0.41788014769554138,-0.24984991550445557,2.1841142177581787
-0.036329269409179688,0.0021370351314544678,-0.10066640377044678,0.89399170875549316,0.027463912963867188,0.0090230107307434082,0.68983668088912964,-0.94798409938812256,0.083209872245788574,-0.062658295035362244,1.0287710428237915,-0.067976951599121094,0.03828585147857666,-0.012809574604034424,0.18531692028045654,-0.29936832189559937,0.024886369705200195,0.085486888885498047,-0.73886221647262573,0.53014183044433594,0.030774354934692383,0.056183338165283203,-0.011576712131500244,-0.053621292114257812,2.0560898780822754
0.091443419456481934,0.034033894538879395,-0.14080774784088135,0.90513640642166138,0.059718847274780273,-0.079908460378646851,0.76625537872314453,-1.1777161359786987,-0.0079294443130493164,0.030214026570320129,-0.57736647129058838,0.95107936859130859,0.092102766036987305,-0.096783578395843506,0.11139577627182007,-0.26959586143493652,-0.065242409706115723,0.062342047691345215,-0.42356297373771667,-0.12874343991279602,0.079307317733764648,-0.045082926750183105,0.40573304891586304,-0.61930191516876221,2.2215206623077393
0.075119137763977051,0.083678007125854492,-0.36750650405883789,0.82723480463027954,-0.041183590888977051,-0.05708429217338562,-0.82789456844329834,-1.214942455291748,0.027760505676269531,-0.0009517371654510498,-0.63324248790740967,0.94714343547821045,-0.084600210189819336,-0.00028127431869506836,0.040527194738388062,0.45985716581344604,-0.030477523803710938,0.092628210783004761,0.17290577292442322,0.22143474221229553,0.019256591796875,0.032358288764953613,-0.42527443170547485,0.52057135105133057,2.2492885589599609
0.015287041664123535,-0.028978526592254639,-0.49307423830032349,-0.67781126499176025,-0.095408082008361816,-0.088533192873001099,-0.83071619272232056,-0.37645116448402405,0.0067480802536010742,-0.036125540733337402,-0.013773620128631592,-0.095547199249267578,-0.0039974451065063477,0.061767280101776123,0.87249106168746948,0.527565598487854,0.0056498050689697266,0.083064168691635132,0.3835969865322113,0.039846450090408325,0.067686796188354492,0.081347823143005371,-0.44353312253952026,0.49435973167419434,1.7928787469863892
-0.03103482723236084,-0.086707115173339844,-0.67239642143249512,-0.38110208511352539,-0.013368606567382812,-0.083983302116394043,0.64223372936248779,-0.31065934896469116,0.0063904523849487305,-0.035051941871643066,0.012699902057647705,0.26914459466934204,0.0072464942932128906,0.091325238347053528,0.83822101354598999,0.14884680509567261,0.062080264091491699,0.059450060129165649,0.35339868068695068,0.067464262247085571,-0.025710225105285645,0.046279191970825195,-0.67691802978515625,-0.45426833629608154,1.653265118598938
-0.030235528945922852,0.04578244686126709,-0.69036847352981567,-0.44773218035697937,-0.006148219108581543,0.045155271887779236,0.56969952583312988,1.0273929834365845,0.023997008800506592,0.017916440963745117,0.29394769668579102,0.58776915073394775,-0.081889629364013672,-0.070336014032363892,-0.55815953016281128,0.15762889385223389,-0.052227973937988281,0.073089450597763062,-0.53230637311935425,0.24695560336112976,0.078262686729431152,-0.060018777847290039,0.88353514671325684,-0.97139620780944824,2.2202363014221191
0.004306793212890625,-0.029340982437133789,-0.048056721687316895,-0.74829155206680298,-0.067779660224914551,-0.042284101247787476,-0.38473975658416748,1.0239814519882202,0.080981969833374023,-0.062354564666748047,0.26863861083984375,0.59554439783096313,-0.099432468414306641,-0.04958188533782959,-0.50668132305145264,-0.021168410778045654,0.069429159164428711,-0.023377805948257446,1.0905596017837524,-0.78098499774932861,0.065300464630126953,-0.0042209625244140625,0.22568225860595703,0.36884701251983643,2.1139457225799561
-0.031370282173156738,-0.042387604713439941,-0.35045301914215088,-0.42910018563270569,-0.09082186222076416,-0.016999006271362305,-0.34461510181427002,0.15983414649963379,0.091187864542007446,0.051512539386749268,0.19453322887420654,1.0491588115692139,0.051431059837341309,0.044737279415130615,1.0850557088851929,0.0291748046875,0.05571138858795166,-0.067834824323654175,0.095483481884002686,-0.90816247463226318,-0.062849164009094238,0.071001052856445312,0.17345190048217773,0.40981358289718628,1.9605010747909546
-0.065043151378631592,0.021401166915893555,-0.59474170207977295,0.098010599613189697,-0.065128087997436523,0.0044791698455810547,0.41248270869255066,0.17998325824737549,0.036333769559860229,0.0073438882827758789,-0.029199361801147461,-0.27180624008178711,0.0022768974304199219,-0.060648202896118164,1.0597575902938843,-0.62209188938140869,0.069107294082641602,-0.056640565395355225,0.15666359663009644,-0.90949535369873047,-0.074932873249053955,-0.067541599273681641,0.27761030197143555,-0.72739380598068237,1.9080718755722046
-0.085528641939163208,0.080381393432617188,-0.60436534881591797,0.065593957901000977,-0.0032925605773925781,-0.0858478844165802,0.44842725992202759,-0.35351502895355225,0.047220807522535324,-0.058656811714172363,-0.12712776660919189,-0.4853648841381073,-0.082458019256591797,-0.01953732967376709,-0.50097310543060303,-0.60396647453308105,0.070080280303955078,-0.091920256614685059,-0.14564251899719238,-0.49698594212532043,-0.0277366042137146,-0.044483661651611328,0.06378483772277832,-0.14265987277030945,1.3805269002914429
-0.031952138990163803,0.077170491218566895,-0.057867050170898438,0.10851925611495972,0.071124672889709473,0.01687285304069519,1.0018512010574341,-0.32381018996238708,-0.066893443465232849,-0.0035766363143920898,-0.086710810661315918,-0.48994559049606323,0.051462769508361816,-0.09180450439453125,-0.46497344970703125,-0.91605675220489502,-0.0014843940734863281,0.035781443119049072,-0.49261963367462158,0.96878600120544434,0.085134007036685944,-0.019411087036132812,0.9588470458984375,0.49776297807693481,2.1935760974884033
-0.09267018735408783,0.091642856597900391,-0.46124637126922607,-0.067078769207000732,-0.039832115173339844,0.018464148044586182,0.97654974460601807,0.31517970561981201,0.058342218399047852,0.026723861694335938,0.77561581134796143,0.054042607545852661,0.0082074999809265137,-0.03954625129699707,-0.24179911613464355,-0.93567174673080444,-0.022264182567596436,0.073596686124801636,-0.62600791454315186,0.51727199554443359,-0.07247006893157959,-0.047215461730957031,0.91886186599731445,0.55421876907348633,2.1581618785858154
0.070081532001495361,-0.03195035457611084,0.77641308307647705,-0.99537074565887451,0.016816973686218262,0.05932772159576416,0.35594058036804199,0.34017151594161987,-0.020850718021392822,-0.013270378112792969,-0.4220086932182312,-0.51321995258331299,0.0022494792938232422,0.05266261100769043,-0.23302209377288818,0.73351740837097168,-0.049181044101715088,-0.00097608566284179688,-0.68523681163787842,0.50836467742919922,0.078613340854644775,0.030605196952819824,1.0050270557403564,1.0320683717727661,2.3865692615509033
0.040494024753570557,0.045476794242858887,0.85140061378479004,-0.89864969253540039,0.020535707473754883,0.083877623081207275,0.30455696582794189,0.52183175086975098,0.063001692295074463,-0.00013029575347900391,0.48062217235565186,-0.12010395526885986,-0.086967229843139648,-0.062117338180541992,-0.86583983898162842,0.63582521677017212,0.0064072608947753906,0.079407036304473877,0.14964985847473145,1.0243033170700073,0.044540286064147949,-0.066963434219360352,-0.26013302803039551,-0.75483191013336182,2.246173620223999
