1.000000000000000000e+00,0.000000000000000000e+00,0.000000000000000000e+00,0.000000000000000000e+00,0.000000000000000000e+00,0.000000000000000000e+00,0.000000000000000000e+00,0.000000000000000000e+00,0.000000000000000000e+00,0.000000000000000000e+00,0.000000000000000000e+00,0.000000000000000000e+00,0.000000000000000000e+00,0.000000000000000000e+00,0.000000000000000000e+00,0.000000000000000000e+00,0.000000000000000000e+00,0.000000000000000000e+00,0.000000000000000000e+00,0.000000000000000000e+00,0.000000000000000000e+00,0.000000000000000000e+00,0.000000000000000000e+00,0.000000000000000000e+00
9.724369814180759963e-01,1.518365200436027074e-01,-1.000000000000000056e-01,0.000000000000000000e+00,-9.446337952408440097e-02,-3.155366028365741426e-02,0.000000000000000000e+00,0.000000000000000000e+00,2.859441494672937401e-02,-6.990265967639591738e-02,0.000000000000000000e+00,0.000000000000000000e+00,5.475323446032985542e-02,-9.466126419471408704e-02,0.000000000000000000e+00,0.000000000000000000e+00,-1.065654571069903356e-01,9.225275061389043296e-02,0.000000000000000000e+00,0.000000000000000000e+00,1.043116960871498244e-01,2.562885568849641166e-02,0.000000000000000000e+00,0.000000000000000000e+00
9.209112713568927688e-01,5.803033877866431434e-02,-1.966205954108008747e-01,-2.015664171676110825e-02,-8.940903083277287888e-03,-6.136669516726313278e-02,9.446337952408441138e-03,3.155366028365741773e-03,-6.371550161401867696e-02,5.067099468996832945e-02,-2.859441494672937487e-03,6.990265967639592432e-03,-3.585822459273514673e-02,-1.174726011873350462e-03,-5.475323446032985542e-03,9.466126419471409051e-03,-6.139743891204720028e-02,1.362591298160276410e-01,1.065654571069903425e-02,-9.225275061389042949e-03,2.412803750017578075e-02,-1.272646972983808578e-01,-1.043116960871498348e-02,-2.562885568849641426e-03
8.715864678951967814e-01,1.661244008429967889e-01,-2.864841865278237032e-01,-3.561200099185155704e-02,-1.492709888307369448e-01,-1.493886040022858464e-01,1.012465184299536636e-02,9.742139787767938042e-03,-8.625939287787272314e-02,8.491541735958893500e-02,3.182300717333603427e-03,1.737410229131556606e-03,-1.587470436605276092e-02,-7.547506474244661256e-02,-2.326133589838957384e-03,9.252328056726575461e-03,1.424480579373493538e-01,-1.101692791632655211e-02,1.718866035429296446e-02,-2.226375618025105280e-02,-2.530332763945095792e-02,-1.367782589221153144e-02,-1.265152442034521429e-02,9.660812579436045544e-03
7.266385306510961817e-01,1.473616658048077510e-01,-3.700867613814812218e-01,-6.624937084908875951e-02,7.117510579453895092e-02,-7.392371997708781228e-02,2.450418813451702565e-02,2.512379454348900865e-02,3.001708226795957168e-02,6.616924274296975828e-02,1.170200977048541091e-02,-6.606701870123188325e-03,3.173035978988640593e-02,6.010975811871618890e-02,-1.184286273727118335e-03,1.662650463804867668e-02,1.203462149220557997e-01,-1.117561379805484534e-02,3.943925852904846610e-03,-2.016854700471605935e-02,-5.743134304282088154e-02,-1.060241256082007366e-01,-1.052279087793264387e-02,1.033923937375164255e-02
6.418829483611422360e-01,1.837055282215213359e-01,-4.371500193324729389e-01,-9.897711236099257515e-02,-3.286179625942678428e-02,-1.502475659170005029e-01,1.598458757157349489e-02,3.357821024630167073e-02,-1.297683012856661738e-02,-3.038857052274465675e-02,8.955936605557102137e-03,-1.260051986260757317e-02,1.077457660838248704e-01,-7.124291258003247196e-02,-5.176777297783236899e-03,1.045303418714858823e-02,4.959149460872848414e-02,3.705297129815590673e-02,-7.112290581313808133e-03,-1.872918383079013455e-02,-1.092879493157403181e-02,-1.123922984879175135e-01,-5.228258086709194896e-03,2.035393054385150474e-02
6.864556129787087180e-01,5.398018918197455829e-02,-4.936922988441864724e-01,-1.384703615821138989e-01,-1.734167722284455371e-01,-2.844988946029247678e-03,1.750132585466063206e-02,4.918865198843788700e-02,-1.125499406663340862e-01,-7.466389326785408120e-02,1.082443748931380574e-02,-9.037770820904657276e-03,1.263090244733282852e-01,5.103577362086061942e-02,-1.643892558020574116e-02,1.725475170120598090e-02,6.092962608907265959e-02,5.120104478963860561e-02,-1.109572278021552123e-02,-2.267147238358558844e-02,-4.406743904738712886e-02,-1.461272310933311447e-01,-5.115000046644372148e-03,3.120633375876748911e-02
6.818944107372753027e-01,2.897154683232501249e-01,-5.523755331089864606e-01,-1.675568351280948831e-01,6.783507381939835046e-03,-5.318754077784853401e-02,3.228780523508874289e-02,5.003699418344147165e-02,-1.372413109072396775e-01,5.195490604209575258e-02,2.246143160348913759e-02,-9.767687345432277124e-04,1.355841424609401658e-01,1.247738670974863906e-01,-2.982547366030142630e-02,1.122615343210841068e-02,1.284754449515064512e-01,1.859307261975616243e-01,-1.599209764816882096e-02,-2.820209945134452209e-02,-1.513705946429386717e-01,-1.711196626981010827e-01,-2.228272204364998774e-03,4.537024092409372433e-02
6.283906088423640846e-01,2.288486067300897209e-01,-6.087905229771541915e-01,-2.229539091800774586e-01,5.639117466559456782e-03,5.282314563845892652e-02,2.891993372755562869e-02,5.664963561665659758e-02,5.230346942276040134e-02,-2.073187451536583764e-02,3.609417950915133622e-02,-5.049168383192778435e-03,1.576519094271715271e-01,-1.879026445763948283e-02,-4.375632002075949267e-02,-2.804401483064315748e-03,3.058818204362988291e-02,1.306476236157305681e-02,-2.733750744173204378e-02,-4.741472939005865472e-02,-7.688005392840445429e-02,-1.087436052557040067e-01,1.066641427124187524e-02,6.208869223615411104e-02
3.839782721118008557e-01,3.137807326525862694e-01,-6.567487185196889676e-01,-2.747246280338241919e-01,6.246851775323505884e-02,1.810393730972358062e-02,2.535864053270904875e-02,5.245252095528242509e-02,-1.923342944893478845e-02,-8.468056993188888271e-02,3.089002337287727329e-02,-1.149559591801804694e-03,6.260385823455327792e-02,2.549944420274310314e-02,-5.910940154119204148e-02,-3.083898028228557360e-03,4.345544095320566513e-02,2.084369785771314487e-01,-2.786805527590611661e-02,-4.978525458519119512e-02,-5.136603665017350218e-03,-1.915405852936407083e-01,1.520029266798955843e-02,7.310661610914558073e-02
4.209291415207182530e-01,2.696512915344118078e-01,-6.773922990403675737e-01,-3.370509308473644272e-01,-1.723695062014221624e-02,2.593334335439700239e-02,1.634531990467895726e-02,5.157637671865214490e-02,-1.722398998428193578e-02,-1.306659406198394380e-01,3.267805721876395481e-02,8.861818023089551577e-03,7.279403017617423755e-02,1.322101051441655073e-01,-6.484811313767772922e-02,-8.554131053372694693e-03,-6.953021669131004279e-02,1.898007544079223230e-01,-2.956413716890991458e-02,-7.170461468386235548e-02,4.566176755817012017e-02,-1.295262274845318529e-01,1.198365509756385040e-02,9.256105430762087694e-02
3.997991340713667463e-01,3.130072998320239108e-01,-6.985028551608988279e-01,-3.956025357896850170e-01,-2.252560348561452250e-02,-1.183396062853024483e-01,1.540227892372766395e-02,4.947451964864289092e-02,-3.040575802099665381e-02,-5.696246520737188734e-02,3.375614105160216344e-02,2.349827027865637047e-02,2.048258506231360743e-01,1.086773706389975447e-01,-7.129804973405844126e-02,-2.494673053860455361e-02,2.208877955506684254e-02,1.872398072401982305e-01,-1.886103744213571756e-02,-9.170811821227153882e-02,-1.054534109363473027e-01,-5.090573552182636741e-02,2.739756151151750280e-03,1.055328725340061030e-01
3.619856323487799510e-01,2.867960328844012530e-01,-7.144571047945499354e-01,-4.591747306964275577e-01,-1.007533149106496495e-01,-5.664431447671244846e-03,1.509850447929135184e-02,6.176615694044223365e-02,-1.881995134075708787e-01,-8.646228493135937887e-02,3.541781485337709007e-02,3.072678785734759763e-02,1.176906475102590249e-01,1.611374659664177589e-01,-9.009577635805943174e-02,-3.920466852163853599e-02,5.541664328755789570e-02,6.696128893036167040e-02,-1.639175647411159065e-02,-1.107986205988052836e-01,-1.566639644460768310e-01,-1.103347768525433092e-01,8.019886855068516368e-03,1.101021156668611223e-01
1.353027393637234455e-01,1.608143142001198511e-01,-7.233691541781037682e-01,-5.205230820187551899e-01,-1.535529226583893514e-01,-3.826447920300642819e-02,2.200813214621112970e-02,6.269858054895709187e-02,-2.194255629032189348e-01,-4.053952574509872564e-02,5.248903682342274946e-02,4.094288118520937603e-02,1.914729183564073400e-01,1.474351286126588945e-01,-9.935380773371461915e-02,-5.955458344763379930e-02,1.576829349756789789e-01,8.102962041206451804e-02,-1.632127931675659768e-02,-1.176195206241118646e-01,-1.225914589522541093e-01,-5.313087891990672662e-02,1.816094428040994357e-02,1.208483722107477898e-01
7.692592871871449522e-02,1.225004497741911669e-01,-7.065065358400675066e-01,-5.693341935191458258e-01,-1.209679788073169671e-01,5.116540015078860359e-02,3.410829717908245989e-02,6.722881404907737890e-02,-1.708510693465144226e-01,-1.750076161837600397e-01,7.206844722251778967e-02,4.735199195026846414e-02,2.330790854678343460e-01,2.514161208836662720e-01,-1.149203799718933883e-01,-7.886786471047393943e-02,1.095683666857835692e-01,1.559342862908400240e-01,-2.613866781675428658e-02,-1.258012477614669500e-01,-6.447774435634588686e-02,-2.807674885057320768e-02,2.429715171820314573e-02,1.263115924858557448e-01
-3.773693370009097159e-02,1.894767532922381204e-01,-6.814839363194908906e-01,-6.131711989329581280e-01,-1.057321460431373539e-02,2.081440035056374427e-01,4.264928332216168932e-02,6.338957156742615340e-02,-3.863009218772957276e-02,-6.978187839134049331e-02,8.634968400602785477e-02,6.814165847987908864e-02,1.598044153942294876e-01,2.771771337757664155e-01,-1.335901256941465498e-01,-1.092330276533971245e-01,1.381759922408018482e-01,8.563037533647338551e-02,-3.067655062306803154e-02,-1.419106786415945121e-01,4.080851801571507009e-03,-1.661736430542499754e-01,2.431206743803348419e-02,1.295405112439082518e-01
-1.323554720818857777e-02,1.051442614372602030e-01,-6.429709572885619062e-01,-6.621883138207164121e-01,-8.723118143788925749e-02,8.674028949180553894e-02,4.028849906067480391e-02,4.430113353727609116e-02,-5.130721790218122080e-02,-1.121817142794917233e-01,8.628596831947986379e-02,7.898941468638212560e-02,9.636959869052105776e-02,2.466480347623195568e-01,-1.433060162842665075e-01,-1.429135302600573476e-01,4.667895791631848645e-03,1.145984928140293402e-01,-3.724579997279250931e-02,-1.511150085676404853e-01,1.124478245033105062e-01,-2.811281834601640772e-02,1.731045680415473770e-02,1.465597416985777168e-01
-1.636162068206521991e-01,4.117413247860560177e-02,-6.047104762502729658e-01,-7.005515060563034524e-01,-1.419159393293694671e-01,7.124848622161966682e-02,4.655748765324933813e-02,3.735460592872589386e-02,-1.881981413898303201e-01,-1.391513518687677309e-01,8.695090441838426720e-02,9.400639324198739599e-02,-1.681309745739328898e-02,1.197597170733580019e-01,-1.449429572946928924e-01,-1.738144290733287800e-01,-7.571064820485362556e-03,1.120180797893960967e-01,-2.996557612517750796e-02,-1.634854859046457332e-01,-3.253383425115699557e-02,-9.064383658112223907e-02,-1.330588452464253300e-03,1.493186530161393077e-01
-1.536136855374935217e-01,-6.460528416968899790e-02,-5.497425337497592324e-01,-7.303759535115545987e-01,-1.774418071649409012e-01,1.090765241297262655e-01,5.860133989918735187e-02,3.231229880821361033e-02,-2.331116841777941817e-01,-2.208572711770714070e-01,1.005539968323781869e-01,1.116598315568181343e-01,-1.989948893547125591e-02,8.815607562273888864e-02,-1.337147303471635240e-01,-1.919153566813395217e-01,-1.276468951541587515e-01,1.238975645639726481e-01,-2.089163692462453481e-02,-1.751587963740805776e-01,8.052001969057132058e-02,-1.135887667015057223e-01,-5.494515347550898814e-03,1.573864580425500259e-01
-2.776935832022386363e-01,-6.749037426255270755e-02,-4.946341834247302560e-01,-7.467030722297058887e-01,-1.457877275431464781e-01,2.552600746835831380e-01,7.437348677079039239e-02,2.411754618343157908e-02,-2.259228041663923214e-01,-2.439319974814496694e-01,1.176857786135539624e-01,1.380503431325392494e-01,1.024819067332972400e-01,2.338820153919425049e-01,-1.213476703727845440e-01,-2.061847541990396160e-01,-2.104981987392005871e-02,-3.915504857556610652e-02,7.138578750688490127e-04,-1.874960725416861262e-01,-3.859162341745951685e-02,-1.384492128034137681e-01,-2.133909320858993000e-02,1.674914137114227042e-01
-2.588175416836261955e-01,-9.322464324570003957e-02,-4.266492790349297182e-01,-7.598994146236057734e-01,-5.517673520913247975e-02,1.421686466253526682e-01,8.728947320730573445e-02,2.139847472017696040e-03,-1.370987431014359659e-01,-2.890556927261456188e-01,1.326795263677303660e-01,1.674358490858720572e-01,-5.801042361790698099e-02,2.383875640884073333e-01,-1.205861937831511910e-01,-2.343228200677767714e-01,-8.234836854533397754e-03,5.081736929105243328e-02,1.213855219319945680e-02,-1.823767744569035343e-01,-9.700945281862327629e-02,-7.487998855226327133e-02,-2.567629716731295933e-02,1.792315005087435908e-01
-2.697535661307956523e-01,-1.490481749772031850e-01,-3.603193418432537598e-01,-7.670592210480512430e-01,-1.282861055824614793e-01,1.604238899550889386e-01,9.215682924213834670e-02,-7.749454115946893817e-03,-6.311302389568662630e-02,-2.975858059468315941e-01,1.372361033756784032e-01,2.018962602068776202e-01,-1.051897239991733540e-01,2.225199579150952955e-01,-1.023809258189025406e-01,-2.626982435968150398e-01,-5.094364783765595317e-02,-5.275502124726606790e-02,2.195597845998258080e-02,-1.857184677718435872e-01,-1.073679677686713435e-01,-7.860797016435874807e-02,-2.472852625826117007e-02,1.843258233728196083e-01
-2.096931332748765975e-01,-2.831529692987720948e-01,-2.929530494200617841e-01,-7.652934803971969124e-01,-1.988260448245667833e-01,9.816954316037190820e-02,1.047965876365207771e-01,-1.916060641373486251e-02,-2.367089699614490228e-01,-2.453940308480749843e-01,1.326520036073759456e-01,2.372215569929835288e-01,-4.427320140354690237e-02,1.285541173706049589e-01,-7.816005844545033387e-02,-2.884047523666008472e-01,-1.134253364552382237e-01,4.952456519329485884e-02,3.614929523866701466e-02,-1.781938802523748699e-01,-1.377493288493253920e-01,-9.457201421312995404e-02,-2.300414959256954703e-02,1.898083340830171162e-01
-2.613331832626221152e-01,-3.653542002554952539e-01,-2.321003715912433041e-01,-7.467781439005723998e-01,-2.044723923248774611e-01,9.746371599196113067e-02,1.249790567052010692e-01,-2.364664694581931209e-02,-6.891516547386292157e-02,-4.668513250337739118e-01,1.436993387214499651e-01,2.668795965703193995e-01,-1.216627833713479490e-01,1.333878023862496709e-01,-5.890338218109941737e-02,-3.033499978810105802e-01,-9.015825428729443147e-02,-8.838865875058558169e-03,5.612814497139748809e-02,-1.802383051040405970e-01,-1.414499146865216272e-01,-9.667993923547518742e-02,-1.852502615050868190e-02,1.969388405983166501e-01
-3.420471248549526999e-01,-3.315376294064707463e-01,-1.673836292402858805e-01,-7.171318564674935558e-01,-2.167127451563750917e-01,3.546960957796471692e-02,1.458234933421155843e-01,-2.703048000949924423e-02,-1.536918984905016605e-01,-3.860471119999738798e-01,1.364235658828854281e-01,3.190479483503730895e-01,-1.382601770549080344e-01,6.580201334789123613e-02,-3.128451107374803641e-02,-3.177278551344522861e-01,-5.568340093865797868e-02,-1.197890493211243579e-01,7.375746676657629619e-02,-1.754401018399221746e-01,-1.082653427064511620e-01,-6.637277921403700320e-02,-1.405835302066875750e-02,2.044584555829986883e-01
-3.961490812197416833e-01,-5.166331188183905798e-01,-9.647305134325857845e-02,-6.878335960066407351e-01,-8.074867469339744308e-02,2.082709978962497543e-01,1.679303606783739133e-01,-2.315722598598536630e-02,4.843714844305588296e-02,-4.002269312883219299e-01,1.350764751180925649e-01,3.624489929676246169e-01,-1.114336805961540500e-01,9.177898756044056139e-02,-1.462985176106452317e-03,-3.238840610440019141e-01,-1.591454471119603531e-01,-1.687346684887000570e-02,8.759084028662304788e-02,-1.587000736075348806e-01,-1.872881619811444520e-01,-1.649680219262431580e-01,-1.331191873069344743e-02,2.091226268344396622e-01
-3.773190322581637113e-01,-6.704281862021389538e-01,-2.205112303583203759e-02,-6.366819691218418287e-01,-1.850178872158024790e-01,1.780062266284107853e-01,1.761104559500976940e-01,-3.548887290753310886e-02,8.993206014672613935e-03,-4.272580659826918925e-01,1.113665439353980768e-01,4.069305957342654878e-01,-2.228289060490188378e-01,1.865726344820779481e-01,2.579621981991975926e-02,-3.311165834726869650e-01,-2.608635024345408449e-02,-5.166096007464818229e-02,1.108517424139566360e-01,-1.516679789534303990e-01,-1.219873404795352168e-01,-1.255753711677058959e-01,-4.899802322197730278e-03,2.236543798791049975e-01
-5.026352266869668073e-01,-5.730980296270700158e-01,4.748031016497854251e-02,-5.667685678442430097e-01,-2.150995856615743607e-01,1.424218997411191845e-01,1.952797536098030973e-01,-4.431040857722326476e-02,-6.491742716660220403e-02,-4.420989215621933810e-01,8.953667869476507335e-02,4.526590534501762075e-01,-8.324182191491222294e-02,6.389915808297183530e-02,6.438476710677708270e-02,-3.464278070886273042e-01,-1.249465278075876373e-01,-2.830099881356742259e-02,1.203120901943124932e-01,-1.400441898807808783e-01,-2.075557858507610931e-02,-2.964790509068260249e-02,-3.792846774882442824e-03,2.345746537814218380e-01
-3.175330246728178540e-01,-7.529817176358787334e-01,1.256333242963625363e-01,-5.035660235168902821e-01,-6.402261927850075307e-02,9.899304734041770859e-02,2.177764707581827108e-01,-4.856525712795304456e-02,-8.019530077116648892e-02,-3.553128691140549633e-01,7.295982776089721122e-02,4.985010645025143017e-01,-3.938592875445368069e-02,1.270098570430424623e-01,8.953558526348691371e-02,-3.474572739254151998e-01,-8.618161788411800306e-02,3.112739216342025328e-02,1.390214582109255415e-01,-1.303583629595231608e-01,-3.833853542137240916e-02,-2.650804547682424073e-02,-1.335902898498762814e-02,2.358891853366064106e-01
-4.791184179467729010e-01,-8.119904254031150570e-01,1.816460886335400648e-01,-4.188823858157412761e-01,-1.894281164189459410e-01,9.363521166225929893e-02,2.252369067900225619e-01,-4.733194893167604750e-02,-6.643701114183420131e-02,-2.897160044350977626e-01,5.573433650477918611e-02,5.345544623956417496e-01,-1.857893668075513705e-01,-1.161210998640679892e-03,1.101952939492319289e-01,-3.535406484227175405e-01,-7.575247503241028246e-02,4.820070508542620424e-02,1.532560814757708834e-01,-1.257453128413097698e-01,-1.340232509070868328e-01,-3.125179347959634868e-02,-2.117267988786453170e-02,2.364058147912068142e-01
-4.083838744259136178e-01,-8.124612794030316998e-01,2.492570666428508552e-01,-3.260400343889812147e-01,-9.766447400024692860e-02,-4.971101050697188106e-02,2.451300740655245058e-01,-4.519953522827230286e-02,-6.535728484003447414e-02,-3.813472572610802080e-01,3.544741702397797428e-02,5.629669022059033967e-01,2.921254536044376460e-02,-8.006863946741306359e-03,1.456691408191654324e-01,-3.457416052556673836e-01,-4.498509992319528472e-02,7.525715757653211879e-02,1.661296876213270712e-01,-1.221604517060064926e-01,-1.710521541716615301e-01,6.451045810511116252e-02,-1.939486409963134261e-02,2.370050278582806480e-01
-2.398679456870148052e-01,-9.179003348891842107e-01,3.047562638644355504e-01,-2.303668138086438777e-01,-1.550876966883618646e-02,5.208912657586456385e-02,2.556168775164830986e-01,-2.775650127388630539e-02,1.327773982053090385e-01,-3.566752891054487118e-01,1.376598555351240746e-02,5.993565621916165931e-01,1.215949232062223107e-02,-6.398453912549265099e-02,1.590339123492966467e-01,-3.355424820893388449e-01,-8.031443786488122460e-02,1.940671471769592205e-02,1.756680656890272363e-01,-1.206633700782171609e-01,-1.529677278421673059e-01,3.957654643153087765e-02,-1.395503440785037658e-02,2.281126926501524932e-01
-2.945529480907104203e-01,-8.743261210310001585e-01,3.383002317815730353e-01,-1.219858607616750301e-01,9.863034120120880988e-02,5.988518990808555653e-02,2.569553266915201584e-01,-2.008066139194830332e-02,8.352517052652579099e-02,-1.745536372380883938e-01,-2.940347067734084760e-02,6.319740650400641480e-01,1.554908337554700148e-03,-1.972663995257421810e-02,1.735135115811963502e-01,-3.191445137068439908e-01,3.182718875561879601e-02,6.093350071508518706e-02,1.886054939413261966e-01,-1.131162299610157379e-01,-1.047897932146827915e-01,9.323209427104128810e-02,-9.915328161298024578e-03,2.220396791638588885e-01
-2.618077561568591394e-01,-9.307917438973880575e-01,3.717139129136726727e-01,-1.696951570520112418e-02,1.007673573231689657e-01,1.004274049710029287e-01,2.464898061385207839e-01,-1.316569527138415283e-02,2.678584987095666836e-01,-2.831805009637974879e-01,-6.900077914067592744e-02,6.440293495334810103e-01,-5.385267565563791464e-02,4.858489389445276585e-02,1.881478771524457971e-01,-3.065544424502626986e-01,-1.354970415589151211e-01,5.362446861497512096e-02,1.898728275612041605e-01,-1.091254179037003669e-01,-1.049858401809243280e-01,-8.050990200673778519e-02,-1.041657656153494385e-02,2.108398461825540249e-01
-3.772370731364729779e-01,-7.866513511796420222e-01,3.964224212567253880e-01,9.470069084909496504e-02,9.211592987431896362e-02,5.067583684461064719e-02,2.355319143639135193e-01,-1.086848726030701859e-02,1.470876405819790400e-01,-1.256662655800911965e-01,-1.273841965695331480e-01,6.649030335162904315e-01,-8.082431206042902522e-03,-1.489995920735650292e-01,2.076057110431007990e-01,-3.001462081618861966e-01,6.712850151263116683e-02,-7.085969969317866546e-02,2.076662247490875524e-01,-1.043655451247541416e-01,-1.847641923084357984e-01,1.484156244978405703e-01,-1.033813043071033985e-02,2.170590722628243929e-01
-2.073351155099524834e-01,-8.137861196097890826e-01,4.269665540237009838e-01,1.924897896028434641e-01,1.753652103574498966e-01,1.002062843729492198e-01,2.253932043390362849e-01,-4.155371233091819869e-03,1.277190053195016717e-01,-2.400780715702267032e-01,-1.743647856742415181e-01,6.669918281232855017e-01,4.981143804026758048e-02,-1.367296646265978577e-01,2.220465973625213585e-01,-2.730518190819297697e-01,-1.203923327304176616e-02,3.339124390434099199e-02,2.048494885023793843e-01,-8.630205060063053657e-02,-2.406405834782597009e-01,9.006086657718288813e-02,-2.591619360280921283e-03,2.003508946430989646e-01
-3.214198247406351294e-01,-8.030103286364375093e-01,4.354671278817177082e-01,2.939019952348889131e-01,1.874909972131105773e-03,3.804840528997877058e-02,2.066588982754848647e-01,-2.941326574519006337e-03,1.212587753333962959e-01,-2.280885763705270408e-01,-2.192196494598667167e-01,6.781724481300503982e-01,4.170980825884998411e-02,-2.575805907227521896e-01,2.292607140186889159e-01,-2.466351048339325835e-01,6.961724460780890911e-02,1.384976389954512832e-01,2.090687811703322296e-01,-7.891628056772821698e-02,-9.315284042785940133e-02,3.043449257813901632e-02,1.152515805925190782e-02,1.899675351250917354e-01
-3.435858065948967921e-01,-9.062443642411767142e-01,4.502799868017418050e-01,3.940274522101859800e-01,1.284248828032772960e-01,6.070098130953559268e-02,2.053299819072076926e-01,3.549286133697545243e-03,3.283403353291446392e-01,-9.206878967312540074e-02,-2.637050094483628371e-01,6.858538241066691743e-01,7.487134400664674505e-03,-1.089884896834992789e-01,2.359263418131883894e-01,-2.079391439650896678e-01,1.183385266531661317e-01,1.501830552517879336e-01,2.047288419384389879e-01,-8.187734598840444578e-02,-1.500354513820802149e-01,1.476914434898223827e-01,1.132156254874554582e-02,1.863135378925117325e-01
-2.079821215991979888e-01,-7.870689093938962877e-01,4.622379159038453311e-01,5.045890702393160954e-01,-1.177717024462954232e-02,1.576007104938301207e-01,1.910315712677480571e-01,7.668111180633612259e-03,2.830114293342087528e-01,-6.957038689376159046e-02,-3.290033299805353861e-01,6.776731061743060947e-01,1.398110371751971059e-01,-1.553245379299449114e-01,2.440483571315579248e-01,-1.840120278046477320e-01,2.030102003341538730e-01,5.215826358614912561e-02,1.956910702606356744e-01,-8.620432728673771416e-02,-1.377115746201963420e-01,1.923614721068822031e-01,1.698920964931505129e-02,1.709464889415181210e-01
-3.510797026680955724e-01,-7.676205231403862017e-01,4.550627484331193906e-01,6.031388969063973260e-01,3.852994076744435670e-02,2.020599327318070015e-01,1.906376309744082231e-01,1.360240307650223412e-03,1.701264905468199973e-01,-8.787922867834307983e-03,-3.889550580334998897e-01,6.640462434784236700e-01,1.236011256559606947e-01,-1.550918827158009605e-01,2.376974806480796898e-01,-1.551964903475859803e-01,1.290208218596839429e-01,6.741644178985849167e-02,1.784576261517037687e-01,-8.115131533563446631e-02,-2.385073467665825286e-01,1.386370320818755830e-01,2.215335557326120891e-02,1.514900411377538003e-01
-1.998592264070138125e-01,-6.702387109415752775e-01,4.573411749920048286e-01,6.987729979465957530e-01,7.057240327503261357e-02,1.789045027391276410e-01,1.855291240021723076e-01,-9.373838883713708769e-03,1.396131886391779042e-01,8.135198282245439949e-02,-4.365670688729524906e-01,6.414446504650767045e-01,5.482997039870207701e-03,-3.328399904802482601e-01,2.315741740880238320e-01,-1.268995972469584843e-01,1.617778394274849152e-01,1.994472694235515098e-01,1.684792161866133786e-01,-7.851262406299711061e-02,-1.685588414260861534e-01,1.541227403993224720e-01,3.833246792524054591e-02,1.377840834396435177e-01
-3.726436020277018590e-02,-8.312548591785573482e-01,4.397274829803935470e-01,7.841863249899357902e-01,2.061188521267384721e-01,1.228466197831345197e-01,1.777820066795427201e-01,-1.797953626140646327e-02,2.378013609555060248e-01,1.743487242789019120e-01,-4.797071028864205444e-01,6.076021576251049439e-01,1.525100622317210053e-01,-1.824612710082818834e-01,2.358936332971573735e-01,-8.130872348887668855e-02,3.090800352283596397e-01,1.775446495699554150e-01,1.551560583642161428e-01,-8.958968261213681727e-02,-1.704277282334475396e-01,1.545736856292108663e-01,4.809751311856544365e-02,1.234195426993378031e-01
-5.823757783669918087e-02,-6.639950236926611682e-01,4.017164597774288137e-01,8.842931269918119508e-01,4.470638747424071635e-02,7.328574387619395114e-02,1.569564774166271603e-01,-2.131108635557931591e-02,9.232769016766242953e-02,1.359544259504476271e-01,-5.307141637140744272e-01,5.625255146831990016e-01,1.624760475435746143e-01,-2.165507287468355913e-01,2.232162418570259321e-01,-5.082499339536640515e-02,2.342436449575588941e-01,2.300725562760056742e-01,1.277365589040644622e-01,-9.907001698945674950e-02,-7.990316607592465314e-02,1.460577274075446630e-01,5.870294786259187131e-02,1.095850279745680111e-01
-3.899064764461442761e-02,-6.069799047986578211e-01,3.610613050965514881e-01,9.651598929544394911e-01,8.881593822714690944e-02,1.469885762964615039e-01,1.525676367039919268e-01,-2.070144130723427719e-02,7.796012383919573296e-02,1.694462249641233709e-01,-5.646143742577240943e-01,5.190325994797984066e-01,1.723355093243137959e-01,-2.825445088013783246e-01,2.081052922964866936e-01,-1.775270785484464597e-02,3.411734111822708471e-01,2.003939533690206609e-01,1.084430061742427537e-01,-1.151076387023132058e-01,-7.672308569113203691e-02,7.635490290831008220e-02,6.087783263136421069e-02,9.721571948981222455e-02
6.076480038981987158e-02,-4.866312470263947643e-01,3.147132848235045244e-01,1.037799487340636206e+00,1.205495304929486144e-01,1.005408532414598932e-01,1.437648703168696862e-01,-2.768413481299468806e-02,-9.290146260923981547e-02,3.042519160387344712e-01,-5.947036968321242068e-01,4.707756559346391589e-01,1.760370738016562298e-01,-2.359540779993468673e-01,1.904578719396803621e-01,2.096141540963034761e-02,2.265474082399890343e-01,1.985671460960151402e-01,7.937424475381171796e-02,-1.290369356580004789e-01,-1.209868893563902509e-01,4.249835790316102563e-02,6.333628203370886278e-02,9.200192374976268184e-02
4.006920813134963455e-02,-5.107750197976754780e-01,2.550661559711477899e-01,1.095646714373113895e+00,2.327097597925155137e-01,2.311101096316112158e-01,1.321908436106195017e-01,-3.041630732616098717e-02,-7.282097834922934831e-02,2.356516672099617515e-01,-6.051195605329584559e-01,4.078424946989930855e-01,1.105765895313615688e-01,-2.386776384260194672e-01,1.706250073261467715e-01,5.389766243570782989e-02,3.449168808820218812e-01,2.552665538982853977e-01,6.264191437850548383e-02,-1.441423445716066842e-01,-1.816954115663614866e-01,6.838035218300178575e-02,7.046507466299115063e-02,9.032852824973658379e-02
3.450740687364003967e-02,-4.268630380281663306e-01,1.949835125842499239e-01,1.152581625449698333e+00,3.626044509934922555e-02,2.847850289950566993e-01,1.096087827089115285e-01,-4.676395639420941053e-02,-1.065841548180284371e-01,3.343159220894297290e-01,-6.143489114946784069e-01,3.516435167622923297e-01,7.509389086195132623e-02,-2.615916458739706019e-01,1.558238540844286701e-01,8.591475253283653579e-02,1.795020554465409923e-01,1.754018858705259643e-01,3.492808677781528842e-02,-1.656556691181783614e-01,-2.827626770300258330e-01,1.207402345565181667e-01,8.370351759777376610e-02,8.643187441886021616e-02
1.117921389119198167e-01,-3.071248582330848853e-01,1.330000586443247368e-01,1.197782671688948586e+00,1.306263217315958847e-01,2.811351697233409608e-01,1.076253296210897686e-01,-6.950023831629401072e-02,-2.291422961506443257e-01,4.166259287667494204e-01,-6.173496670803553243e-01,2.854693160301184918e-01,2.210615362128332262e-01,-1.716372714410607514e-01,1.430709905029809159e-01,1.192876841839489305e-01,2.791095700839881233e-01,3.035163741615604094e-01,2.499828275381599935e-02,-1.804266825446889100e-01,-3.158988260238261292e-01,1.178740655625551415e-03,1.071599781735907836e-01,7.798185891229908462e-02
5.410487862944235449e-02,-2.990812764391402312e-01,6.142650871546809915e-02,1.227645820207307059e+00,1.371593588553760013e-01,1.205902942171253045e-01,9.734832078136952671e-02,-9.182850083562880961e-02,-2.275263735664238840e-01,2.781128352437279294e-01,-6.047850745480910506e-01,2.113272206156267541e-01,9.224417958458028255e-02,-2.629615205302049397e-01,1.141411933699661568e-01,1.428230321492933441e-01,3.001537065849666508e-01,1.921223976332758765e-01,5.904161124246867787e-03,-2.084109143448200085e-01,-2.282059645378406998e-01,7.197756946246000598e-02,1.342041142041799362e-01,8.270713244454781787e-02
7.612355363219619475e-02,-2.805098002154730041e-01,-5.417429744472575248e-03,1.252959187177526523e+00,1.304626050232891576e-01,2.136987202117456852e-01,8.759242675006174983e-02,-9.847422238313952025e-02,-1.179086832063616086e-01,3.320814740541009336e-01,-5.887732858159361315e-01,1.521232518688250546e-01,8.736537254356846471e-02,-1.266392341860905213e-01,9.710298382269287598e-02,1.739054797923849094e-01,2.284081287260724680e-01,3.541573244938692744e-01,-1.378374519356959961e-02,-2.260309266838365361e-01,-2.917619568924257889e-01,-8.422741776176642658e-02,1.520754639693452648e-01,8.166798189029501887e-02
3.848751239311741512e-02,-1.406533317078671741e-01,-7.530556043392355736e-02,1.272933536061501725e+00,-5.739607478673638963e-02,1.804884119984516422e-01,7.889748839297835992e-02,-1.148745364641842875e-01,-2.163157968958342170e-01,4.186144343842641558e-01,-5.808788287375491466e-01,8.868758539353314985e-02,9.172804589810934495e-02,-2.040602308306169732e-01,7.911309360487117637e-02,1.903147148129740174e-01,2.114715522031027639e-01,2.409403577773732985e-01,-2.529817644260923953e-02,-2.607237184865964230e-01,-2.828516483141455540e-01,-1.599306529318533510e-01,1.762427329516739194e-01,9.714454541923653319e-02
1.783611833058200702e-01,-1.522654579331329631e-02,-1.419879344636102714e-01,1.275322247831943701e+00,-1.034344826611544588e-01,2.445850621717537976e-01,8.985818234731166032e-02,-1.282840273089643213e-01,-2.376616562191192772e-01,2.958369939243480906e-01,-5.600382017000592461e-01,1.738648279382289108e-02,2.495035428309116399e-01,-1.219299382138045590e-01,5.998300197939018807e-02,2.134691677166606627e-01,1.371811292431208973e-01,3.986193480360605279e-01,-3.332193433648335951e-02,-2.844512533659774300e-01,-1.628790200660666376e-01,-8.664840364506384840e-02,1.985987362510084620e-01,1.212968333754313455e-01
1.330504249123341254e-01,9.097771175653804332e-02,-2.223609662814911569e-01,1.261837289282171870e+00,-9.725396299611700768e-02,1.376435235545400704e-01,1.060212733059162638e-01,-1.474745540846499336e-01,-1.959121950367061771e-01,3.874102893499585254e-01,-5.336470507493584758e-01,-4.015619440378484506e-02,8.891822977000884975e-02,-1.642735222956950569e-01,2.404309222312838584e-02,2.273149778417654920e-01,5.546374396001382823e-02,4.170437559300790853e-01,-3.268668581123525263e-02,-3.241978610080034628e-01,-1.283769470192517859e-01,-1.946997077114523966e-01,2.076170850630620346e-01,1.390821645812714558e-01
6.187619382835218146e-02,1.197217972022207866e-01,-2.970315101023716098e-01,1.233818987518565669e+00,-5.931361618900000965e-02,1.695466449642490936e-01,1.224199425591493279e-01,-1.550475614516028666e-01,-3.019618938999374391e-01,2.196940946362012093e-01,-5.087336984819397223e-01,-1.051852219290784207e-01,1.795060781092103208e-01,-1.589305606035132101e-01,3.697105619049475753e-03,2.435215847392147859e-01,1.758265906164571124e-01,3.436449755326974609e-01,-2.190706229951966053e-02,-3.655076563979225979e-01,-5.583732763848354985e-02,-2.036229297028196716e-01,2.122445703015116425e-01,1.680102868679400618e-01
-1.444619399364124868e-02,2.507940523924145904e-01,-3.627260093527548968e-01,1.199387501551455903e+00,4.763939297729676003e-02,1.435749016106921960e-01,1.352990014529829865e-01,-1.649481892088699719e-01,-3.553188775256580501e-01,3.715809380204756485e-01,-4.701367252576543199e-01,-1.517984938912661230e-01,1.184774646299502771e-01,-1.708490493059498794e-01,-2.638684231450869749e-02,2.580811078365570777e-01,3.701394274896958880e-02,3.062450178672869727e-01,-2.117655970698762574e-02,-3.986841017165824730e-01,-5.755683827840379907e-02,-1.829072741537088043e-01,2.081506670696799399e-01,1.978806037985991750e-01
-8.692711945956405062e-02,2.161197396651289293e-01,-4.186666513470173601e-01,1.148796352905379070e+00,-1.051209420495806401e-01,1.287015717192113717e-01,1.378948668623234952e-01,-1.715494772749946439e-01,-3.769967117136630019e-01,3.075315629968018438e-01,-4.241264792457503097e-01,-2.113905781135314577e-01,6.483109663103536757e-02,2.067001121709122202e-02,-5.090451858477767350e-02,2.722456873822820533e-01,1.239178694129750014e-02,2.890477020576161515e-01,-4.919482896673734590e-03,-4.278775001130943334e-01,-9.882240593555566277e-03,-1.462498648355941011e-01,2.027687763366594065e-01,2.252896430272372519e-01
-1.949109026733984729e-01,4.616569055360596474e-01,-4.644947405091237047e-01,1.099205947989466692e+00,-6.419291557506505430e-02,5.758330426881880237e-02,1.560788722425072161e-01,-1.764932074259953354e-01,-4.480940138156017105e-01,2.974500641985166616e-01,-3.732716326967103759e-01,-2.619183201283543649e-01,-6.650329136817983988e-03,-1.635058221181828753e-01,-7.060919082834946070e-02,2.659508394750776938e-01,1.668459426310297533e-01,1.527897620210924845e-01,1.515029590377916374e-02,-4.543607993086428154e-01,-8.187179504088112902e-02,-2.538705876245214155e-01,1.912899118421832190e-01,2.485945139796017500e-01
-1.660654901660134075e-01,5.191035121009781594e-01,-4.967727695399031251e-01,1.023091799494388221e+00,-4.120581526805042194e-03,-8.956640282587080559e-02,1.703026211329271566e-01,-1.733900175975133240e-01,-3.136595710365631673e-01,2.852348494544851842e-01,-3.131111944628673371e-01,-3.085940662357973263e-01,-5.256963905806563697e-02,8.482607057890251268e-03,-8.272989800541374894e-02,2.771328869470880973e-01,7.055302873159352561e-02,1.499049035565207799e-01,2.096661553994515897e-02,-4.660552183049426200e-01,-1.097741887744873995e-01,-2.702056648125997773e-01,1.859225790756438568e-01,2.819454011730864740e-01
-4.040600156400487863e-01,5.883767086459857909e-01,-5.279490657666733311e-01,9.401020766177068388e-01,8.969891808508898001e-02,1.017946332083290162e-02,1.782761867398066635e-01,-1.548838475510936064e-01,-5.306148680212730007e-01,1.205576174970434400e-01,-2.644478817884394206e-01,-3.507656806158196416e-01,-5.313181966265920209e-02,1.017313295778946858e-01,-9.073923180333449967e-02,2.704436543373250346e-01,1.801167745102916912e-02,1.724162578121053446e-01,3.695754717316878518e-02,-4.770990382334970858e-01,-1.849945260954469206e-01,-1.941566555858111331e-01,1.817203934903892371e-01,3.164550688901511255e-01
-4.656278960462475469e-01,6.986797409375403722e-01,-5.310045787118169436e-01,8.491517513121592531e-01,3.462587681999612643e-03,-1.331282583514545315e-01,1.758978089478738238e-01,-1.460710519729666035e-01,-4.372649373698581643e-01,2.047504041728927526e-01,-1.922950718011414151e-01,-3.737867777861734742e-01,-1.290784422056454606e-01,1.156828517379928645e-01,-9.830978631364352405e-02,2.540729269208338859e-01,8.985559094435302541e-02,1.074974167548607695e-01,5.865218203163190258e-02,-4.895299518589903975e-01,-7.775433207586390782e-03,-1.833737729013128204e-01,1.833502633450209141e-01,3.429358307456797927e-01
-4.349623108703477015e-01,7.289506277317987504e-01,-5.233613143108932775e-01,7.475858863938715793e-01,-1.257703309327674879e-02,-1.547185607336183655e-01,1.817196245157499668e-01,-1.231006734804510755e-01,-3.646895926804734067e-01,2.085476237032466429e-01,-1.287820042145503274e-01,-4.014955567210595766e-01,-2.136503775406333738e-01,2.584379929950850197e-02,-9.742439164748054048e-02,2.360325708409813650e-01,-1.199966559230021546e-02,3.594094158923809290e-02,7.364543373423082517e-02,-4.943126520568154603e-01,-9.308859637778019169e-02,-7.493503167657505903e-02,1.659311825844496657e-01,3.682543552426418287e-01
-4.665841559623921109e-01,7.754416172052501777e-01,-5.137813738030824195e-01,6.440058912265840263e-01,1.000646213140418406e-01,-8.297816206013219897e-03,1.879668117100238012e-01,-9.782487551616317334e-02,-3.104652474299999243e-01,1.220565012150905126e-01,-7.154426802971212973e-02,-4.262529051335978147e-01,-2.648436604430258190e-01,2.066591210612758744e-01,-8.719017531423227385e-02,2.271325605420566329e-01,7.607135506312619200e-02,4.787146850496570849e-02,9.896863091848226435e-02,-4.911642907378050982e-01,-1.618859581173844320e-01,-1.525725595933380696e-01,1.558928692902675772e-01,3.817049961053208817e-01
-5.385245854651246056e-01,7.356026736841604352e-01,-4.959479191532256137e-01,5.368986163465229167e-01,1.882934919634510207e-03,-1.744239619501665728e-01,1.816539442370558588e-01,-8.703797421554936020e-02,-4.113544819501787631e-01,8.574168286151793994e-02,-1.885443587763669174e-02,-4.393604508511538831e-01,-3.319089438418953986e-01,1.934253735879684077e-01,-7.145780377564622809e-02,2.007154207995849315e-01,-3.715234596296171365e-02,-3.338737259683741132e-03,1.151703688194541803e-01,-4.879692796449044412e-01,1.225666190323759785e-02,-2.429068919069408139e-01,1.521279421879759841e-01,4.023363741617047573e-01
-6.108979175164610531e-01,7.370626780682340007e-01,-4.657051085350332742e-01,4.353294800385583696e-01,9.708616798496857991e-02,-1.900181931270149283e-01,1.846621495611912023e-01,-6.001961006710352514e-02,-1.974815954607694046e-01,3.407573817390234516e-02,4.424784484343648183e-02,-4.461345813256146764e-01,-2.304434436766289451e-01,1.671974328991334413e-01,-4.780321109217861020e-02,1.765686309417637267e-01,4.871013423839147538e-02,-2.430940591614838553e-02,1.424346357787433792e-01,-4.788674454178691864e-01,1.766534738549226102e-02,-6.753432173829929108e-02,1.299462161389464687e-01,4.316854013318588423e-01
-7.689485979863566190e-01,7.333146457746676505e-01,-4.233623857910329691e-01,3.357511952151648882e-01,4.412306964739212689e-02,-2.808623486770607802e-01,1.767876668997029888e-01,-3.146057722455802841e-02,-2.439294806719260189e-01,-1.006928436387872772e-01,8.590652169266771443e-02,-4.445618376107763337e-01,-4.664570580515307041e-01,1.334354783048272708e-01,-3.324174346275234060e-02,1.563714349205397314e-01,6.822285573438446882e-02,-1.006690869054659154e-01,1.604901370461347121e-01,-4.663694089117808583e-01,1.988557299123884861e-02,-1.639976083951558139e-01,1.059023123806259320e-01,4.422112019408764860e-01
-7.061894800536373529e-01,5.925285938609442526e-01,-3.605264158017911225e-01,2.392738878793618240e-01,7.126493644977709152e-02,-3.030683964738142278e-01,1.728383224232677984e-01,5.613321846740446097e-03,-1.226934815543851975e-01,2.808124416570864645e-02,1.318721983267244213e-01,-4.274503538096733335e-01,-5.388683245595491389e-01,1.201866055596391564e-01,5.834757182019385986e-03,1.404004239259273312e-01,6.599122280096250681e-02,-1.628343642949955095e-01,1.758603357727328009e-01,-4.454153816930026544e-01,-5.353668003632489070e-03,-7.714465873887903224e-02,8.126275730125519237e-02,4.611220438041638281e-01
-7.536280140009385953e-01,5.020407934347351775e-01,-2.995600836822679414e-01,1.606011647949945331e-01,1.054795463212130774e-01,-1.983626082212979480e-01,1.643557185530821196e-01,4.448041672558993020e-02,-1.135942688425294889e-01,-3.297686337969971820e-02,1.645769093335265332e-01,-4.210370325416533110e-01,-4.667090739562612112e-01,2.298250096639408158e-01,5.270313446862199408e-02,1.277970863685413128e-01,1.834848861534600917e-01,-2.329719412256693600e-01,1.903158840467229496e-01,-4.176110334496783150e-01,7.573273566165580895e-02,-9.826083838512328361e-02,5.836022184158938531e-02,4.700044341904385803e-01
-8.727841056175861256e-01,4.794078146529585638e-01,-2.303173946229947755e-01,9.449928306367624820e-02,2.128897933577645896e-01,-2.198185121033815748e-01,1.505716524022941982e-01,7.221291183172665051e-02,-6.827005154152701594e-03,-5.972448572318226484e-02,1.958489813148099890e-01,-4.069314601852230262e-01,-5.440539834727945445e-01,9.380952101369292861e-02,9.269031123619241030e-02,1.066391997220751536e-01,2.709085683882399564e-01,-2.996139344108390001e-01,1.915492856916455044e-01,-3.822473042379926911e-01,6.014045112958039951e-02,-1.575526540289250987e-01,2.705003197918898553e-02,4.798041553919740188e-01
-9.077776144383556955e-01,4.211390948673826573e-01,-1.463033097104058933e-01,3.451601364435766262e-02,2.470042899053919161e-01,-3.007975582460453157e-01,1.247533163118602073e-01,1.012327152000598585e-01,-8.030257399970888721e-03,-1.239829232268541137e-01,2.155480011305374588e-01,-3.886838608785377347e-01,-5.212709082869273480e-01,2.200560342017047755e-01,1.412149972912151441e-01,1.012032554970820480e-01,1.859216544983330333e-01,-3.227880687808868387e-01,1.822739991381378544e-01,-3.403783911333793655e-01,4.070651452108905999e-02,-1.510006122380899984e-01,-2.993173909084174272e-03,4.939149433066615247e-01
-8.743625378653168134e-01,4.136208834265599488e-01,-5.633040615587631139e-02,-1.508861460683367378e-02,2.666523002899995887e-01,-1.742907992997853595e-01,9.424125348787733281e-02,1.368856567976482475e-01,-3.558793402453813010e-02,-6.083632866133939499e-02,2.343371498041117718e-01,-3.631444888822284445e-01,-6.326689216556077300e-01,2.120101229410337185e-01,1.874293461307105779e-01,8.558965911570076690e-02,2.088843396145930176e-01,-2.602966556096526496e-01,1.794730617960580421e-01,-2.969142099788605882e-01,1.964958318998090148e-01,-1.352957155596132000e-01,-3.160751413147250277e-02,5.057885567993032350e-01
-9.054418998059552415e-01,4.245308419476996331e-01,3.220719918194148851e-02,-5.915799068288874613e-02,1.966315028588941360e-01,-1.852129258401497558e-01,6.018149400436005603e-02,1.581484063025538622e-01,1.154385718610302924e-01,-1.215635789126049138e-01,2.544949200996366456e-01,-3.431445304362770732e-01,-5.504590645278534256e-01,2.353671384860137605e-01,2.452719959791200832e-01,7.317617741928850172e-02,2.348783720595629121e-01,-3.333971730975209269e-01,1.722318394020310450e-01,-2.601092869671211560e-01,1.307238644040016884e-01,-3.193029846532571131e-02,-7.621296293382687215e-02,5.145947076186248026e-01
-1.040955567606473453e+00,2.346805765672939914e-01,1.254926260155766748e-01,-9.964079912013451557e-02,2.419391533658701021e-01,-3.025494609747920727e-01,3.227864721001693499e-02,1.786770913534599381e-01,1.182697503887042145e-01,-1.457968699979386162e-01,2.584298403133815647e-01,-3.161940234094302027e-01,-6.410941595482626543e-01,-2.026471128868381766e-02,2.951505621515753686e-01,6.138085193818303142e-02,4.602107356237881142e-01,-2.810493073002900410e-01,1.606060289829716603e-01,-2.165837499317330161e-01,4.089314229281035273e-02,6.871555589283159793e-02,-1.144012061912385858e-01,5.107912209821544591e-01
-1.020856173120441301e+00,2.197853047588394504e-01,2.337613614859071764e-01,-1.162472568547731344e-01,3.641887996565190688e-01,-2.639472175879770122e-01,-1.001990630292331694e-03,2.094239094200886497e-01,2.009907928209432038e-01,-3.229740592253851905e-02,2.607168781371593247e-01,-2.867924334419337251e-01,-6.669561994896779922e-01,9.322753785665646720e-02,3.543684234407835643e-01,7.770266439420046856e-02,3.744858266898178911e-01,-3.250598669234722737e-01,1.243549024706755157e-01,-1.791423586421438952e-01,2.546535404203777997e-01,8.016796828149777565e-02,-1.431792782517265217e-01,4.950477511304359757e-01
-9.459789826146027814e-01,2.297336444402761635e-02,3.401713694948301225e-01,-1.258765190402122702e-01,4.079177372730175000e-01,-2.818816181441050062e-01,-4.782925663573110719e-02,2.344638761889450418e-01,3.057298007303301812e-01,2.115569322842486555e-03,2.532554230782082527e-01,-2.688102578363289474e-01,-6.396606565896753027e-01,1.010058220055715106e-01,4.149918185588813979e-01,8.551844842633676835e-02,4.612777635011443556e-01,-3.056397698820931819e-01,9.504019207408422043e-02,-1.393359745139747807e-01,9.201414918652983665e-02,1.174305760022180123e-01,-1.923711520359303317e-01,4.768260074674569027e-01
-9.119558302437893449e-01,-1.025625499746520564e-01,4.389094770050631089e-01,-1.104728282472683121e-01,3.364580399095861707e-01,-2.878620086160043057e-01,-9.998286940088786656e-02,2.588125431755852746e-01,4.102404405830569756e-01,4.989235065640768019e-02,2.344723080156310702e-01,-2.547524845750322453e-01,-6.954605093501323720e-01,-3.232749850188111618e-02,4.721192352205074161e-01,9.552249888235883613e-02,4.747577488197907147e-01,-3.201889146018556120e-01,5.524938136985553527e-02,-1.031774522888038170e-01,1.118239081154220466e-01,1.429724673671306234e-01,-2.240864053499865838e-01,4.525452363921811938e-01
-8.284286143838393013e-01,-1.182150680987054531e-01,5.328640054753109867e-01,-7.770129090175988129e-02,3.072239767553767154e-01,-2.631801236115166587e-01,-1.458763985485954651e-01,2.810139382030013566e-01,3.178365465325921901e-01,-1.782347575094260506e-02,2.046560754526273174e-01,-2.464940661959323376e-01,-5.357844874981602112e-01,-1.459719341301162210e-01,5.339731742648056168e-01,1.216384864310664227e-01,5.322460186694627504e-01,-3.791661059142580892e-01,1.256035017153606277e-02,-6.776811325393551633e-02,2.012693277570450079e-01,1.431514138232880540e-01,-2.563775356997214372e-01,4.242843740435238709e-01
-7.871799761836532072e-01,-1.491234327232534573e-01,6.162506539459734478e-01,-3.889635305287873074e-02,2.350038149708204571e-01,-2.966362967424993613e-01,-1.896646306381302716e-01,2.983265267480580407e-01,3.637685498430104358e-01,8.958415831942755092e-03,1.838553277576537859e-01,-2.329982817845391851e-01,-5.644542026619235875e-01,-2.069998204474221837e-01,5.781753521663971496e-01,1.620321781363397995e-01,4.502679766497655334e-01,-1.770237070387282174e-01,-3.737241427994670434e-02,-2.880461277620068733e-02,2.634927381387497380e-01,2.001134311109523667e-01,-2.960065913213019151e-01,3.945758766640410919e-01
-7.248353229449172597e-01,-2.602057192001304142e-01,6.930630885455733026e-01,6.904436080917272789e-03,3.199947633240879941e-01,-2.706035629760854544e-01,-2.268189541264959419e-01,3.166992731171260345e-01,3.963995051753694820e-01,1.776813280876848866e-01,1.579198457882092788e-01,-2.232991981756462518e-01,-5.430491940687186547e-01,-2.774336944927591753e-01,6.229603024737335737e-01,2.104751340368770096e-01,5.367202071085104276e-01,-2.216413940022244344e-01,-8.073389298084440724e-02,-1.278128606088101138e-02,7.333642666204748251e-02,1.625670522596540379e-01,-3.401336577348120782e-01,3.573855431551216655e-01
-6.308296199979153140e-01,-1.923227663196957760e-01,7.608847689117345103e-01,6.734794236496836894e-02,3.251628714401061382e-01,-3.495651136077750909e-01,-2.731545376326645069e-01,3.305065843403774961e-01,5.169901211832643728e-01,2.486180006272398213e-01,1.284005385519128017e-01,-2.318226098973792115e-01,-3.849086472737098252e-01,-1.890479359261181269e-01,6.629166324599879978e-01,2.678867789322389448e-01,6.062209827456336297e-01,-8.510262265378067126e-02,-1.332672465587636246e-01,5.447605689486470851e-03,1.990227774712503561e-01,1.340104754457454583e-01,-3.631206645853101156e-01,3.219871470419685688e-01
-5.362794623307751696e-01,-2.780584109926702019e-01,8.158774308912991602e-01,1.239992934099904270e-01,2.048674837628533252e-01,-2.362430414792518196e-01,-3.204048498308714743e-01,3.498197530925444831e-01,5.856623414102029024e-01,7.672262868935467162e-02,8.742997371245782301e-02,-2.488545713738876397e-01,-3.264796955445304349e-01,-3.587244403190030240e-01,6.839548635890205786e-01,3.180891386233472562e-01,5.752606872447951769e-01,-5.669356837213734845e-02,-1.933298618509921574e-01,7.296557313671695778e-03,2.042501526801868694e-01,2.608687376452802353e-01,-3.967727152522043110e-01,2.885218354972557964e-01
-4.043577150291409739e-01,-3.086933193731715153e-01,8.582551504660967945e-01,1.916059922296153017e-01,2.910465900813427043e-01,-2.397923520791247487e-01,-3.562916471708208466e-01,3.553306205852263533e-01,5.519986358822256411e-01,2.430676831985841280e-01,4.069447325077935051e-02,-2.506283310140819953e-01,-2.901691626089457077e-01,-4.019123169899398440e-01,6.965225515695935288e-01,3.859925655491968088e-01,6.378951925105293963e-01,-1.527755618899700463e-01,-2.500141439709949176e-01,3.306174962145879727e-03,1.121869181314076452e-01,1.299613140400903699e-01,-4.290735900929055213e-01,2.409057079850879801e-01
-2.728603140412104722e-01,-3.531164846916845512e-01,8.838145644055283023e-01,2.639623623354064863e-01,2.447126014030761021e-01,-3.362022012783049130e-01,-4.008467984017981545e-01,3.593774340322206662e-01,4.679223136747782674e-01,3.015649808471612126e-01,-2.295237593945417473e-03,-2.713496953904380726e-01,-3.107559966557156272e-01,-4.952591537082086104e-01,7.020040462141864390e-01,4.584166618648784497e-01,6.904151343524210782e-01,1.749903753265431849e-02,-3.124102340038029668e-01,6.129952625437297582e-03,-2.101302712011225010e-02,2.647559030213512687e-01,-4.495989287228335241e-01,2.050707010415236120e-01
-2.006930356198747267e-01,-2.223589266528802899e-01,8.924667019982530647e-01,3.415812614806203462e-01,6.953227631996442004e-02,-2.163423856298245518e-01,-4.406921740172234925e-01,3.708242935069649415e-01,5.363937848781237250e-01,3.507460137850976767e-01,-3.557897483689478196e-02,-2.999295480420199889e-01,-1.673090804022480116e-01,-4.041267804750572901e-01,7.059084260615479112e-01,5.399967594950983996e-01,5.700692115926281334e-01,5.129949455761734223e-02,-3.798099526524608693e-01,-1.119427582754315732e-02,9.715761560312982659e-02,2.861629653418862329e-01,-4.548943076733165114e-01,1.549588011282532207e-01
3.459396833079415867e-02,-3.467868220439487281e-01,8.899882201738432697e-01,4.060710292539915223e-01,1.528962126193610660e-01,-1.322719117252752485e-01,-4.633404906447700644e-01,3.682323392926369343e-01,4.243847821172206380e-01,4.111691173458856818e-01,-7.408119419225428492e-02,-3.349046189740002011e-01,-2.944722639516256929e-02,-3.101619958690235435e-01,6.913868161235873222e-01,6.121494563938536526e-01,6.378176451001098535e-01,8.834010960032480375e-02,-4.338935774388292810e-01,-3.514238331698841394e-02,-5.663161373653791131e-02,2.692400899917518631e-01,-4.694816956178905487e-01,1.027551049494081076e-01
5.371639593607158147e-02,-2.301201349937128104e-01,8.607894119253811649e-01,4.824784944161021327e-01,1.164354027969815436e-01,-2.691537590571582150e-01,-4.940551810063943394e-01,3.561231897694300819e-01,4.225396291217376477e-01,4.735346870805340336e-01,-9.940329821186975889e-02,-3.776187810474985751e-01,-7.490040392748632814e-02,-2.635193591678850478e-01,6.595813591390329300e-01,6.737339312388447299e-01,5.716352348262477845e-01,4.324103571713727723e-02,-4.932241121111097804e-01,-6.533490409563282031e-02,5.791698446935919509e-02,1.800673782245441057e-01,-4.660031817753656491e-01,5.184354966036161527e-02
1.240264093583428179e-01,-2.324803072249072844e-01,8.260605641059908244e-01,5.452911401407313230e-01,2.147644997898871810e-02,-2.221821818071491317e-01,-5.203302195512687911e-01,3.562502390289129517e-01,3.192969652112928602e-01,4.533867138747263437e-01,-1.222589333245890364e-01,-4.275626126119140835e-01,9.409129663686610634e-02,-1.440448520841036972e-01,6.294568109803133638e-01,7.286887257652626682e-01,5.769663916173851659e-01,4.085599626494006154e-02,-5.440652446219037541e-01,-9.377988844999188278e-02,-6.632984204896846814e-02,3.086179136103546772e-01,-4.714693760612341800e-01,1.033948297497314789e-02
2.617329054706182268e-01,-1.520081585938550806e-01,7.813934449336106258e-01,6.062213537482585846e-01,4.361772766236672594e-02,-3.361545206402031805e-01,-5.369519604782015954e-01,3.503726839522233738e-01,3.143686115486085120e-01,4.989419602318070357e-01,-1.321641863540103656e-01,-4.763170538601608772e-01,8.147769220714852489e-02,-1.273147389513689109e-01,5.798879033691691776e-01,7.698555540769488337e-01,5.420138033250873066e-01,1.699414880524388050e-01,-5.937081341810256374e-01,-1.243374516742146441e-01,-4.649016810448308723e-02,2.709476414398429567e-01,-4.624128347229002345e-01,-4.403285755549694869e-02
3.178044392163137943e-01,-2.290567184167144887e-01,7.202039449349818545e-01,6.565034034264156659e-01,-1.036407182385392506e-01,-2.158962145225404583e-01,-5.553919684425111525e-01,3.551023884987201673e-01,2.726489110864087073e-01,5.894588819121039380e-01,-1.390903307674099809e-01,-5.298158167033513166e-01,1.794976192610319432e-01,-2.405564113434711659e-01,5.298419992811902457e-01,8.066278027678309703e-01,6.280461052474312078e-01,1.470110357894593434e-01,-6.380268142348232141e-01,-1.700818948569216560e-01,7.132135331228536823e-02,2.300480778783113855e-01,-4.526927614344568584e-01,-9.384899446110356314e-02
5.777367489033486958e-01,-1.997748478392618598e-01,6.512880438496853053e-01,7.111340527221066132e-01,3.833687464690865854e-02,-2.235002586687248882e-01,-5.592264393440309345e-01,3.468597718162219068e-01,1.525350955574283907e-01,5.258320536175211668e-01,-1.391408601671426659e-01,-5.923773559113850729e-01,1.211711915942594170e-01,-1.153937963016557766e-01,4.684772597385360449e-01,8.520063121503045345e-01,4.251945929873289787e-01,9.104101024181199264e-02,-6.883977071216227372e-01,-2.154522213383226470e-01,8.897963055675188471e-02,5.112403707760945770e-02,-4.523370549663751627e-01,-1.387813910563440167e-01
6.777617850643156139e-01,-8.228060354671751231e-02,5.540915520881530831e-01,7.590689292211439954e-01,-1.251580753565870729e-01,-2.180631131486896468e-01,-5.768248723615351237e-01,3.392382316745395920e-01,2.152010810991741574e-01,7.364047934971711395e-01,-1.240685142551725129e-01,-6.481889024524458698e-01,7.956361650250513839e-02,-9.933974169789190622e-02,4.110708597272933473e-01,8.815341431128465022e-01,4.696966033958841491e-01,1.083034503861889652e-01,-7.159133247047990700e-01,-2.574477808428916048e-01,-4.948770546641054202e-02,2.015232486312458771e-01,-4.515149091792406422e-01,-1.655237193351584979e-01
5.861973317107005421e-01,1.081079503988461449e-02,4.451143942281838850e-01,7.901221262302411397e-01,-1.349728008800017698e-01,-1.965873835252855972e-01,-5.775851356547708759e-01,3.302452987421171104e-01,-9.195256626117337406e-03,5.861248128569616078e-01,-1.125811806285624272e-01,-7.239604134991374229e-01,1.327318649750405255e-01,-1.221124313117944588e-01,3.567145020754065032e-01,9.064177655270586609e-01,3.420050493406868730e-01,1.695380311984076294e-01,-7.456192579103894102e-01,-3.022762577154386454e-01,-2.355853542492454544e-02,1.535262601823227935e-01,-4.355212593684804623e-01,-2.070984513660814041e-01
7.641516036275330936e-01,6.208797828091497384e-02,3.444284490577412816e-01,8.062532672128064348e-01,-1.620413822851262953e-01,-2.493965314788118282e-01,-5.769119715447497132e-01,3.191230202426939555e-01,4.772033705938685810e-02,7.038115309122970897e-01,-7.495768166968781732e-02,-7.836605282076706258e-01,1.422054894541844583e-01,-1.426986655706304896e-01,2.961425555425393763e-01,9.307204702977606159e-01,3.939443208445516653e-01,4.776542636843375544e-02,-7.601416216862872943e-01,-3.544261382078326972e-01,-3.581762304386078288e-02,1.740092932622136490e-01,-4.201526762837713980e-01,-2.428190687016920646e-01
7.617970523284951501e-01,3.405239062676317374e-01,2.257722535881565573e-01,8.121490745961040814e-01,-1.840192940141885947e-01,-3.413020312763072606e-01,-5.729830340326089733e-01,3.133844361416424640e-01,-9.249777310674024700e-02,5.595861483441056938e-01,-4.029129456612981497e-02,-8.528863089439041589e-01,2.252307016886124780e-01,-9.840384941203063340e-02,2.337921010067458838e-01,9.539181310075309783e-01,2.428642103554086995e-01,2.818249136062582136e-02,-7.771740151753612214e-01,-3.947960065442372990e-01,-6.707753887148788785e-02,5.565277057236417413e-02,-4.018775638727805632e-01,-2.796011351473968176e-01
8.957437947972197723e-01,3.442365517514215378e-01,1.077976653483209285e-01,7.842637918500811045e-01,-2.039133705126887908e-01,-3.340955173869017414e-01,-5.665954074675169094e-01,3.170675449528806977e-01,-4.522227148666096985e-03,5.207600931482709861e-01,1.162348730359931068e-02,-9.055342478286694252e-01,3.134432470152527239e-01,1.405132214074118757e-02,1.623740153519026841e-01,9.694410831543289753e-01,1.621990595861171613e-01,7.448401735751450370e-02,-7.769846789072555326e-01,-4.338030548037404288e-01,-2.078201567109243530e-01,-1.072281235793357268e-01,-3.787611642232011078e-01,-3.034095398034444280e-01
7.497761104424092160e-01,4.017735442467875173e-01,-2.144976201493720147e-02,7.503141343776043026e-01,-1.369894391984702864e-01,-3.158366622291903791e-01,-5.584413353504278366e-01,3.203247088355382077e-01,-5.180749591569494550e-02,3.820319783070557640e-01,5.703540873842500442e-02,-9.513898136872445122e-01,2.349886830180037411e-01,1.710720901736295096e-01,8.180772839322236756e-02,9.700701801546811609e-01,1.208752987608972262e-01,4.235379556060001049e-03,-7.667901908246216314e-01,-4.771877860068076127e-01,-2.932593704898438514e-01,-1.181986626971850973e-01,-3.405305521929729573e-01,-3.096319280482500158e-01
6.818592995746882712e-01,4.137358250059124387e-01,-1.336067637195562652e-01,7.043948576321518162e-01,-2.818163492932604930e-01,-4.371926806753834160e-01,-5.571924430356109958e-01,3.221411928928429869e-01,-1.925705883123630113e-01,3.455884489683481720e-01,1.091732867000006768e-01,-9.808285105973573170e-01,4.008705460583997793e-01,2.483279225199410689e-01,9.557623639468687538e-03,9.509867272690361029e-01,1.870600642233023747e-03,-2.532779060436080032e-02,-7.503693305736395258e-01,-5.127703511411817461e-01,-2.329240623076474781e-01,-1.790468049137344253e-01,-2.936847960452139694e-01,-3.128172861069323241e-01
8.195673206480290629e-01,6.391438204123061073e-01,-2.359896700882062603e-01,6.519879209217382954e-01,-1.869394678376723462e-01,-3.141016033146392106e-01,-5.415589751587334133e-01,3.361440675193325123e-01,-6.300296330423080238e-02,2.404212112344458196e-01,1.765265847285804046e-01,-1.003846609941886348e+00,3.412852575506621911e-01,3.335407320350924354e-01,-7.788145689367473312e-02,9.207036103882577649e-01,-6.626675127158004885e-03,-1.150268483536668329e-01,-7.203808020359288022e-01,-5.443582756334301997e-01,-1.037197335011516841e-01,-1.816671785107940029e-01,-2.530060603730306945e-01,-3.075683472569792909e-01
6.048317188111359544e-01,7.225277887974431712e-01,-3.488992363073298852e-01,5.722752423235951680e-01,-3.295169765323123778e-01,-3.093378748541376067e-01,-5.362069695073221620e-01,3.385280328647391479e-01,-1.119519329700446736e-01,3.187301129864232863e-01,2.316481277293013785e-01,-1.012855086525459525e+00,3.283959721483104000e-01,2.410570978815195220e-01,-1.573111969901997698e-01,8.777395710047511956e-01,-1.704756897043043506e-01,-1.296950599519141600e-01,-6.881585410262257563e-01,-5.652881426914878604e-01,-2.239487364595979524e-01,-1.207427211621023844e-01,-2.257622570834277587e-01,-3.000671279885308018e-01
5.677866450069456450e-01,7.944064728140078913e-01,-4.356675964459201800e-01,4.791058776518484774e-01,-3.433424778145325318e-01,-4.137202994337504380e-01,-5.167491158311986466e-01,3.406869255013738607e-01,-2.146425908180357722e-01,2.706972375975920664e-01,2.917690944705382816e-01,-1.026897132557873737e+00,3.118471913130324014e-01,3.273907383532561055e-01,-2.328204824081429869e-01,8.403415723357645639e-01,-1.465415332452406072e-01,-2.732255497724411786e-01,-6.387113162115353182e-01,-5.830183642913703279e-01,1.031221868698933841e-02,-8.619393658182791795e-02,-1.870383452428323878e-01,-2.973502632222133624e-01
6.398719919552641189e-01,8.701873609763880468e-01,-5.135574902621830029e-01,3.750142038108655873e-01,-3.576183995764928292e-01,-3.461666667311433243e-01,-4.961373159532259658e-01,3.542382455385591489e-01,-2.308738092221874483e-01,1.977390223056595120e-01,3.624828211155046165e-01,-1.033058585188050049e+00,2.016880425198983029e-01,4.888755366079020614e-01,-3.043445906965030479e-01,7.907881685749108547e-01,-1.143659011098246137e-01,-2.220014718435027734e-01,-5.910838919548306869e-01,-5.838260540110954411e-01,-1.781979291746912386e-01,-1.668519685992962132e-01,-1.721169280744559438e-01,-2.961794696204080868e-01
4.584962512457358419e-01,8.801994897625935454e-01,-5.929941164861524117e-01,2.601195828096157792e-01,-1.797015560114359478e-01,-3.977896631202775812e-01,-4.749002623383503097e-01,3.619747863477167926e-01,-1.289249870164055622e-01,1.957577256211726346e-01,4.346854588443977430e-01,-1.028369237758115284e+00,1.955675663969478617e-01,5.725387558382852848e-01,-3.619428297623049628e-01,7.218381670536666572e-01,-1.601103538846855856e-01,-2.906310205904772959e-01,-5.469306323662491698e-01,-5.873826118784453154e-01,-1.047461238077005974e-01,-1.562628545132326852e-01,-1.384956953231637200e-01,-2.862081275230354827e-01
3.516336535659970730e-01,9.359226583870396965e-01,-6.480844991692537027e-01,1.409892852009877739e-01,-4.107327335232945353e-01,-2.855940967720885793e-01,-4.719719591195751240e-01,3.758815366902053534e-01,-2.281788638292887861e-02,1.833721915170297978e-01,4.960101169798956655e-01,-1.019920350365294270e+00,1.742044784925101952e-01,5.400233947752917096e-01,-4.151412485328293545e-01,6.420871184486257599e-01,-1.345924475054046110e-01,-3.417457033610843964e-01,-4.983011804096476594e-01,-5.818583168048666598e-01,-1.203658122445152023e-01,-2.345918900839468191e-01,-1.129250117447326562e-01,-2.756858480932918853e-01
3.398170885134910169e-01,9.520142037170328253e-01,-6.862210149609309084e-01,1.428933580441807405e-02,-4.328115827184246811e-01,-4.093470267557830500e-01,-4.466503657508036351e-01,3.786277012745142279e-01,-2.091885807240306122e-02,4.151402936408214034e-02,5.459217871315656945e-01,-1.007235885869899983e+00,1.333255806595016191e-01,6.125132644045380159e-01,-4.619058662700379347e-01,5.634389850191307003e-01,-2.073391075444557807e-01,-4.034248329632962315e-01,-4.528012531598811785e-01,-5.688386378447010117e-01,-8.438572172710670505e-02,-3.275009772623544424e-01,-8.647496282388561495e-02,-2.561246022532218114e-01
3.428481282754770598e-01,9.425200181623493156e-01,-7.166374691268403430e-01,-1.151268222872649793e-01,-2.944751420905957207e-01,-3.726743727271755735e-01,-4.194152334845976937e-01,3.949912876639148362e-01,4.890279073332742810e-02,-1.451885977080046020e-02,5.947017563579479749e-01,-9.779625401819652675e-01,-2.399916111685177628e-02,7.649416375836948223e-01,-5.003800390292362232e-01,4.757063236648810811e-01,-8.218955754671222746e-02,-4.127699744757621914e-01,-4.009576384907855839e-01,-5.474694651982024984e-01,6.866634954376052424e-02,-3.077264614909641649e-01,-6.476051267520196997e-02,-2.260789761406006848e-01
1.097894463678089211e-01,9.329252994032959379e-01,-7.407316492842814792e-01,-2.442997733445942121e-01,-4.103462647242965278e-01,-3.177688554875937599e-01,-4.069972076018434359e-01,4.089400470225288409e-01,8.653140406650078331e-02,-1.062311599325044820e-01,6.347398509137869294e-01,-9.408424857456406665e-01,-2.014845161174952382e-02,7.401870882031938992e-01,-5.185190677660420633e-01,3.713641729483527776e-01,-1.073657528804351224e-01,-4.315037680323001723e-01,-3.630147045576556653e-01,-5.227207526747804645e-01,6.335009095560986681e-02,-3.407053911149323655e-01,-5.998073888111164764e-02,-1.971181593499759521e-01
-1.101705204324646692e-01,7.881008595853807863e-01,-7.349460721890953563e-01,-3.729065734407747135e-01,-3.522005835321088130e-01,-1.901175983194140495e-01,-3.837631168820430094e-01,4.179288867063122304e-01,5.515776964898837231e-02,-1.522992346301833000e-01,6.689196291873319433e-01,-8.927914070427863669e-01,-1.349561144014986558e-01,7.748930240190032848e-01,-5.317412182490901529e-01,2.692455839275695872e-01,-1.659182966611995047e-01,-5.074427493038968784e-01,-3.240213254764562900e-01,-4.943659724982493731e-01,6.318833056675890458e-02,-1.828903825478349343e-01,-5.613934056887821822e-02,-1.648022075782424878e-01
-2.081581965801272416e-01,8.813138926663102168e-01,-7.008049455645356529e-01,-4.859418609177574289e-01,-3.326658235046435208e-01,-3.314955496391477352e-01,-3.669353806079997393e-01,4.152520199089876907e-01,1.119341135278470456e-02,-2.989264070300366449e-01,7.036342205701631158e-01,-8.387331715965750112e-01,-1.798489080892516356e-01,6.739942473158110348e-01,-5.283218679459532607e-01,1.636351688589793574e-01,-2.793841888157528874e-01,-5.872136937829619541e-01,-2.808257411282999993e-01,-4.566548368739841157e-01,-1.660234641178919002e-02,-1.906756744345881882e-01,-5.391277103262477610e-02,-1.482780858983795413e-01
-2.717174874138765239e-01,6.525733997346908621e-01,-6.514565523999906738e-01,-6.058962910248255618e-01,-3.217980318284516250e-01,-3.196999282764007022e-01,-3.520328541105475773e-01,4.275664694674942146e-01,5.679704365123003362e-02,-2.773398326043940987e-01,7.398406297282049682e-01,-7.686227041936075643e-01,-1.523152153207986692e-01,6.278097209752925290e-01,-5.151825492625777825e-01,6.894273678003426387e-02,-1.415340036813061697e-01,-7.517058670321662417e-01,-2.284280913254602974e-01,-4.090534739519355312e-01,8.056634849526735087e-02,-3.010027690645286635e-01,-4.454275048530886849e-02,-1.309676702093260370e-01
-4.259403144917683903e-01,7.754768282197597173e-01,-5.900943998687935288e-01,-6.997751419934631345e-01,-2.982490487282449809e-01,-3.351940528366148531e-01,-3.389223611399925229e-01,4.393657263278246683e-01,2.153834165107240961e-01,-3.025297451278748939e-01,7.677744862008732962e-01,-6.993072134676547869e-01,-2.508350521554116863e-01,4.997286680878824106e-01,-5.001694264038913929e-01,-1.988779456811454183e-02,-7.728590425050473056e-02,-6.598572036124459306e-01,-1.925091621040461720e-01,-3.426937693630951465e-01,1.705370681521662934e-01,-1.367566017803481526e-01,-4.580882947401528765e-02,-1.022664365723177371e-01
-5.270078127819837199e-01,6.774551881712019830e-01,-5.090237282772430705e-01,-8.023078405937000834e-01,-1.772502474612657475e-01,-2.882311711629443329e-01,-3.288352341490101138e-01,4.532928576191120329e-01,2.857019698482817227e-01,-3.898041487690551699e-01,7.762285965421338307e-01,-6.265154903964154087e-01,-3.648257957661554252e-01,5.494313881804366861e-01,-4.709803338548710916e-01,-9.461011410545164257e-02,-1.016704349579305999e-02,-8.019296117306476956e-01,-1.665389159370218031e-01,-2.841461755928224031e-01,1.661043863532757348e-01,-1.992943645600175895e-01,-5.749140085175682285e-02,-9.023161981221156092e-02
-5.113455610708580457e-01,3.617024552144469940e-01,-4.132525198721668791e-01,-8.903678549859062041e-01,-3.226552978113665926e-01,-2.088890235409175122e-01,-3.316034352548348774e-01,4.629385521951437932e-01,4.088512903637204210e-01,-4.922267226590085754e-01,7.739782488574076247e-01,-5.450294721379158602e-01,-4.975948736747709544e-01,4.614242091283183855e-01,-4.268581117141463932e-01,-1.723855382687295157e-01,3.681421176713007420e-02,-7.840795122525057170e-01,-1.503539429736384103e-01,-2.104646549962795321e-01,-1.291452405067000653e-02,-2.634970267920364595e-01,-6.925639982768914960e-02,-7.259898911880129091e-02
-4.191405840936772154e-01,3.656029746353013365e-01,-3.152650741968302528e-01,-9.415411993864076790e-01,-3.278489872827832219e-01,-2.259054904668117980e-01,-3.202935619879150320e-01,4.644522670664338326e-01,3.521072340365803410e-01,-3.773866837429055154e-01,7.553746997939779773e-01,-4.539208476544330240e-01,-5.779765159383311035e-01,2.765186637781091861e-01,-3.658661447112839249e-01,-2.386814301668411797e-01,1.199175377405761050e-02,-8.699323187816038194e-01,-1.426321189843014481e-01,-1.382223788742112935e-01,1.167107707374076542e-01,-1.220063396210510631e-01,-6.392306864371387343e-02,-4.924103379432527572e-02
-5.510961564706109428e-01,8.720751928674375097e-02,-2.245638435167301161e-01,-9.879128276296086364e-01,-1.805394917769482521e-01,-9.166788881590061389e-02,-3.086100687878774451e-01,4.682206354656601177e-01,4.505189226809084291e-01,-4.210716909695960131e-01,7.380306530628673034e-01,-3.757890799709655560e-01,-5.179453922314685155e-01,1.445285657976698723e-01,-2.939191682103175496e-01,-2.830405517725262943e-01,4.891518348010806538e-02,-8.490856796937692463e-01,-1.360687650513730251e-01,-5.746096018209183309e-02,1.909912299369545541e-01,-8.586205642979859165e-02,-7.274708778612072602e-02,-3.991246523337459162e-02
-5.280045084459152882e-01,-4.183272104768753774e-02,-1.189261611423538950e-01,-1.001645404585215893e+00,-6.470227598829264570e-02,-3.239326445761969708e-04,-3.119177258764487259e-01,4.591227818082722067e-01,4.753258354528918095e-01,-5.682896650920851167e-01,7.070680239271567302e-01,-2.946381704027006276e-01,-4.649239812886552525e-01,7.607968746689572348e-02,-2.262176331015295916e-01,-3.103463449422153575e-01,1.339741078856446777e-01,-9.340146146502514846e-01,-1.372549075697994114e-01,2.103896291164675941e-02,1.060496804886640332e-01,9.181639143288966576e-02,-8.940807889907170791e-02,-3.469526912118844897e-02
-5.827629627727933803e-01,3.357878501414301997e-02,-1.557295521504434288e-02,-9.971350383684356444e-01,-1.438727967036641520e-01,-6.044102929242576444e-02,-3.263360591158031565e-01,4.407827320616179434e-01,4.733432641180979616e-01,-6.063095099832493950e-01,6.697820061176342765e-01,-2.008108853175512021e-01,-5.483082379650352500e-01,-7.800427342196358804e-02,-1.628821749160012378e-01,-3.272703167597661444e-01,8.964490113590903309e-02,-9.043515823102719065e-01,-1.508433447420476914e-01,1.074836575909825370e-01,2.154626989258112690e-01,-8.828708454561692842e-02,-9.773055060249084824e-02,-4.810697566075920750e-02
-6.293470913554514157e-01,-2.696498248086895977e-01,9.238779944828484636e-02,-9.950541826747120178e-01,-9.520675063525586845e-02,-6.368043873591192061e-02,-3.318354504682899941e-01,4.278516471018952716e-01,6.195838888836165959e-01,-5.195770039973748311e-01,6.282605544021365729e-01,-1.056204859489118797e-01,-4.263624410695405209e-01,-1.688254093737868722e-01,-9.076130865506810974e-02,-3.255307729379727788e-01,1.165674479179683587e-01,-9.040464602571056663e-01,-1.642130770895206815e-01,1.897476582003110313e-01,2.586236804607717765e-01,3.129063290098489658e-02,-1.162755038146831982e-01,-4.383864155438513960e-02
-5.508692664368328717e-01,-3.656058342043231879e-01,2.042307798195783786e-01,-9.572945546445233989e-01,-4.129094168054495140e-02,-3.082166196384136109e-02,-3.415241180451627501e-01,4.150515928638502383e-01,6.296226622474460077e-01,-5.751356000452683137e-01,5.676399527418842794e-01,-2.176132867923341596e-02,-4.670983289691876261e-01,-6.195554677677642119e-02,-3.137091650628254236e-02,-3.111333914064071116e-01,9.164793848085989181e-02,-7.966352725629251008e-01,-1.842827372351254767e-01,2.708036819556753905e-01,2.891122647573008408e-01,1.079979584045734353e-01,-1.392332648864433864e-01,-5.247691391446844544e-02
-4.464516602463590167e-01,-5.012262880652613717e-01,3.056512986164950929e-01,-9.046126670403386028e-01,-6.460777978426773815e-02,2.049305644473587429e-01,-3.559074507847971858e-01,3.985636019942591091e-01,5.955619492046216878e-01,-4.558675849688846871e-01,5.022228951058196333e-01,6.411650321192796653e-02,-3.361266855329014258e-01,-2.045176563683822890e-01,3.100702097461317114e-02,-3.045592285203455596e-01,4.742760094915876579e-02,-8.282940239544009930e-01,-2.057662995591838517e-01,3.396154625096017843e-01,7.334203010039169746e-02,3.233934770971698403e-02,-1.646672535558442174e-01,-6.987378061021931597e-02
-5.396699570716041450e-01,-5.353182775716637254e-01,3.933782379210848945e-01,-8.336533643644333802e-01,1.056496587489591521e-02,1.206774654338679809e-01,-3.670495306852226136e-01,3.578878439475021711e-01,7.214738502712990664e-01,-4.243169654742834362e-01,4.363488285015316159e-01,1.342792429332109738e-01,-2.522883076740559671e-01,-2.629537867686770891e-01,7.957218303589080888e-02,-2.806677700498745320e-01,1.321115280444686291e-01,-6.383897108074576554e-01,-2.261159662343799615e-01,4.100959747745572814e-01,7.015103701538147329e-02,5.530156740010810923e-03,-1.675005944904914001e-01,-8.086121552497621545e-02
-4.331613090299810120e-01,-6.535533617578170862e-01,4.863515791314995673e-01,-7.553643604241434550e-01,-2.210477380973685166e-02,2.081481273797747278e-01,-3.836166572843076050e-01,3.253367530741456681e-01,7.426907254030649108e-01,-3.954226769967156274e-01,3.548048490703344382e-01,1.975738242023100388e-01,-3.691647035411977917e-01,-2.931499886046984304e-01,1.182627766882831943e-01,-2.486664263564627164e-01,1.192297843215050085e-01,-6.309184593741866687e-01,-2.583122149144868041e-01,4.601349028978025668e-01,6.480303661801448123e-02,5.735059927833112414e-02,-1.694507774839274228e-01,-8.924017008893830871e-02
-2.034771254424354303e-01,-6.810331316720497075e-01,5.642014319976699221e-01,-6.611161142931988310e-01,-1.059275489928737379e-01,3.465556210086584987e-01,-3.951948172962347905e-01,2.834175412409899453e-01,7.088371077506047113e-01,-1.948798906221361205e-01,2.684996518737485793e-01,2.535294126509896051e-01,-1.835823632582307408e-01,-4.230843334202624151e-01,1.668085042519955874e-01,-2.119207844839609833e-01,2.056658693523037984e-01,-6.689805077580301962e-01,-2.915081042652544197e-01,5.075137958153776996e-01,1.051470015931121466e-01,1.292820002628789489e-01,-1.704373242456624360e-01,-1.028459418116511315e-01
-1.395156033673094764e-01,-8.059938427547311823e-01,6.139108263615817851e-01,-5.608356893922449293e-01,2.178853115784543104e-02,3.432134306936013846e-01,-3.962339178666313688e-01,2.273429990924162869e-01,8.087104377532270405e-01,-1.577512319314881561e-01,1.833349208260751650e-01,2.847901130845831297e-01,-1.662770091729723898e-01,-3.694324336473698289e-01,1.946661510430995057e-01,-1.599964971903828082e-01,1.643001338408560663e-01,-3.837278954600205627e-01,-3.354969050966157829e-01,5.567528462332933525e-01,9.352668861891189067e-02,1.229754684197952169e-01,-1.747755066770289578e-01,-1.236091365666090736e-01
-1.597257001369837282e-01,-9.155680471576463919e-01,6.519273927102563482e-01,-4.462120003814317726e-01,-8.491093635396436412e-02,3.877157811074122828e-01,-4.072495705757432916e-01,1.719004036144083369e-01,7.780596632586811445e-01,-1.053799414892457043e-01,8.715892912656510172e-02,3.079079280573836508e-01,-1.000589401891295305e-01,-5.516976215521930405e-01,2.180374912023809175e-01,-1.123755836172374012e-01,5.612543699762687077e-02,-5.131158666003958757e-01,-3.775236898692818088e-01,5.749722670135800628e-01,-1.959537852366126376e-02,1.640581832372089433e-01,-1.768920749386397318e-01,-1.438280394697132869e-01
4.551225033925705710e-02,-1.022979444711243469e+00,6.860278622102626844e-01,-3.194545543334065818e-01,-1.708930611800240917e-01,2.927543585103342672e-01,-4.047694831313962127e-01,1.118052301456058245e-01,5.555047905033835276e-01,2.449479122738534853e-02,-6.502356452967135089e-03,3.208617440764992557e-01,-5.441482968345779520e-02,-4.308627891292642897e-01,2.322732138715288552e-01,-4.566262412484303757e-02,8.124845846326289589e-02,-3.736436094344076642e-01,-4.093771848350147846e-01,6.039269715162511876e-01,-2.993010282708295777e-02,1.046000234353750835e-01,-1.666777641300198065e-01,-1.681344860402958774e-01
2.282685373000306606e-01,-8.664836625970383510e-01,6.930884209542339525e-01,-1.810499847979856192e-01,-8.794146843625216814e-02,3.271404229498297012e-01,-3.907181099027872695e-01,6.170398809706438559e-02,6.181833130725916670e-01,-6.782519190389696417e-02,-7.796874066662147496e-02,3.160896051461944967e-01,2.257804064317648490e-02,-4.580264080864068221e-01,2.385381937009847242e-01,9.259102876548561123e-03,7.162433986858014745e-02,-2.400998530660672092e-01,-4.449844164264327162e-01,6.171699617201265031e-01,6.452999915933535502e-02,1.461218207233295763e-01,-1.542848694532544529e-01,-1.858357058725977617e-01
3.686274985155416628e-01,-9.350441047057989064e-01,6.749465114632806628e-01,-5.880627526662277060e-02,-1.916658426362903567e-01,5.001728223549611885e-01,-3.825579208260279085e-01,9.175095157155921388e-03,5.181436671411564499e-01,8.452324933156044051e-02,-1.550203501673440565e-01,3.170251839222502088e-01,1.522129103386648530e-01,-4.720576327577764575e-01,2.343335974037107361e-01,6.686652979519550066e-02,2.481736263794779088e-02,-2.573501062264829664e-01,-4.800659390663532533e-01,6.152053148896284851e-01,-1.550718459570938623e-01,2.321375610274136747e-01,-1.505349255990828250e-01,-2.069625112721543148e-01
5.132732478182685520e-01,-9.525991767676467159e-01,6.368025814852192878e-01,6.862957929042408367e-02,-1.194889978107311901e-01,5.311850544600404955e-01,-3.614638842483176018e-01,-5.992392339348981412e-02,4.768737895720131514e-01,3.492532490994099126e-02,-2.216344106281241122e-01,2.988883203441456970e-01,9.403508160613019418e-02,-5.423899076703417865e-01,2.143269016770008584e-01,1.253090315892751994e-01,-5.687893896486141687e-02,-1.230159308827148273e-01,-5.101504683727967615e-01,6.132333346313907363e-01,-1.093194575547641184e-01,2.695202343324520911e-01,-1.237975293767559215e-01,-2.363727646786114023e-01
6.102311682224648148e-01,-9.460104374993256737e-01,5.780943805092598753e-01,1.951299910499146029e-01,-1.478612882505905279e-01,3.582215044111866087e-01,-3.442826825872649654e-01,-1.306446030140159531e-01,3.363725680139683094e-01,2.333549577920575324e-01,-2.828044649421329049e-01,2.825115501267502216e-01,1.830863739333333517e-01,-5.004049468283935376e-01,1.973563114891125347e-01,1.894256731295831941e-01,-1.594582585127915231e-01,7.837832502125278988e-02,-5.317798436198677425e-01,5.963441237541864393e-01,-1.482288231276024382e-01,2.966347914795524621e-01,-1.003394045644292881e-01,-2.680083813599005160e-01
7.000479450604069065e-01,-8.929763094751512753e-01,5.037653474335428427e-01,3.172637485672947788e-01,-2.744855410804138973e-01,3.617454918548073106e-01,-3.208543762969275348e-01,-1.827738457524836768e-01,2.995001822878223252e-01,2.086629102662429791e-01,-3.287288297232137668e-01,2.433518802155126837e-01,4.078252533223793996e-01,-4.092851431080132274e-01,1.683978222916961698e-01,2.481003603370515176e-01,-7.250764866595935110e-02,1.551941792171493140e-01,-5.421766149648524769e-01,5.583450978149132604e-01,-1.173236962780353498e-01,1.706594922157025074e-01,-7.156327544815231645e-02,-3.009917612307485557e-01
8.605833431842915271e-01,-7.268332683475440259e-01,4.148440837123492653e-01,4.296366993355031916e-01,-3.431785824211026070e-01,4.433945319449396072e-01,-2.823172452613949557e-01,-2.337655812385487086e-01,2.822156491952190205e-01,2.362206025742136783e-01,-3.687323936044356043e-01,2.046216060934781811e-01,4.796555884087216892e-01,-2.720873180550342774e-01,1.142280001338118189e-01,2.958573609054281905e-01,-4.575121076487154159e-02,9.478323398789020859e-02,-5.593139770775606978e-01,5.123842290550261191e-01,-1.365070999503378291e-01,1.484877627222849217e-01,-4.441670377545424431e-02,-3.197410568938784392e-01
9.460723373738529896e-01,-6.685178016654531596e-01,3.048350557202354483e-01,5.202731017688094761e-01,-2.715720813766007158e-01,3.736963086996418215e-01,-2.346151222478308762e-01,-2.906880422753740922e-01,2.775265102772495607e-01,1.718134512445563533e-01,-4.048321883296797652e-01,1.613875190200205478e-01,5.017134652927625060e-01,-2.168588285930664328e-01,5.083772738332392738e-02,3.269031441105811342e-01,-2.860661985238620586e-01,2.684108801531820410e-01,-5.767345703338716545e-01,4.718985989916603119e-01,-1.765846451863847255e-01,2.498713847794436782e-01,-1.458854222051815183e-02,-3.348063560177922393e-01
9.503035120623781751e-01,-6.684327822516736850e-01,1.824552585982398278e-01,5.990424619902985359e-01,-1.693407546303069278e-01,2.049269021505478183e-01,-1.915401344385559979e-01,-3.379137739083316605e-01,2.139340101094075186e-01,3.240051575641154646e-01,-4.380881036538926687e-01,1.230683007789249855e-01,5.347434878779908640e-01,-2.531313805509642911e-01,-1.590725013979366401e-02,3.490802395039789285e-01,-3.078802503887678732e-01,2.564610318280011736e-01,-5.680017704038939907e-01,4.134361470678799000e-01,-2.733630763895417148e-01,1.252441344961718883e-01,1.981070954433937492e-02,-3.584327936516212287e-01
1.089373969137002796e+00,-5.912920600981798058e-01,5.649770368512072038e-02,6.712265715147391898e-01,-3.438075110046854843e-01,2.921926350827970809e-01,-1.566081499536179089e-01,-3.658261853504638506e-01,-2.287303472931387360e-02,1.405607003694581969e-01,-4.628719396637128169e-01,6.811486675339636920e-02,5.498980740274987955e-01,-3.132387322198473822e-01,-8.664220481610068747e-02,3.714271831403433421e-01,-3.270861130634249991e-01,3.351764670907737553e-01,-5.542346478824959899e-01,3.569672423532905259e-01,-3.371353454086772339e-01,1.095030097756136966e-01,6.484840206525699369e-02,-3.677386180275777905e-01
1.012176773991877665e+00,-4.454421338436520550e-01,-8.617176031152648519e-02,7.289829714182096687e-01,-3.569829295283828419e-01,1.359017449403697730e-01,-1.030590706310622467e-01,-4.005540830930617302e-01,-1.406520659477846213e-01,1.927510174800953768e-01,-4.610878138099349099e-01,3.061579718042188591e-02,6.511849166554821711e-01,-1.543929946768170525e-01,-1.595631778810664980e-01,3.961279755083772502e-01,-3.728152933134125657e-01,2.485751185705991628e-01,-5.358245295878820702e-01,2.936632909865528052e-01,-2.830354061764687179e-01,2.055656387299316656e-01,1.164454680848783369e-01,-3.731726252698813195e-01
1.047631078316030084e+00,-3.035110338502480798e-01,-2.231047472926380448e-01,7.646995592238070572e-01,-2.970347688489637927e-01,2.245020247992698392e-01,-4.679910044975217620e-02,-4.167735111363654599e-01,-8.611308167014120052e-02,3.118030598192943481e-01,-4.456720768991193626e-01,-1.177992198184034042e-02,6.948355020312196872e-01,-1.570257639527722071e-01,-2.433868304975299324e-01,4.011639303215792651e-01,-4.414620654675361355e-01,2.400124236019196278e-01,-5.098081082291336941e-01,2.403294564104658249e-01,-4.321111181277332847e-01,1.094753656004808090e-01,1.625812700749220685e-01,-3.856131191750302722e-01
1.212364510222044611e+00,-2.897730533151201548e-01,-3.645061137618293978e-01,7.791908226405710458e-01,-2.707723848898185848e-01,7.753233020708594214e-02,3.922086740956412521e-03,-4.389541009371513702e-01,-1.786122367298294544e-01,1.362268373593722159e-01,-4.336979595413266164e-01,-6.505005348342682292e-02,6.408703955820843623e-01,-1.110917762909495871e-01,-3.313036716976660023e-01,4.022632412692281334e-01,-4.993058157208667969e-01,4.161554795088809877e-01,-4.744368325802718611e-01,1.894780098687464387e-01,-3.791453067516432629e-01,1.667430654454546413e-01,2.239558342999953544e-01,-3.860727400232619733e-01
1.086605809458077720e+00,2.397329646913079482e-02,-5.222203966843844691e-01,7.851861171380078996e-01,-4.049521054873308490e-01,1.158126280746490377e-01,5.280402888210904144e-02,-4.437771539969153078e-01,-3.904429440492621639e-01,1.788303683586719706e-01,-4.098994195704790955e-01,-9.983516347046998696e-02,5.442221642672645521e-01,-1.099396218863352842e-01,-4.133308586346895463e-01,3.943902081458071085e-01,-4.725582057947086412e-01,2.847556727740524485e-01,-4.309727440855102287e-01,1.230881243876516540e-01,-5.264018524151438116e-01,-3.678331766299924865e-02,2.796742476991283533e-01,-3.892041161809897121e-01
1.184998590335237800e+00,1.012903296931578906e-01,-6.666742329050502347e-01,7.519263047485488238e-01,-3.872135383351208437e-01,1.139999513955310961e-01,1.150392082990479431e-01,-4.499672903142010183e-01,-4.089320486972535806e-01,-1.111470101430298008e-02,-3.633362382790834011e-01,-1.374803806426783126e-01,5.836444200324432119e-01,-1.660586781152145058e-02,-4.847905836709768823e-01,3.823718130985797603e-01,-5.156659144819022433e-01,3.718697397927535064e-01,-3.871526803307329123e-01,7.241336141901796863e-02,-5.369023872548330800e-01,-4.258707505470284149e-02,3.499268557232281252e-01,-3.691924713712632644e-01
1.053552312486231379e+00,2.003737119144054779e-01,-8.184132443664055012e-01,7.039583574215914075e-01,-4.090923254793661923e-01,5.189575990366595420e-02,1.754205767404141414e-01,-4.528426389852303058e-01,-3.755158693265032710e-01,-1.054163339904938684e-01,-3.133421901999740022e-01,-1.535809402859080186e-01,5.577395431167680995e-01,1.863471980726568167e-01,-5.591495932362168242e-01,3.575412448170690038e-01,-6.063950537790012696e-01,2.422264054336492056e-01,-3.367748389720075508e-01,1.552211484299547556e-02,-4.270514812037772279e-01,1.505403425105383830e-03,4.197965942744252832e-01,-3.452314889579635171e-01
1.017448921587297717e+00,3.147937797134725546e-01,-9.536766970326223669e-01,6.388349960326394905e-01,-4.017327377024248469e-01,6.656664776296039587e-02,2.377565767340334424e-01,-4.464868928901818967e-01,-5.338300234021341462e-01,-1.937389778207303515e-01,-2.662005951621646549e-01,-1.576648147368874819e-01,6.787594494178308402e-01,1.857971831683268293e-01,-6.292199604843684568e-01,3.088722240003044517e-01,-6.837656076324750698e-01,2.232281041976681424e-01,-2.748087935494185063e-01,-2.554502251789857875e-02,-4.082283308638379182e-01,-9.108516997370894042e-02,4.770543047810535398e-01,-3.223544410182054842e-01
1.033236969335673106e+00,2.834823763248545125e-01,-1.081248402279086473e+00,5.559487757213895653e-01,-3.559465018079190357e-01,-4.653973392110322127e-02,2.986521300321449135e-01,-4.385378755417521646e-01,-4.682756596130625004e-01,-2.179979736232343090e-01,-2.033182346265983154e-01,-1.505466314001164263e-01,4.644083962315201930e-01,1.814038090153090588e-01,-7.085354025923327193e-01,2.570768705171443402e-01,-6.742882572401445174e-01,2.731020299494544279e-01,-2.034495403466723140e-01,-6.137487423670552611e-02,-3.609171869405594646e-01,-1.226899273968548587e-02,5.309352526552639784e-01,-2.875134631960015175e-01
9.498274339235270869e-01,3.839165164153259813e-01,-1.205482086311929324e+00,4.703660342735481725e-01,-2.759635257930007080e-01,-1.047783871409908585e-01,3.541943140701692139e-01,-4.162994209682777114e-01,-4.312431893955986917e-01,-4.295250277777989956e-01,-1.477371187008052478e-01,-1.379197687575159370e-01,4.635229052997416610e-01,2.649849975919818523e-01,-7.633457450955619672e-01,2.020992439349998948e-01,-7.443417132684392312e-01,2.724559358641184814e-02,-1.317008487987467447e-01,-9.842017342549691516e-02,-2.344864768163084645e-01,-9.012926149368293005e-02,5.780167142366519073e-01,-2.580917041867909489e-01
7.710321712943674077e-01,5.622744275717727058e-01,-1.316344692397726668e+00,3.690950188896017226e-01,-2.617657572103317398e-01,-1.694851275031357130e-01,4.002861995829641306e-01,-3.856135623923417910e-01,-5.898706806328609664e-01,-5.026932240400466823e-01,-9.683350982823168973e-02,-1.014548358483982338e-01,3.800231212067885500e-01,1.453139069926158711e-01,-8.149919820505493462e-01,1.363803528938469234e-01,-6.799954389443949587e-01,1.119426305917439746e-01,-5.155162078690175842e-02,-1.070809436575685114e-01,-1.621258940564700990e-01,-7.914595752602034129e-02,6.106985978839678531e-01,-2.187258898451868716e-01
6.653391101534491536e-01,5.618838912439418909e-01,-1.403600787117734727e+00,2.451060488570400708e-01,-1.966122676799692826e-01,-7.585842678981349896e-02,4.431451038499463202e-01,-3.463560894782080624e-01,-5.469081419017095547e-01,-5.521774891893551640e-01,-3.219773097120219585e-02,-5.536886607339840810e-02,3.999933115495589719e-01,3.251992841858740713e-01,-8.546982377927322405e-01,8.046970506688165548e-02,-7.847907903102960825e-01,7.471066220023453441e-02,2.209426697657178654e-02,-1.201716392307333181e-01,-2.223069997013615295e-01,-1.533588783603467287e-01,6.339831236483381982e-01,-1.790784286529948088e-01
3.991500940050096702e-01,5.775232629243415294e-01,-1.473577921890249831e+00,1.175894745018128129e-01,-1.493139686838280966e-01,-9.414036565060154849e-02,4.772693340715566945e-01,-3.145745321212140011e-01,-5.000273219372377564e-01,-6.266060059985234520e-01,2.544719617367562775e-02,-1.407302086656458950e-03,3.324034462083938490e-01,3.352789913514866993e-01,-8.933736710407104153e-01,4.944312280885598820e-03,-8.305970278512854188e-01,5.551285236578992754e-02,1.064117992828422926e-01,-1.257951670610392148e-01,-2.987889806606834897e-01,-1.490053627533261260e-01,6.611690092949422670e-01,-1.310987827199900091e-01
4.223707999788706147e-01,6.889541028839807346e-01,-1.510158739485781609e+00,-1.417643347743079152e-02,5.226034805288165552e-02,-2.507139479114666725e-01,5.048706118053030156e-01,-2.794658181716323520e-01,-5.565634990914112290e-01,-5.403738437449834286e-01,7.536135118106841724e-02,6.252755389874270486e-02,2.523869100707610835e-01,2.487046953637091218e-01,-9.212932600602773414e-01,-7.304177575326700755e-02,-8.392283656452453888e-01,2.257540253364262450e-02,1.950642279571689619e-01,-1.252707713450700033e-01,-1.736227401310296292e-01,-3.598768060823824833e-01,6.934476741852715342e-01,-8.250149953539254177e-02
1.938914903038843340e-01,7.820177194006691090e-01,-1.542280986556977762e+00,-1.580835487772217496e-01,7.070888284550914948e-02,-1.690880590624705415e-01,5.103965208171576950e-01,-2.275459006492149827e-01,-5.284159458974478918e-01,-6.656383687851415987e-01,1.274386336300763478e-01,1.199230396186270753e-01,1.934244987163564189e-01,3.194229351555370466e-01,-9.371589876093719962e-01,-1.432729390339833597e-01,-7.583195689132440354e-01,-1.556761186343930403e-01,2.840013165617106816e-01,-1.170472220121457907e-01,6.654607465165857105e-02,-2.970333851114718704e-01,7.105918478868948895e-01,-1.151466833231130915e-02
2.144284795367640273e-02,7.571641345475750295e-01,-1.544198662022642443e+00,-3.119977726053780875e-01,-2.110089089865319067e-02,-1.233976290195203662e-01,5.114611721027069180e-01,-1.838372835490397206e-01,-4.306245236383263175e-01,-6.900932230942140588e-01,1.735223941902817590e-01,1.920771429022191668e-01,2.695409729818692424e-01,1.113238391157506668e-01,-9.435370257165243135e-01,-2.209273149962766025e-01,-8.805839109388159391e-01,-6.166754291844175895e-02,3.638843998027589399e-01,-8.662692945608446715e-02,-1.599301712724218727e-02,-3.714823530796293460e-01,7.000821464828174134e-01,5.359807788425517694e-02
-3.490961070030412228e-01,7.714023020889912985e-01,-1.521205385648192188e+00,-4.625629600197686542e-01,2.759218078713084055e-02,-1.656498299327997803e-01,5.195265418596121121e-01,-1.449171140410926428e-01,-3.794262285753495223e-01,-8.852250479620645818e-01,2.059516472206056603e-01,2.685188781003714498e-01,6.528547510861518188e-02,2.881222511145425935e-01,-9.536252253927635092e-01,-2.776050939961455799e-01,-8.217268416586436253e-01,-1.133919417170826394e-01,4.539833655537818258e-01,-6.182446663378941831e-02,5.859502147702377872e-02,-3.239626289213967669e-01,6.946537903222880228e-01,1.252273552280996627e-01
-5.249253290392121851e-01,6.264435239431979108e-01,-1.453813894230532533e+00,-6.124703351249310979e-01,1.204832232943221365e-01,-2.083780729172455548e-01,5.207368528830387255e-01,-1.016131470726561181e-01,-3.464340524502960150e-01,-7.810185376597114093e-01,2.292575635559700453e-01,3.656101886626665909e-01,1.050938062159033626e-01,2.055784736299383630e-01,-9.404064353151044831e-01,-3.521112385391374500e-01,-6.293759081800816002e-01,-2.358800892850191899e-01,5.364017913360092926e-01,-2.752349645705499948e-02,2.134707552280531162e-01,-1.785531388818450971e-01,6.782383379434405724e-01,1.913883845793754035e-01
-6.304693685032171091e-01,6.548754436286120528e-01,-1.361804520490635717e+00,-7.435963835320197335e-01,1.284097847851540242e-01,-1.874497640116044028e-01,5.104970163523037119e-01,-5.424599536390654897e-02,-1.310641375754767468e-01,-8.662181965523516602e-01,2.442907015917591684e-01,4.528348704087809540e-01,1.210498585788158388e-03,1.260368384007647391e-01,-9.275456620869247937e-01,-4.172413864415878137e-01,-7.170725386002786417e-01,-2.405811274290260149e-01,5.973657885903360665e-01,2.291121802981292699e-02,2.639277702782896196e-01,-1.118929861549447097e-01,6.431474161383123889e-01,2.417798749879018771e-01
-8.326743456793096465e-01,5.368075397943889993e-01,-1.253293170827331604e+00,-8.721729572284344645e-01,3.382029307676484020e-01,-1.850601242973461957e-01,4.971727647920256565e-01,-9.776046578858534064e-03,-1.003267955822256807e-01,-8.540291965702763166e-01,2.333555017965007194e-01,5.487836150780581734e-01,-7.342135612293203273e-02,-2.557787309940653953e-02,-9.011377783700866839e-01,-4.733719781612594213e-01,-5.654517563374118483e-01,-3.895528372845724063e-01,6.642114673919492507e-01,7.653350955946440493e-02,3.329560425641778232e-01,-1.120105140109657060e-01,6.007234816863223914e-01,2.834462914394521027e-01
-9.222988732480893459e-01,3.740256376775362157e-01,-1.118843360847142421e+00,-9.827453181437462160e-01,2.052657755641623671e-01,-1.645689254270191193e-01,4.607407364306661535e-01,3.351523111005969002e-02,-1.354066212659322255e-01,-9.309839216945762219e-01,2.146431841289015707e-01,6.423717941398783271e-01,-1.072692480866487552e-01,3.304396097530820642e-02,-8.646398888752881984e-01,-5.126780861404771628e-01,-5.007055154528492480e-01,-3.865825937489157926e-01,7.128119196757797260e-01,1.480430788417095855e-01,3.959985121883894954e-01,-1.591976229673205956e-01,5.495889980962528343e-01,3.227550982018890791e-01
-1.127932855385601840e+00,3.795270212372636731e-01,-9.707701064148179793e-01,-1.069664334228113356e+00,3.345469918419110011e-01,-3.796488757291377469e-02,4.356765617674992486e-01,7.267587875594848368e-02,3.788232426132388808e-02,-1.032361657542054001e+00,1.949013154753269639e-01,7.421417335819331385e-01,-2.622857846203183740e-01,-5.849943329759202393e-02,-8.230299408241682491e-01,-5.557864238050757022e-01,-5.255203520875885159e-01,-4.236588151710963812e-01,7.510787536019035704e-01,2.212269411835154631e-01,4.218716528836492508e-01,-1.201366593588011900e-01,4.905140649911344242e-01,3.639947690030752026e-01
-1.229878539450920183e+00,1.960610135371723683e-01,-7.987336285330050023e-01,-1.149228226195730951e+00,3.309159286191833971e-01,-7.612934548520677858e-02,3.958929860546483992e-01,9.768567272396783130e-02,8.515440707369924256e-02,-8.102671588157515092e-01,1.529920155672370163e-01,8.504460162941707146e-01,-2.316787751295432407e-01,-1.259210761242238463e-01,-7.640338386451109853e-01,-5.874025543771869140e-01,-4.898577923707543857e-01,-4.068903769085426836e-01,7.879492035588423482e-01,2.995654207370390676e-01,5.353767320814647457e-01,2.455830044597662187e-02,4.271690707516374585e-01,3.981335875824637549e-01
-1.266150478500883469e+00,2.055214727340265446e-02,-6.136178420743343409e-01,-1.201394396262954523e+00,4.971776275795905531e-01,-6.519516861647112194e-02,3.554766747297069540e-01,1.243776426465573043e-01,3.466505095499168854e-01,-7.966235173697621130e-01,1.012306845328135030e-01,9.337818570174322153e-01,-2.982487389729903682e-01,-2.441017831380661030e-01,-7.068937768181861037e-01,-6.091456496015195121e-01,-3.138802652517642677e-01,-3.144099538146516437e-01,8.171278922344336060e-01,3.775724909420545838e-01,6.258416374329444087e-01,-3.549660346911960584e-02,3.511705530455330737e-01,4.144400502236217920e-01
-1.523858012460745037e+00,-2.485657804821641559e-01,-4.234341049608192908e-01,-1.226478841856830870e+00,4.907061632327947565e-01,1.108006259544034450e-01,2.973586397300752027e-01,1.477999774844048209e-01,3.929002057807745585e-01,-7.525699792146016698e-01,1.949798673213861550e-02,1.012659980029297024e+00,-5.006772201005487144e-01,-1.664944485953738784e-01,-6.423714780039954109e-01,-6.160936229080071769e-01,-2.109720748459150697e-01,-4.592850093323649352e-01,8.246477314158755512e-01,4.472965078389057880e-01,5.368051901653585478e-01,9.962068767750194287e-02,2.657881749340308963e-01,4.328709987751401256e-01
-1.399012355003312003e+00,-4.132991850096283115e-01,-2.074172076124068675e-01,-1.215037375128282804e+00,3.537879024015768148e-01,1.000709048883686447e-01,2.390850959265229392e-01,1.505865837555435127e-01,4.430473541812748883e-01,-6.722351518194620290e-01,-7.027300296221544729e-02,1.082576698833696671e+00,-5.436242806234350411e-01,-2.776893306947409990e-01,-5.576628492853165087e-01,-6.275503493751074524e-01,-1.940968499390001434e-01,-4.261212865844697939e-01,8.183625270460725964e-01,5.314475388629587016e-01,6.274076996582717003e-01,1.778632546611820520e-01,1.889248923037336048e-01,4.334293175885332028e-01
-1.415448982624466501e+00,-7.416120320461736526e-01,-5.799866159910141428e-03,-1.176451361956457164e+00,4.524714248895417290e-01,1.584030200089723284e-01,1.947279046057979468e-01,1.515308613751057409e-01,3.913642050352155177e-01,-5.772994108158765458e-01,-1.679762932415732601e-01,1.139559979832061476e+00,-3.750861084447630334e-01,-4.375934082313353013e-01,-4.686175944647065772e-01,-6.236036490650748165e-01,-2.472978635969874106e-01,-3.627586222375985825e-01,8.062441413499503717e-01,6.114452876730271935e-01,5.923405455241037565e-01,2.801421179731483635e-01,1.034525308002034322e-01,4.223374976659660107e-01
-1.438377119467937559e+00,-7.530463758844789801e-01,1.942859764284677881e-01,-1.095248084933988508e+00,4.616765093885697446e-01,2.510016190267739256e-01,1.407317930779164450e-01,1.444301651018822241e-01,4.216790758377910175e-01,-5.260150164015422458e-01,-2.627362494381481617e-01,1.181835847775680071e+00,-5.681956879402860761e-01,-5.441628273183173325e-01,-3.971772692769801605e-01,-5.992629216371891943e-01,-1.231233333947347602e-01,-4.430581040008477189e-01,7.955430871933762971e-01,6.840056558168517986e-01,6.597321239019343642e-01,2.347329689082835458e-01,2.257106039254178770e-02,3.968363731005414285e-01
-1.305320321941487949e+00,-9.674165158079788274e-01,3.913796617392070742e-01,-1.003457104996592797e+00,3.326380117563486061e-01,4.474444552675757580e-01,8.650474124087609296e-02,1.254286324878994829e-01,4.578864315842545718e-01,-3.224359712447049664e-01,-3.620396154036832348e-01,1.214007451317020481e+00,-3.870105866788422500e-01,-5.988710657651620251e-01,-3.080815946278985806e-01,-5.608642000158641228e-01,1.160278441081131345e-01,-4.141782997436105340e-01,7.688828389342005076e-01,7.636116841791438237e-01,5.305673674502625614e-01,3.581908897942460701e-01,-6.327742490072929549e-02,3.720128344425964184e-01
-1.384737797393522429e+00,-1.048074440814771080e+00,5.693748151722897166e-01,-8.809996144753599046e-01,3.588178062401794488e-01,5.231878492780845935e-01,4.646437367009071534e-02,8.420450960929312667e-02,6.373097883953433573e-01,-2.816827565229315655e-01,-4.659448454929770445e-01,1.220682342028868606e+00,-5.271676977919361740e-01,-5.949495384058900438e-01,-2.395691521628306453e-01,-5.128031992984558585e-01,2.906375997635587960e-01,-3.127393709137079036e-01,7.145147940588284508e-01,8.385078933757112996e-01,5.244070876462829656e-01,5.139402604410781006e-01,-1.344400382687294393e-01,3.307289435014789669e-01
-1.138845175713945723e+00,-1.246539385918250975e+00,7.481128250827895343e-01,-7.423876867524087375e-01,3.984762368671018740e-01,5.058752025929361684e-01,6.105590664541538266e-03,3.367171260502341279e-02,4.682471762587385178e-01,-1.745135901434198278e-01,-5.874769165654487590e-01,1.218073123439235239e+00,-4.211948577034995145e-01,-7.920882230195964713e-01,-1.598579701078861603e-01,-4.620267040094916955e-01,2.962598379191671016e-01,-3.608637183555091221e-01,6.392999616120017548e-01,9.000898120858784601e-01,5.413249436681581983e-01,5.161406322141538494e-01,-2.024901638195993059e-01,2.705884471057320440e-01
-1.103194789457386582e+00,-1.478419620471765894e+00,8.942546944984094415e-01,-5.759043363812531569e-01,2.641700494942064159e-01,5.040418562350079679e-01,-3.545456792818049013e-02,-1.682198661945989021e-02,5.091972070756338731e-01,-5.451855232833244941e-02,-6.912157005983218250e-01,1.198719468932238685e+00,-4.834448324570529976e-01,-8.056317270406043729e-01,-9.376586450112533999e-02,-3.878887011047864597e-01,4.330827756825703090e-01,-3.195750672020685190e-01,5.609291085425568424e-01,9.623600210431562108e-01,4.745229564527702060e-01,5.522865227296993584e-01,-2.688172720831484286e-01,2.072185248652398393e-01
-8.334218335739262962e-01,-1.543278169629767937e+00,1.027641711422082604e+00,-3.800027047260313151e-01,3.256293268084098913e-01,5.010730879311181551e-01,-6.081409883256681803e-02,-6.888450600056982009e-02,6.122590407187011863e-01,4.425750019960491416e-02,-7.974406332688558363e-01,1.162327984735791686e+00,-2.902704540189410820e-01,-8.156796108860066008e-01,-2.554745839145517936e-02,-3.095715501062601405e-01,4.848769305688713782e-01,-2.275796758823679378e-01,4.662676015372246852e-01,1.016215983051809157e+00,3.240814279884250970e-01,6.190172138706708793e-01,-3.248995158883946632e-01,1.373304330188311606e-01
-6.663031150805717173e-01,-1.474560270498806336e+00,1.123478126623510320e+00,-1.722025639426470189e-01,1.721852867357834271e-01,5.069045747726059759e-01,-8.957247780589847053e-02,-1.215868724341844093e-01,4.575329646668171435e-01,2.833874976822624014e-01,-9.115001140819372072e-01,1.111003096644722632e+00,-3.150210856161237416e-01,-7.908639700441150167e-01,1.903373526068301985e-02,-2.273451127121144388e-01,5.173453286760675285e-01,-1.610046033495411144e-01,3.643382660284198993e-01,1.055829320953427297e+00,2.556878457522072101e-01,6.564951146230155743e-01,-3.621126292367309318e-01,5.841578245235033717e-02
-5.061800571887458133e-01,-1.553097590211540480e+00,1.191671631031671286e+00,3.219691364408469592e-02,3.325694026151587712e-01,4.587377389695783125e-01,-1.001863752662559282e-01,-1.759741488951917787e-01,5.560548990965827887e-01,3.911577470409071666e-01,-1.006823898145241536e+00,1.030412849337916992e+00,-1.634814001743253031e-01,-9.038513449767475727e-01,6.172309316489302256e-02,-1.458955764051840243e-01,5.652229218953428447e-01,4.594217785780135843e-02,2.578272479635619341e-01,1.083469384442683481e+00,1.866888597973941077e-01,8.588601753557475460e-01,-3.883300909816311264e-01,-2.560554314499759176e-02
-3.175955681319904689e-01,-1.751209571057909198e+00,1.233263149069724118e+00,2.465677604338268603e-01,2.836340441877801544e-01,5.201269704301602070e-01,-1.240678751663482765e-01,-2.257336811997359971e-01,2.881347752339042945e-01,4.668153384267354489e-01,-1.107398165841959159e+00,9.348072951522012897e-01,-1.606115506311087959e-01,-9.022951081588402866e-01,8.494200690863099035e-02,-5.153187951324481042e-02,5.585965195753641588e-01,2.535248333193262926e-02,1.458176061253398381e-01,1.084945761849813062e+00,2.135218982335718163e-01,8.716178077531131496e-01,-4.033059205327379493e-01,-1.306436273166201034e-01
-4.938711835344991585e-02,-1.597871217190506954e+00,1.245076420160098563e+00,4.814823966206404071e-01,4.631607631643247514e-02,5.669321143047317824e-01,-1.404324965231761591e-01,-2.825097081788112696e-01,2.817127597727615007e-01,4.238648171319413516e-01,-1.175799285769561164e+00,8.272301546611479095e-01,-1.832157427178615350e-01,-9.021194450037718360e-01,1.030365610737227211e-01,4.324288511629838933e-02,6.100777152627708810e-01,1.896988468147706441e-01,3.509511955982767134e-02,1.082901681396073901e+00,2.240702638311493911e-02,7.786914881195287075e-01,-4.156482060045809668e-01,-2.370477260198318725e-01
7.939705403001563744e-02,-1.586058516143117547e+00,1.218312956767339639e+00,7.001869106631215534e-01,3.455783863231316755e-02,3.668750796022990368e-01,-1.301398867094966383e-01,-3.444262875072283125e-01,1.304841453811620977e-01,5.782059164378204885e-01,-1.237782194775225664e+00,7.212168017427460498e-01,-1.256919013652966488e-01,-8.693055177108810483e-01,1.185656474913442532e-01,1.383093796007576481e-01,5.366399586945755917e-01,3.633737822477564050e-01,-7.998391982611924300e-02,1.058929483448964870e+00,-4.075167917006927015e-02,6.840252456843468609e-01,-4.035106342914510091e-01,-3.341099665015522802e-01
2.573304319728316192e-01,-1.404589077658379592e+00,1.167961687023657769e+00,9.150164565198259936e-01,1.436951691125987751e-01,3.557132271136932422e-01,-1.156564815399734047e-01,-3.854395090414889369e-01,1.353110007999405173e-01,6.459321979324542662e-01,-1.278983992008555282e+00,5.973475073027241233e-01,-1.834747192762118673e-01,-7.438977952512280112e-01,1.235179406214884229e-01,2.302743793025009422e-01,5.514373269690457935e-01,4.885278704103424019e-01,-1.858099879802703747e-01,1.012016294588855336e+00,-1.710502239763178056e-01,6.985781823261157930e-01,-3.803059263300433424e-01,-4.204971850759073315e-01
5.196438339494121594e-01,-1.482839771786903738e+00,1.089447368407912231e+00,1.107856486296397547e+00,3.970778908982318389e-02,3.716258090066463238e-01,-1.101374726240098578e-01,-4.243607325743494196e-01,-6.790363704989124671e-02,7.526379630836231849e-01,-1.314251737990652202e+00,4.654284565320357392e-01,-7.968943572667659681e-02,-7.859734540378396916e-01,1.296442476948055922e-01,3.093718473614570641e-01,3.912612820298265182e-01,4.437551788021810717e-01,-2.901233997853105429e-01,9.476172947911326583e-01,-2.545587010891713353e-01,5.028107034000771636e-01,-3.399199255645085627e-01,-5.066474484565481884e-01
6.776268860286411844e-01,-1.304663953142461752e+00,9.756010196158548808e-01,1.303415485006286900e+00,-1.134922848847092491e-01,4.061071105308590723e-01,-9.231856635881893758e-02,-4.643562353441133550e-01,-3.259075674907500608e-01,7.555670171109704070e-01,-1.322417945075863743e+00,3.219069590748154241e-01,-4.956302550121190892e-02,-8.320561105148468473e-01,1.214203442771440988e-01,3.924886834359479493e-01,3.200696801772175415e-01,5.866185229819346203e-01,-3.745666717438354554e-01,8.829093408429876666e-01,-2.074906599515371763e-01,5.307668667887962544e-01,-2.871504796262774328e-01,-5.706757676373708232e-01
7.651354565246805128e-01,-1.051522987653427776e+00,8.369406164368325962e-01,1.474276801176668261e+00,-1.243689229629724446e-01,2.253208388129123718e-01,-5.730171054958534821e-02,-5.066645228208299656e-01,-2.654089778750701178e-01,7.464017218356161498e-01,-1.297595565953990615e+00,1.785807379468571654e-01,-1.825897358773885260e-01,-7.270549463218262121e-01,1.061016514964694263e-01,4.792869080117149183e-01,2.467093730556977893e-01,7.195545385048035536e-01,-4.481466952904281098e-01,8.001188942777848201e-01,-3.872073811669682897e-01,5.120247486829652139e-01,-2.362325239347024541e-01,-6.344765218338327406e-01
9.530725899638885501e-01,-9.341285143809296976e-01,6.818964372916141992e-01,1.611863811685588344e+00,-1.489977787699055811e-01,2.100479641287984200e-01,-1.931139513367538876e-02,-5.288891743940429269e-01,-3.965377309850610654e-01,7.578801163720689793e-01,-1.271850116484028792e+00,3.829853030463534203e-02,7.999823387970783628e-03,-7.473755762148905912e-01,9.986461416778388833e-02,5.542823770443255915e-01,2.092250104600066607e-01,8.407419018136720323e-01,-5.098150485981363111e-01,7.008915886925013439e-01,-3.997748454945835306e-01,3.901165704266589263e-01,-1.644873623514471750e-01,-6.934733752796036210e-01
1.210450693398188227e+00,-6.255301471808009106e-01,5.021824414387872082e-01,1.729143735368698920e+00,-2.480462046429471878e-01,1.282292326527124937e-01,2.201031680640608626e-02,-5.475588016105932265e-01,-4.776200255812663720e-01,6.872664206140665089e-01,-1.226175992547448468e+00,-1.009770959707439880e-01,7.638211456322333004e-03,-5.660420030652116852e-01,7.087796710273286394e-02,6.305324430258550938e-01,2.090988525516190299e-01,7.509421976907988405e-01,-5.624161447539995917e-01,5.870970739615379852e-01,-3.450976991791630533e-01,1.776574384793992989e-01,-8.899859294412247601e-02,-7.363439203900346008e-01
1.133418959421542471e+00,-4.498153402022256331e-01,2.920181195192179668e-01,1.805895889398899001e+00,-1.206083868275062421e-01,6.248920176908047408e-02,7.390783325901696676e-02,-5.558753002387116782e-01,-6.704595151776591155e-01,6.412664886722841961e-01,-1.165752073298303326e+00,-2.300521529547790989e-01,-1.249055461335465550e-01,-5.581942664993807535e-01,3.831618988337600479e-02,6.867325324723764224e-01,1.850054710086358190e-01,8.908609674075435025e-01,-6.090178767414901051e-01,4.803757392714452790e-01,-4.444058271158078943e-01,1.720806355767564577e-01,-1.731596295412832914e-02,-7.539473760317149109e-01
1.136428327034809227e+00,-1.793209251725018938e-01,8.704963390282803581e-02,1.854146867855175795e+00,-3.033562789278007044e-01,2.077457033572405881e-02,1.131517717089511460e-01,-5.549851172942111832e-01,-7.748861004578581069e-01,6.658417534803748872e-01,-1.080001818875450104e+00,-3.507180712514306187e-01,-4.177910730640364834e-02,-5.730937312828680019e-01,1.641685707958859958e-02,7.401783701388515713e-01,4.284474044254409780e-02,9.904419027128290587e-01,-6.476126529148966693e-01,3.580100118231603901e-01,-3.583988575231008555e-01,-9.560229534574249399e-03,6.472624144249299050e-02,-7.673186939552951724e-01
1.273466163844013899e+00,8.263438670004985553e-02,-1.193421404380730355e-01,1.864854689940614652e+00,-2.450579382477282853e-01,6.298471018682035016e-02,1.703817006104270670e-01,-5.479774209387570094e-01,-8.035455765995080935e-01,6.801396323335706651e-01,-9.783425143984647576e-01,-4.688252920657843270e-01,-7.977199946531231267e-02,-3.386246890551107280e-01,-1.631652027500070726e-02,7.936920802421494336e-01,-1.564609697895998075e-01,1.023490067258645109e+00,-6.656656358898238590e-01,2.245293407852658185e-01,-3.854720267907197906e-01,-8.939502725205111799e-02,1.383214959284221612e-01,-7.583626579361181230e-01
1.319066041782311238e+00,4.087643926745937462e-01,-3.386841645681342161e-01,1.839036418401738038e+00,-1.368755896509426528e-01,-6.955543605537511942e-02,2.210767021751244010e-01,-5.423883652390991683e-01,-9.193910627343510056e-01,5.041417552695872661e-01,-8.685772442691324091e-01,-5.825708646937085566e-01,-5.723636004935932914e-02,-3.264196659035470960e-01,-4.770787714361297144e-02,8.217976132451899618e-01,-2.150973560597952972e-01,8.125880852926296027e-01,-6.570375791728335635e-01,8.767780201326830225e-02,-2.990521734530791065e-01,-2.300074051579693302e-01,2.137201105506474907e-01,-7.378190630158183438e-01
1.266385925280651970e+00,6.997936528097655762e-01,-5.599355103618771645e-01,1.769858164325504690e+00,-1.928719528214540846e-01,-7.285996341990777503e-02,2.603596437759453375e-01,-5.210590632614100493e-01,-9.715457259645104982e-01,5.801775138493888706e-01,-7.422548202970905562e-01,-6.725492822544698601e-01,4.864191102966750752e-02,-1.713223498994702054e-01,-8.255488281672876405e-02,8.469464286417089927e-01,-2.753520109503539426e-01,8.333722803715560845e-01,-6.357940325414664917e-01,-2.680174051369854649e-02,-2.625097820845858076e-01,-3.412553041740766235e-01,2.789852981503125884e-01,-6.995926726574661636e-01
1.005220723709914221e+00,9.309865572218529728e-01,-7.710999938689946376e-01,1.661005229161294672e+00,-1.788587505258861232e-01,-1.111841391624675962e-01,3.039367446188054878e-01,-4.975786753658580364e-01,-9.817410894793909826e-01,4.539402155511951253e-01,-6.070294310269988003e-01,-7.632886165474885853e-01,-1.281635066712907833e-01,-1.441584981749686190e-01,-1.290232309561835655e-01,8.546958714750649833e-01,-3.017297345913882989e-01,8.863648229069649442e-01,-6.029643336675967191e-01,-1.415899380041015232e-01,-2.389538127258943601e-01,-4.438766295141508555e-01,3.382885829868551020e-01,-6.472340510146809001e-01
9.307750787401072312e-01,1.156468767852953938e+00,-9.494189402880267581e-01,1.519210081126611822e+00,-1.335065511794158999e-01,-3.239269679512987721e-01,3.446733178521858010e-01,-4.682450920924002835e-01,-1.124199933509995919e+00,2.837594584610818038e-01,-4.671146407394824451e-01,-8.341140770436551444e-01,-7.748105832697277373e-02,-8.885376065725289485e-02,-1.579068707741030364e-01,8.573697759735406931e-01,-4.727940958550582162e-01,7.178497111745155701e-01,-5.619930199276398364e-01,-2.593295238069995845e-01,-1.878818395566399790e-01,-4.266440523804184148e-01,3.922629616322847457e-01,-5.819903985852249440e-01
9.320098323453439582e-01,1.180552452399903363e+00,-1.112130753860590460e+00,1.346882458607978172e+00,-2.212035001002342627e-01,-3.621503626336091686e-01,3.791620843721157930e-01,-4.157941787024577729e-01,-1.088903871987741967e+00,3.322720511425065193e-01,-3.103036360640346047e-01,-8.805221983250852702e-01,-1.209888536113204183e-01,-1.093451535213481873e-01,-1.918117536735633177e-01,8.530601651115782280e-01,-4.467581015451613236e-01,6.422373236533703844e-01,-4.983153859467574498e-01,-3.574464606447153026e-01,-1.270354608822321929e-01,-5.501069333551387164e-01,4.375492670100939452e-01,-5.161923985518691582e-01
5.938440756263317910e-01,1.320490572195798240e+00,-1.265382346100159872e+00,1.165128604007017676e+00,-2.299756159575135350e-01,-3.371045016535653138e-01,4.195972668111092596e-01,-3.581326261070849060e-01,-1.262865497807659887e+00,8.417269574567226575e-02,-1.556914600964200146e-01,-9.236942134731219722e-01,-2.137682377273621148e-01,9.933677086496313369e-02,-2.209402782884877792e-01,8.491404605004102546e-01,-6.125552019429525430e-01,5.246606889119854733e-01,-4.327587832981776295e-01,-4.442241072303310112e-01,-3.519031224073466968e-03,-5.267263844060537936e-01,4.731966265422569151e-01,-4.362060162486322001e-01
5.180083718486296895e-01,1.578332430629131533e+00,-1.374823847320074011e+00,9.628922647420320446e-01,-1.644348873324509575e-01,-3.263591687198883484e-01,4.577902050311871696e-01,-3.013241128557974102e-01,-1.196209293824716413e+00,-6.318956825313368220e-02,1.750042563421124603e-02,-9.340984394710685201e-01,-2.811312775882938708e-01,1.154038740810536395e-01,-2.404144373523605938e-01,8.229284287046163548e-01,-6.063460294133260486e-01,4.491955087699611160e-01,-3.467155121539110540e-01,-5.154432533505164393e-01,-9.618263844824406772e-03,-6.236986886894840820e-01,4.922925088745656597e-01,-3.572833466505915823e-01
3.203178496468189196e-01,1.502524699643937645e+00,-1.465942652832878501e+00,7.306893651899979414e-01,-3.419531061196329214e-03,-4.338264162281014191e-01,4.863660076279034961e-01,-2.440447774068426612e-01,-1.139607556006185352e+00,-2.309452277796958664e-01,1.834649286852113315e-01,-9.210887953927038296e-01,-2.613288205841460266e-01,9.505946334020898281e-02,-2.517274267685565836e-01,7.943045665463623894e-01,-5.434707224386120528e-01,4.303385896043860903e-01,-2.582875754251380829e-01,-5.743931899898073734e-01,1.861716780555872641e-01,-5.844758415004762675e-01,5.079545112647644300e-01,-2.682055796699789330e-01
1.324380548667091206e-01,1.568519232589607126e+00,-1.525177216053271723e+00,5.029827725208545486e-01,1.594650987518390073e-01,-4.105384135661878653e-01,4.958137225318989816e-01,-1.749545545871808438e-01,-1.066712605329969143e+00,-2.985606984542670261e-01,3.420881603417086914e-01,-8.831312511462661163e-01,-4.059160444962436887e-01,1.673445959905746627e-01,-2.635267086187347840e-01,7.673309077291882163e-01,-4.862782922496945992e-01,3.674793613997860975e-01,-1.737665919980276308e-01,-6.266926038510044483e-01,2.253882540804929002e-01,-7.039859714581875316e-01,4.995101009123161240e-01,-1.828262736394225263e-01
-3.448617556491949399e-02,1.685109035096418628e+00,-1.553930882186632445e+00,2.671498438196122649e-01,3.013829395241803266e-01,-4.968153017330736998e-01,4.854782558119098423e-01,-1.081538012087256695e-01,-1.075364109787098288e+00,-4.176826796078262904e-01,4.905458864716663037e-01,-8.307603573354385151e-01,-5.216935840861041118e-01,3.023027101271972827e-01,-2.594523491522193748e-01,7.327100321791731874e-01,-4.755447013051659622e-01,2.779048040221889782e-01,-9.289065967485371500e-02,-6.681769960050216728e-01,4.063137230296151037e-01,-7.424909585934756917e-01,4.829507462034819398e-01,-8.644789505878615332e-02
-3.122025400207482093e-01,1.617442932944215483e+00,-1.554085013115122704e+00,1.969749942828930012e-02,2.710087290888483769e-01,-5.227424672275347017e-01,4.576934109967643050e-01,-3.365557802892983619e-02,-8.086046875461622152e-01,-4.731329094829538340e-01,6.363393197399257462e-01,-7.594208024311359662e-01,-6.298413855917909254e-01,3.800051548660291489e-01,-2.421039305923794738e-01,6.850116863136624934e-01,-5.923528039977511428e-01,5.745560968273433211e-02,-1.152901203509423822e-02,-6.964234902465862298e-01,3.821400518231368171e-01,-6.764055786854172858e-01,4.436091395393695347e-01,1.235695092023279817e-02
-4.922587037970439505e-01,1.635918176383955203e+00,-1.514160767574330047e+00,-2.194540173471882238e-01,4.076687913767792493e-01,-5.641305645327416851e-01,4.294143263773484431e-01,4.158942376286357129e-02,-8.207280993154502102e-01,-3.934522208217628991e-01,7.510006591935051157e-01,-6.757304508164309054e-01,-5.741793541244544219e-01,3.665502917675254602e-01,-2.116767965189265133e-01,6.307030407402467453e-01,-5.087644344623896142e-01,6.643014327853807854e-02,8.241117447823523290e-02,-6.984029540102073552e-01,4.318374303763982125e-01,-5.158307273307427554e-01,4.020164837955609860e-01,1.019811491626841232e-01
-7.005570719765126242e-01,1.516819678432875129e+00,-1.444586694393911186e+00,-4.569774702108704290e-01,4.009116982525872674e-01,-5.559400065625760279e-01,3.839035170795050411e-01,1.190980656551822725e-01,-6.597298988683003573e-01,-4.894785679100666087e-01,8.619979693103977381e-01,-5.948275483192176916e-01,-6.878611551239740551e-01,3.865627758949100601e-01,-1.843046945382758040e-01,5.795914183776733619e-01,-4.043139016280676845e-01,-9.986934274161145264e-02,1.675056186996767560e-01,-6.965959012295204200e-01,6.072240717446726332e-01,-5.433980218588703170e-01,3.512562530118452653e-01,1.729210129515224847e-01
-1.002988413661821232e+00,1.363814662506986464e+00,-1.342804285470155179e+00,-6.776511466561090380e-01,4.121553753848881119e-01,-4.606332074704628243e-01,3.354974994021923673e-01,1.930414454216750064e-01,-5.305176152764929931e-01,-6.658835078996705459e-01,9.521805390936729507e-01,-4.993062344949432685e-01,-8.531588979829805020e-01,5.269207892545570981e-01,-1.431931930507165662e-01,5.281582373327300406e-01,-2.570331556469430678e-01,-1.643153845910489408e-01,2.415349192829260583e-01,-6.739384216850887732e-01,6.234368224817607995e-01,-4.405119657995466564e-01,2.797458143473707248e-01,2.436512769096677578e-01
-1.205097136895074694e+00,1.311707820329245600e+00,-1.200438872119958367e+00,-8.765876690794033310e-01,5.404062521948197473e-01,-4.439677010036088278e-01,2.825915365609793506e-01,2.545861757809570469e-01,-2.270848642006137730e-01,-5.668330765658806669e-01,1.024129685352924479e+00,-3.822548526691401105e-01,-8.229381792218353198e-01,3.162360733541796365e-01,-8.325031736365799684e-02,4.650542072471466337e-01,-2.253950474138412263e-01,-1.626243924859611667e-01,2.992481125475495718e-01,-6.412960478273648235e-01,6.252173834646626016e-01,-5.714262684046135243e-01,2.035422753552680875e-01,3.000960062974321607e-01
-1.386030251213355102e+00,1.023035526940610840e+00,-1.028856576430711822e+00,-1.061994111020811982e+00,5.839655922381098430e-01,-4.192524177804681784e-01,2.141295314288103047e-01,3.114498605085541105e-01,-8.248306249716630401e-02,-5.533809855070038752e-01,1.059466286232890297e+00,-2.722598406919207736e-01,-8.606639673282143743e-01,2.824889089489768246e-01,-2.356486232389758823e-02,4.263928047276742128e-01,-2.452611749434157329e-01,-3.079366094983032043e-01,3.518145806116518282e-01,-6.061560975393747164e-01,8.613830924529622957e-01,-3.872026498368746905e-01,1.248285160118128151e-01,3.654908631408161357e-01
-1.451786222171921770e+00,7.693592989811480765e-01,-8.310298599961263299e-01,-1.208845281107230329e+00,5.261216514106863418e-01,-3.380378924764860793e-01,1.389103557243973330e-01,3.620830892692223357e-01,-4.766119467250709563e-02,-6.942483859953205716e-01,1.074652482987602298e+00,-1.625381342177175947e-01,-9.436599714285458518e-01,4.592113851366782518e-01,4.144389739609741219e-02,3.943151704425932880e-01,-1.945347615357501114e-01,-4.859473534367416692e-01,4.042926122178457926e-01,-5.540897584910690066e-01,7.759872219766416057e-01,-3.397277273236333217e-01,1.973657385041396525e-02,4.081414538341031628e-01
-1.414431931050751157e+00,6.247527580416044612e-01,-6.205573165575113403e-01,-1.319575892489706526e+00,6.650451953660618809e-01,-4.393833662239966520e-01,6.742628158345721767e-02,4.005387265987545020e-01,8.359976477260069871e-02,-6.224438957814457662e-01,1.080805418177900989e+00,-3.865815864191390894e-02,-9.000518729406837837e-01,3.645617903417583960e-01,1.159424036218953125e-01,3.479980440870496516e-01,1.820243822563263891e-02,-4.528859684450569079e-01,4.487817567506604544e-01,-4.819370447164182392e-01,8.636329147317879373e-01,-3.967853311328508048e-01,-7.828195998913245468e-02,4.405525838084170531e-01
-1.574169368104733735e+00,4.525492920421310128e-01,-4.096250404846695226e-01,-1.404689106382012831e+00,6.679985457472691346e-01,-2.768647583964949366e-01,-1.941712262304916975e-02,4.453343975235774521e-01,2.902948546519500406e-01,-6.412557333501147649e-01,1.067633379875371435e+00,7.757545323554322636e-02,-1.009266572349773350e+00,3.121879948836690510e-01,1.879192437007956851e-01,3.151392835407444970e-01,1.019379795108868447e-02,-6.041134407999162459e-01,4.681318211995199596e-01,-4.113276143902092619e-01,8.112611743261510799e-01,-1.396378127711049855e-01,-1.860661091022420277e-01,4.735930679235458296e-01
-1.492973486509731940e+00,4.779327541577224614e-02,-1.798006741084559601e-01,-1.461561990524925747e+00,7.614526631961131553e-01,-2.283262822151777005e-01,-1.082424223510586869e-01,4.692803710596565869e-01,4.340901907523738723e-01,-5.679887600159757577e-01,1.028093622354281589e+00,1.943109499502127524e-01,-1.075092495334424525e+00,2.741309449901822015e-01,2.720031268459712215e-01,2.913020472270221872e-01,1.765236667200121012e-01,-5.506137292883652723e-01,4.846507791896941808e-01,-3.250731294028405549e-01,8.031143116552212913e-01,-2.102144907309087540e-01,-2.895845780740445297e-01,4.753528293966471363e-01
-1.475662072627512922e+00,2.739829591142967091e-02,4.330034488242100188e-02,-1.466175754414426491e+00,6.887941642542474430e-01,-1.271275844016876988e-01,-2.070504917560059277e-01,4.838060159450514597e-01,5.287579474651402656e-01,-3.890330322703751120e-01,9.686154602897560917e-01,3.010260591895529414e-01,-1.082270658226145432e+00,1.232572931534806071e-01,3.633310966269998610e-01,2.756005292317125765e-01,3.947200813926485807e-01,-5.390837156427271681e-01,4.801443935596992341e-01,-2.438845835367518533e-01,9.005130018927486324e-01,-1.942286083941033303e-02,-3.917308471285145255e-01,4.790113307315281288e-01
-1.513164470569832387e+00,-3.045552064865796882e-01,2.635095159464193593e-01,-1.457626481142017649e+00,7.053501693312829168e-01,-1.312706956274976022e-01,-2.986993943136598828e-01,4.832075662325902021e-01,6.367104098107618793e-01,-3.084409426158472023e-01,8.947342012020809143e-01,3.862228080136719255e-01,-9.234075196624168536e-01,8.584984251916806530e-02,4.555886504979194673e-01,2.796259435492665091e-01,3.574719520614674795e-01,-4.588875882737019074e-01,4.498089478408023867e-01,-1.645790291755639956e-01,9.115184160925438039e-01,1.626211996354726685e-01,-5.031624459096489810e-01,4.584881494038476335e-01
