0.000000000000000000e+00,0.000000000000000000e+00,0.000000000000000000e+00,0.000000000000000000e+00,0.000000000000000000e+00,0.000000000000000000e+00,0.000000000000000000e+00,0.000000000000000000e+00,0.000000000000000000e+00,0.000000000000000000e+00,0.000000000000000000e+00,0.000000000000000000e+00,0.000000000000000000e+00,0.000000000000000000e+00,0.000000000000000000e+00,0.000000000000000000e+00,0.000000000000000000e+00,0.000000000000000000e+00,0.000000000000000000e+00,0.000000000000000000e+00,0.000000000000000000e+00,0.000000000000000000e+00,0.000000000000000000e+00,0.000000000000000000e+00,0.000000000000000000e+00
-8.786003156592836483e-03,5.703519227860270879e-02,-2.319939418114050356e-02,-9.865848419703660693e-03,-6.006524356832804862e-02,2.846887682722322455e-03,4.419163878318005390e-02,-3.661761457749351800e-02,1.848291377240849492e-02,-9.070991745600046063e-02,4.794155057041975948e-02,-4.699098521619943236e-02,2.150897038028767860e-02,-6.589517526254169699e-02,3.181750327928994232e-02,3.165954901465661830e-02,-8.698968140294410789e-02,8.977710745066665166e-02,6.805498135788424011e-03,2.087708598019581002e-02,9.312640661491188021e-02,6.167946962329223098e-02,2.078553514647818456e-02,1.336381567063082976e-02,2.448840567943544599e-01
-2.226454206210359832e-02,-4.573019364522082353e-02,-4.010891283102427374e-02,-1.067684613655133820e-02,6.574750183038587104e-02,-2.864933466128214562e-02,9.830494192622173111e-02,-7.540853254675319861e-02,-4.381309806252384198e-02,8.539216631649700073e-03,6.696028333390395548e-02,-3.724986509833892734e-02,-7.181515500504746796e-02,6.043939615080792804e-02,-1.906453838255747074e-02,1.212079385508647682e-02,-8.508987126404583823e-02,9.737738732010345344e-02,4.633847812187396296e-03,-3.007969723790937522e-02,5.444895385933148924e-02,-6.025686369316553270e-02,5.615606917829643607e-02,2.561322785606658450e-02,2.646544435799209616e-01
4.546565876398789285e-03,-1.449179632829006303e-02,-5.778731481836879569e-02,-3.093262796510840365e-02,-9.491617465118096231e-02,-7.842171460133912086e-02,1.090211366767214890e-01,-2.877193775865440062e-02,-9.371416286265316087e-02,2.728208225275608606e-02,8.968699125997159349e-02,9.102411138207311403e-03,-3.712880378473466803e-02,1.714138232940559670e-03,-3.532761488801835353e-02,-8.702495425527662781e-03,8.151329478521862626e-02,-5.014155417022500560e-02,5.265039696165593058e-02,-6.072404650226286005e-02,-1.792341539287405430e-02,5.111022770860973452e-02,2.199080260993521718e-02,3.489239340979931325e-02,2.702046171084770965e-01
-7.602692653326348360e-02,-3.247696571927441433e-02,-3.531876595409677577e-02,1.713407770952746212e-03,8.858194078250383741e-02,-3.535941359584895277e-02,1.059238903155862443e-01,-5.247493667607870671e-02,3.758124348673223813e-03,4.060379177903557235e-02,5.879100363585699346e-02,6.843386197697223089e-03,-2.727407952414120929e-02,9.435641654419213431e-02,-1.276218047133084559e-02,2.841828513105506757e-02,9.248945898842225732e-02,-4.964354083492716896e-02,1.538932541504181746e-02,-8.878627739429993670e-02,-5.502988215229098756e-04,-3.982433803664606198e-02,3.016982340803216547e-02,5.844677448708168743e-02,2.683101975408186401e-01
-9.184497168904726117e-02,1.817858863764837407e-02,-3.853764209572324573e-02,2.926127131935796211e-03,3.551287236845648843e-02,-9.668243421442877794e-02,5.818866618981574645e-02,-1.730062745129949675e-02,2.418611659856195056e-03,-5.470084496041241473e-02,9.143496549096956361e-03,3.145850910498081132e-02,2.903455808188996901e-02,-6.512671419900172010e-02,1.486775618088807815e-02,-4.650728417224305258e-03,3.818754762049319379e-02,-2.265293073989252393e-02,-2.893150425992314922e-03,-8.608085242938204318e-02,8.734599774734691513e-02,-7.249581117080133863e-02,4.505230571694282538e-02,9.491351601707745389e-02,2.593549467275346188e-01
2.128581193191803056e-02,-9.816058967667407043e-02,-7.172789365555370944e-02,-3.856037282482113748e-02,-7.970569142679359564e-02,3.270035382161116944e-02,2.341294218801728833e-02,-1.015094812426969861e-02,-9.898768323075626818e-02,-6.783838971650027472e-02,4.796995680434911619e-02,-2.534295880937439960e-03,9.746757873317218879e-03,3.837903953853864791e-02,2.819996011876673911e-02,1.770933634252961492e-02,3.039225190052010847e-02,-5.514613810788804305e-02,-4.112172837957675520e-02,-1.114106178718426987e-01,4.243584426950717386e-02,-5.255018250063997476e-02,6.515407299823579301e-02,6.395671609955567993e-02,2.741255180907634648e-01
8.809171687058292566e-02,9.078571540051749711e-02,-8.645522291556378969e-02,-6.699340494282618463e-02,8.297287804408970402e-02,-2.596825994891112377e-02,7.237495347163591664e-02,1.035010228991689596e-03,-9.690867669422650876e-02,8.566371251754506533e-02,1.039479781471035202e-02,1.734110290780586580e-02,-1.436317033653713993e-02,9.333096380873391607e-02,-3.312244218821137204e-03,1.489975683537047429e-02,9.272399541785059096e-02,7.060189109347203562e-02,-7.888583171573954056e-03,-1.294919923064912770e-01,-4.111022158608286514e-02,-2.298045427961495357e-02,4.277672126033384842e-02,1.043422557116486238e-01,3.352599332152510492e-01
5.965903579335507523e-02,2.999278615555303618e-02,-5.834338928035276428e-02,-8.563407433434400140e-02,4.039337545154067510e-02,5.915853388722021322e-02,5.656910739443377772e-02,4.750693666030224999e-02,7.800106836351326789e-02,-3.240096862969283481e-02,5.515012242779248480e-02,7.350645759822868087e-03,-2.488340947201120312e-02,-8.120361203182621668e-02,-2.229782597510484785e-02,-1.493930630021996983e-02,1.565602819923479772e-02,-9.281154524065160505e-02,-4.160832082824586498e-02,-1.671489511728363464e-01,-6.880396373507971508e-03,8.528926941515330151e-03,4.029803097221280883e-02,1.079657941735356341e-01,3.096403272478080448e-01
-9.492985131690850897e-02,9.252968293558500035e-02,-1.273720489466878547e-02,-4.473599431574898366e-02,6.719602410244117363e-02,3.919484121873959698e-02,8.710871985821676267e-02,4.188391613747396991e-02,-1.820941111714602725e-02,-6.534113598583085603e-02,3.435177923310897552e-02,5.475280396364985702e-02,-6.871259146578279076e-02,-4.995142036708093841e-02,-2.299112866089438045e-02,-2.157771661313887326e-02,9.845332941224096968e-03,4.291918454001247829e-02,-3.623239574867097301e-02,-1.411911117775800917e-01,3.203947534354625870e-02,-4.401322061081144876e-02,4.146870257030840778e-02,1.505985424676573592e-01,3.204221934454341003e-01
-2.507747707470575627e-02,2.517198314284729843e-02,-6.375542747502960239e-03,-6.551570591947752931e-02,6.272517160175461459e-04,7.129796823766446079e-02,9.216618992979774827e-02,1.625074882101110868e-02,3.173872632378900438e-02,-6.741311458371404552e-02,7.863555795973409257e-02,1.085811815608248021e-01,-8.588625051991403969e-02,2.848385564126311442e-02,-1.232093644513092279e-02,2.262511423690331813e-02,-9.469773789167562628e-02,1.715511625469265389e-02,2.710068477147668103e-03,-1.397902627950915466e-01,8.804604828499151825e-02,1.509483557517579677e-02,1.700774730701853921e-02,2.015933142332492489e-01,3.599089317505366759e-01
4.701420876077716526e-02,6.069618607696969370e-02,3.604731407174432967e-03,-7.250340809747612969e-02,-4.359308548573870290e-02,-6.451209124405542228e-02,4.460197026223017280e-02,-2.693195591455382204e-02,5.012295032817166984e-02,6.136694785345281344e-02,1.094941738917999396e-01,1.667342763540029249e-01,9.810102840013468217e-02,-1.747646461771470983e-02,3.810045124889265000e-02,3.712546903680953581e-02,-2.559638284144337417e-02,5.528259214839936764e-02,-1.233213711553360695e-02,-1.186854435261755214e-01,-3.183929194939644214e-02,8.615146512071295004e-02,-1.482233271512915090e-02,1.619262894004011577e-01,3.627573832951741517e-01
5.831580874516972823e-02,5.792362855891075579e-02,-2.260067040206903410e-02,-1.033962804756745069e-01,-8.175877939026193753e-02,-1.115939059483705975e-03,4.949744886821064171e-02,-5.074062825543654981e-02,-8.848824799667115437e-02,9.905776464747106935e-03,1.065877713876228483e-01,2.139200245944591905e-01,-1.169389972532459965e-02,7.754083655165995570e-02,4.427533394169885783e-02,-4.469679496981196487e-03,-2.981699748958425988e-02,-7.658659671447883011e-02,-1.697716326853680041e-02,-1.189319986090030118e-01,-7.140166358943281222e-02,5.230212634349445944e-02,-3.685046848150083654e-02,1.263276097320288893e-01,3.862465355977532933e-01
-9.772927104651618624e-02,-6.267871601174757057e-03,1.843977989747591639e-02,-1.297652204441027135e-01,-8.873934486363253826e-02,-7.623641674638562127e-02,3.926401035906114390e-02,-5.986243133171573194e-03,-7.649475064457902929e-02,2.984206042321271846e-02,1.167071444813946313e-01,2.298328896316608194e-01,4.920897585308467437e-02,1.667375301943191390e-02,-3.208986581446707231e-03,-3.533192318097660989e-02,9.243450969490840663e-02,-2.502588409525918767e-02,-3.568989388876990521e-02,-1.172169679625638672e-01,-4.285758274362785891e-02,7.371982563789206133e-02,3.117306886428652946e-03,1.192151658757811677e-01,4.060231060846336559e-01
-4.452376340377346697e-02,-6.237576805524774892e-02,8.333557182397255403e-02,-1.744007369649741013e-01,-7.260319012003565997e-03,-2.932955439478943105e-02,4.542087407111625869e-02,-4.566918543018344545e-02,1.673122237017440894e-02,-8.445307260700302132e-02,6.526959462230300102e-02,2.289106384489746071e-01,9.487896153323330251e-02,9.724214889592061595e-02,-1.806942455522528301e-03,-4.969453488563595894e-02,3.963234280394903331e-02,7.219273268824072387e-03,6.573589569074285432e-03,-9.385517113513824894e-02,-3.809447674273445245e-02,6.275900394138973770e-02,5.889407923252751309e-03,9.924211392825814382e-02,3.988068855319666928e-01
-8.872490066981458812e-02,7.294447525101066532e-02,5.484889419864991122e-02,-1.951859192832650636e-01,6.258020182601552184e-02,9.994353465722613516e-02,3.679349156513365277e-02,-3.201719228328323008e-02,9.932736741478108422e-02,1.108634112052549192e-02,9.728420624739944622e-02,2.865387500461020198e-01,5.379748303610210058e-02,8.895314597648559807e-02,-5.753988832506409801e-02,-2.424064994396948891e-02,6.992947813548230918e-02,-5.053037965136047971e-02,-3.975463670380439268e-02,-1.278772727080519089e-01,-9.891172937981290020e-03,-7.416811696970099232e-02,1.324490818612836587e-02,1.153000056689974240e-01,4.809265321061303444e-01
-2.988248823868060178e-02,1.798353737092661664e-02,1.002219144436180542e-01,-2.157065965894926496e-01,-2.155119098005353617e-02,-1.250501559525418749e-02,7.054266259024138952e-02,-5.713962875840981892e-02,8.083173889874968598e-02,-3.034890659533993895e-02,7.047939628692161118e-02,2.532644686937396417e-01,2.797897831962159465e-03,5.673060254822862025e-02,-9.902097925100437903e-02,-2.619465973797545366e-02,-2.069144353574595835e-02,2.441734004557469251e-02,-6.565427424144112956e-02,-1.360353770931640449e-01,7.247274174934903446e-02,8.990412473152842310e-02,4.478049111630559576e-02,1.712025812365179922e-01,4.747903273403482616e-01
-6.621298738556710695e-02,-4.428193219360827826e-02,1.141011153309324788e-01,-1.870012899673181295e-01,-6.459790314465065075e-02,-8.225949324858888856e-02,7.583796689169486349e-02,-3.490017028688811168e-02,-7.587282577987984611e-02,-7.844246393454851196e-03,9.177591456981307183e-02,2.953382224678191559e-01,-5.873325631884149939e-02,-2.714602779038491343e-02,-6.126382613919106879e-02,-5.071627794418553936e-02,6.834541709713759516e-04,3.807896572587306239e-02,-9.608985199457789617e-02,-1.382906152779841968e-01,-9.213757203178021826e-02,5.988207978180853930e-02,5.951139984514296211e-02,2.092854683938549232e-01,5.229200401975349077e-01
6.523453291004621679e-03,-5.150589927305408017e-02,9.195313940520699614e-02,-2.178208899291925738e-01,-4.615135381012380744e-02,-2.454316737907547008e-02,5.294066266198897697e-02,-4.751131179459351650e-02,-9.598576044445472633e-02,-3.558416688336435429e-02,9.705698921845980209e-02,3.003940948481773066e-01,-5.771039860069107630e-02,-3.450052956441707064e-02,-4.874012026215224225e-02,-7.547939823691264538e-02,-7.604757363614975119e-02,7.810545614797899383e-02,-1.100172394371417700e-01,-1.855360414731198615e-01,1.871849071080972787e-02,3.582046382889791936e-02,9.722939394387164480e-02,2.102114560561709200e-01,5.502779137318122293e-01
-8.395325086767155276e-02,4.902277914050928720e-03,1.428680131921227781e-01,-2.104508861070394365e-01,-1.792063460206769210e-02,9.647572338172127893e-02,6.642270135294534028e-02,-4.886247347055554247e-03,-7.759221956638953643e-02,-2.042888019085167817e-02,7.652050894583253826e-02,2.998295513498405729e-01,9.389408665507378848e-02,7.310142517879605895e-02,-4.948927860801868861e-02,-4.770555142875734789e-02,6.341441418985598044e-02,-4.841943459101204217e-02,-6.709604623321253902e-02,-1.637297902715289799e-01,-6.582248252198684424e-02,3.372864398488620297e-02,1.169605522503482375e-01,1.704782416453219929e-01,5.411113858310192537e-01
-4.907186904724722409e-02,3.630054444478586495e-02,1.536775557557242267e-01,-1.805228864473562567e-01,5.204557197793731327e-02,1.912774812156886606e-02,8.567595208448061661e-02,-3.743823101225406819e-03,-5.684762289968336990e-03,-1.763181717054629338e-02,1.074087543041642445e-01,2.927475460396893880e-01,-3.022634669140095154e-02,8.590582884956518561e-02,-2.163419758958801120e-02,-5.529354627224244978e-02,6.612388155754582442e-02,9.300538213330251935e-02,-4.853757254877490157e-02,-1.246457891882770397e-01,-7.514055530289105722e-02,4.617349504072884581e-02,1.321007661908984165e-01,1.408721143128826292e-01,5.057157284548635667e-01
-5.355746097063654454e-02,7.991491465491371016e-02,2.099549314484689955e-01,-1.994977937472938168e-01,-2.322175572535772892e-02,8.710572222797724473e-03,1.161464879644779347e-01,-3.089934495222082522e-02,8.129442219290938798e-02,2.484759918279844104e-02,1.263230785107925525e-01,2.665705640810412946e-01,-7.662039185832719701e-02,8.796642472269503021e-02,-1.610065689045842019e-03,-1.023355140621076687e-01,2.554161061428357471e-02,-3.301887706858277344e-02,-4.256239034816167166e-02,-1.232778675170806554e-01,-7.214558546732255384e-02,5.880503785405918893e-02,1.070252044693248972e-01,1.416743053207273340e-01,5.342876261519839964e-01
3.878968889341999349e-02,8.544888669519246083e-03,1.845341890882176705e-01,-2.246648929924900395e-01,-4.964018821860943786e-02,-3.086080129921611737e-02,1.444326588627652397e-01,-5.019654387171944981e-02,-6.368045663971488857e-02,8.169011226672567849e-02,7.790411843730096764e-02,2.310302657204671983e-01,1.667835895322408724e-02,-1.982971664727203875e-02,5.008796675098674267e-02,-1.452197987259973844e-01,-7.598839271173468690e-03,8.945666792236306453e-02,-6.845028490161270129e-02,-8.631619807923991694e-02,-6.932971937678394925e-02,1.724596640335944453e-02,8.452378376082067546e-02,1.261186141891388890e-01,5.056616685712257420e-01
1.825508714898582685e-02,-2.019945922597393695e-02,2.388669262608346666e-01,-2.521550134307881108e-01,-8.904767223559374723e-02,-3.296055167081982096e-02,1.313279004178188047e-01,-8.186500455719941671e-02,6.057068971960230530e-02,-9.907359539907945045e-02,6.466879404823042132e-02,2.146243577557762072e-01,-3.330016566177115833e-02,-2.036626128181134865e-02,1.189309554104474309e-02,-1.823979403864463278e-01,7.479120587584570101e-03,8.397112328255210145e-02,-1.114555096255088473e-01,-1.320178605548029682e-01,-3.073080112680776077e-02,-3.060935962075446437e-02,4.766858377827395271e-02,1.259277223778328958e-01,5.567578779404749323e-01
-5.801888138088284741e-02,7.961085788814276087e-02,2.756321917881507932e-01,-2.319290066771229619e-01,-5.897207190359857187e-02,-6.186245586726668577e-02,1.436487208880389554e-01,-6.342046828414737991e-02,-9.269006643038102400e-02,-5.586610978000172700e-03,3.947668979514107335e-02,2.131839307443013642e-01,1.296822665252328477e-02,-8.685827211432953221e-02,5.641604002817822427e-02,-2.247403770396205480e-01,5.510552333900212152e-02,-9.342233050394471716e-03,-6.347867154387562549e-02,-1.948224622006997364e-01,4.878053865516013277e-03,-1.184745061235437102e-02,8.747461922584699734e-02,1.055785059901004491e-01,5.937457722407400995e-01
-8.011172144813094587e-02,-5.136556180010914963e-02,3.257263892607289435e-01,-1.929305889991726475e-01,4.445338637113183111e-02,7.113929362125714917e-02,1.644738107108409952e-01,-2.676987923012272286e-02,6.604397291339830778e-02,-2.056329407630902439e-02,8.535946559551427226e-02,2.487621489332558777e-01,3.361702731412924416e-02,-5.900314091683581119e-02,1.132344040562272974e-01,-1.840458387277285890e-01,-4.137045394779734209e-02,7.926716370422395852e-02,-1.087623931452876003e-02,-1.562419408169761770e-01,-9.739961529785277905e-02,-8.289829382910637867e-02,6.591673807137972407e-02,1.366372142075459872e-01,6.199511537949301543e-01
-1.495729910615328784e-02,-9.550613833597654256e-02,3.731588262124722055e-01,-1.786976933186189553e-01,-4.626452812301079520e-02,8.326842932173394995e-03,1.285905384336897272e-01,-9.719474227222180823e-03,2.669564396522946387e-02,-4.842246291335955410e-02,5.682278081659718899e-02,2.767069879575101421e-01,-7.212878518543516804e-02,6.698604735985982939e-02,1.131149972015345617e-01,-1.649802476375453464e-01,9.688043614071042975e-02,5.138036460537162564e-03,-2.526210754824186056e-02,-1.277473012260429142e-01,-6.566414283033930599e-02,-4.553853469612620386e-02,2.899579331079016331e-02,1.173681603854662553e-01,6.158674818145449814e-01
-8.344026641497470642e-02,2.063042189327768394e-02,4.194409029019833257e-01,-1.571281067906703521e-01,-5.093017806373581480e-02,-2.214087719160467982e-02,1.177570497074270084e-01,-3.707098233438212154e-02,-4.226125264586002434e-02,-2.886545670701018418e-02,7.634997906947013635e-02,2.426489923094953816e-01,4.380918103684910969e-02,-4.057565687536500432e-02,1.177758177824803354e-01,-1.815293262254908391e-01,1.328092805937944321e-02,-4.789919560180065650e-03,-2.031693462163644548e-02,-1.170352427838291937e-01,3.273423307252962960e-02,8.736594786495160969e-02,6.291649059661620635e-02,9.882928581812222557e-02,6.170810640451750428e-01
8.346271509244856945e-02,-7.263627381620774148e-02,4.798670329024010139e-01,-1.135797309344718786e-01,9.004747076416050322e-02,-1.079884540840884977e-02,1.243232315387717835e-01,-3.845414323599692652e-02,-6.297341423227607871e-02,8.380189475671651067e-03,1.073736307911785093e-01,2.903066839133197075e-01,7.458916717528166207e-02,4.644497728191224195e-02,1.028482304171378786e-01,-1.639664009070210537e-01,6.131222957228994741e-02,3.175667334214346549e-02,-4.563986936646488579e-02,-1.363070071878366429e-01,3.845531290357049464e-02,6.983913031306386576e-02,6.823887300762500330e-02,1.334475063247698434e-01,6.927139821272350062e-01
-5.399823254245939008e-02,-7.588662284454428253e-02,5.020580609587239618e-01,-1.305114477677534190e-01,-8.460935967415816883e-02,3.925775517562794803e-02,9.589862634691095900e-02,-7.347690010548649231e-02,-3.202500724638677326e-02,4.495335430575231328e-02,5.701617290433958624e-02,3.396048378444901927e-01,-8.692873184021153443e-02,-3.694193243387793729e-02,6.046287627833545064e-02,-2.095804121117333940e-01,7.898258475067448936e-03,5.814463296779270873e-02,-8.091244070544231781e-02,-1.753579476995645592e-01,-3.624949941358600325e-02,2.517827528740182452e-02,1.036310492034137054e-01,1.193986025234155951e-01,7.395126504322198091e-01
-2.907556847184467053e-02,-4.255220166918360913e-02,5.375239201195289862e-01,-4.958234752187901107e-02,-4.073837590880198534e-02,-5.327844979001802872e-02,6.994584676937817824e-02,-7.506952363198848843e-02,-9.158136207272762896e-02,-9.642521305331724912e-02,-6.818520403659995843e-03,3.507576422624413826e-01,9.754447794720631781e-02,-1.444537325282753068e-02,8.121385393215393989e-02,-2.143240513015159110e-01,-2.313467056806366856e-02,3.592945653861397137e-02,-9.930490761266441702e-02,-1.758801964042579491e-01,-5.634922242698718609e-02,8.999223679004507426e-02,1.267948764499448322e-01,1.602429491441674791e-01,7.795761734467756554e-01
9.898156452928708049e-02,-6.522095015610251956e-02,5.477897982035712099e-01,-5.619899990043308868e-02,-2.075159621946824628e-02,5.164769514081826024e-02,6.597591064510899272e-02,-3.249891324619670618e-02,3.920412361075843732e-02,-6.922081873202901026e-02,-5.933421668822128070e-02,3.429108339021721408e-01,6.316662499812356057e-02,-5.511188563266786189e-02,1.085446922462754427e-01,-1.751581015588296875e-01,-5.523647703547539256e-02,7.394884578682717202e-03,-1.155846122478409732e-01,-1.683281765071843461e-01,1.858798696834063069e-02,1.601724156756223483e-02,8.529228248257761380e-02,1.137755151149857091e-01,7.538822128115619803e-01
6.493619318502985571e-02,-3.043815841956143409e-02,5.607131147825097361e-01,1.496331080031976235e-02,3.560323051181271681e-02,1.314639279915821163e-02,3.304337845184998623e-02,-6.513181336773773977e-02,-4.659434596611573831e-02,7.572599727103160316e-02,-3.863651240849531876e-02,3.539002232055039054e-01,5.948520432138562630e-02,3.169036693168510166e-02,8.792026780681241882e-02,-1.627451552102829047e-01,7.011634581884838846e-02,7.345884019196047277e-02,-1.192956871339390101e-01,-1.313799043254160470e-01,4.167259534300696289e-02,6.740266567273441034e-02,7.918532284969251323e-02,1.064656505837097145e-01,7.520855522113062408e-01
5.596907903022874109e-02,-7.860387223460829631e-02,5.381204150044311962e-01,2.052643140248247566e-02,5.220558050040560727e-02,8.253315735222060967e-03,-4.668193189127145537e-03,-1.732209903222070926e-02,9.259840077179889994e-02,-3.162556679226280476e-02,-3.484763976598816149e-02,3.178502461061025186e-01,2.652437862678961450e-02,8.640562110200350476e-02,5.630379581512512388e-02,-1.612746298996905470e-01,-7.949805440186413774e-02,8.744569744729023542e-02,-1.307231697426281536e-01,-1.919583366240174005e-01,3.757714446016266474e-02,-8.643258817896562474e-02,5.582956124542924614e-02,9.900133362752615296e-02,7.357257387934219572e-01
-6.727523576166616337e-02,5.896190974998583023e-02,5.714146266305651922e-01,4.680254473216793887e-02,3.873644515629772606e-02,-5.584607744224792669e-02,3.642755922167534299e-02,-5.542532551589336720e-02,-8.352379087683145520e-02,3.609986041494261944e-02,-8.466218646208446830e-02,3.542906756676896807e-01,3.090224285622704750e-02,-4.534809460035812978e-02,1.091083430637860563e-01,-1.484713253279416612e-01,9.017271245008207092e-02,-6.978842164381995894e-02,-1.307422939899592074e-01,-2.005979291515470886e-01,-1.353303979147962854e-02,8.872318403351978078e-02,5.418251491854982060e-02,1.146654083361026560e-01,7.862112117860942107e-01
8.416956956313736971e-02,2.333006290414763040e-02,5.824947245318728983e-01,9.160959618538722093e-02,5.930745819523525197e-02,-3.695529697489985388e-03,-4.326691042247171604e-03,-2.067928287124564529e-02,-7.653836220752111008e-02,-7.496284155948992889e-02,-1.085677963689641728e-01,3.574102185549785649e-01,3.711305744579427440e-02,-1.393882102010747526e-02,6.590238265572823106e-02,-1.061379918794045363e-01,-5.989505465993265332e-02,-1.681090651712624506e-03,-1.560613765149447274e-01,-2.333492794538451487e-01,-8.715821258497319368e-02,1.639428038287975287e-02,8.637141943903660357e-02,1.545204795855827373e-01,8.056577881773162586e-01
-3.470773835120161133e-02,3.542328676942263499e-03,5.848562953528021469e-01,1.221511558173445644e-01,-8.242670017103334579e-02,-2.987461375816384546e-02,1.548545837392584223e-03,-1.838992609730397826e-02,-9.335937824172668709e-02,-8.428430056899585687e-02,-1.375096332565059198e-01,3.212681648148850155e-01,-2.061534475968079122e-02,-7.345684919138792401e-02,6.900797405635117343e-02,-6.129846018347859249e-02,1.350816965231163569e-02,3.789299382745314748e-02,-1.017445669787901963e-01,-2.393768961998673506e-01,6.011733982181657887e-02,-5.996995115103798124e-02,8.089990212216510712e-02,2.052363872802717704e-01,8.022802023698090146e-01
-5.057935319797074447e-02,-6.809106397736230942e-02,5.649652242723752771e-01,1.294730665133295155e-01,7.435671331844032061e-02,-5.615720252839113968e-02,5.549896759088202014e-02,-1.934050109466687109e-02,9.517305116382623886e-02,-3.262084164577862266e-02,-1.647021951508205739e-01,2.906836159405825626e-01,-6.357641686226014888e-02,5.793970142849583227e-02,1.156763994416786928e-01,-8.962072904036563759e-02,3.174155510017521997e-02,-3.608567093721926078e-04,-8.578905079847176651e-02,-2.610921479734266692e-01,1.107271018752625791e-02,4.384035565445276728e-02,1.060146960118684423e-01,2.579424842720338673e-01,8.137521841456460958e-01
8.014037280225172477e-02,-1.565581462530896140e-02,5.125848473577766518e-01,1.485385165447167810e-01,-4.463444055298967927e-02,1.847006571867243485e-02,9.145944090814558947e-02,3.609043807688613187e-02,8.247266912333822697e-02,-5.786756219886668440e-02,-2.244761532483884048e-01,2.612269123580659991e-01,2.459331671269654462e-02,2.631204401850412156e-02,1.411765887045130508e-01,-7.620757082756643430e-02,4.662260448305619032e-02,-7.368646297454804761e-02,-1.121477163436992719e-01,-2.715630115258365063e-01,4.316499293641770651e-02,8.180650413312820501e-02,9.275249717776767877e-02,2.198809781608001002e-01,7.865897124644849470e-01
-6.604841898249186327e-02,3.954789711203554603e-03,4.468505653440528747e-01,2.065716469095394969e-01,-3.259936471374273725e-02,6.577667317652191592e-02,1.188351174763407764e-01,1.491829459859775331e-03,-1.382249526763881797e-02,-5.025714548247402214e-02,-2.302388275369382231e-01,2.449276954015966457e-01,2.342899732080601372e-02,4.135544337708915719e-02,9.468614427728014316e-02,-4.715656981187527075e-02,-6.659161841981003915e-02,-6.647615674233646466e-02,-1.299536932514999410e-01,-2.311667091554596987e-01,-9.266571461329140003e-02,4.728040301312810834e-02,1.033183497830249542e-01,2.575931407772470427e-01,7.499561007405941560e-01
2.782398756310006105e-02,7.358365890400442311e-02,4.059812375196560907e-01,1.965438317143995972e-01,-9.052028873228173955e-03,3.119205715850059679e-03,1.506962795560826684e-01,3.962256273914632754e-02,-2.230683948615974632e-03,3.337285150922087579e-02,-2.427191354831987891e-01,1.933169363539444241e-01,-7.206974904873741927e-02,-9.400528202546443168e-02,9.887844113144497737e-02,-8.967704981404962805e-02,-3.841401168176181158e-02,4.093615254732932418e-02,-6.514617563806732181e-02,-1.943755912957909060e-01,-5.962930957541032195e-02,3.468648666498345967e-02,1.486370633010813402e-01,2.112168629442733869e-01,6.927512570707221595e-01
9.988274515413331223e-02,-9.035759222788875000e-02,3.736348422309579975e-01,2.137751790866343482e-01,9.543483684426345981e-02,-1.861840785542587251e-02,1.294294686185422094e-01,1.274633441152261959e-02,7.415069006745184099e-02,5.647709681165470619e-02,-2.503147852845182264e-01,1.649199664353732664e-01,1.340325219733357054e-02,4.768984185026531319e-02,1.568902262612053844e-01,-1.178953963104742847e-01,7.570311226026960050e-02,-1.917193566979341623e-02,-2.280008395155763701e-02,-2.163863065685186216e-01,-3.459336768735227219e-02,3.351867711271694361e-02,1.825107367620315280e-01,1.980392916428964090e-01,7.054190486271607607e-01
3.816357027243609534e-03,-4.163624474053828628e-03,3.209060562601026012e-01,2.465013901151171805e-01,-9.487158683871288467e-02,-3.175043447476873226e-02,1.139967226853479954e-01,7.038940054864678553e-02,-2.396087624282858264e-02,-2.023544382061989721e-02,-2.539888581534933687e-01,1.262497867495699921e-01,1.603447384546646814e-02,6.720509345375685895e-03,1.866808265994371330e-01,-1.014528154125609039e-01,2.158101855868893582e-02,5.297665230842565909e-02,-2.981231780525181452e-02,-2.310759297006175772e-01,6.259714774321870068e-02,4.362461524529888390e-02,1.870057925277862909e-01,1.661963109029516716e-01,6.667704228991491178e-01
-6.377013009306393976e-02,3.622357079299654004e-02,3.366885588171510402e-01,3.105841333352176159e-01,-6.371233046087461382e-02,5.032676733412039249e-03,1.449248773713739669e-01,3.609143653095156501e-02,4.180925234448654854e-02,-7.862461538105125491e-02,-2.414508166485508922e-01,1.547137426309659891e-01,1.346244392578072047e-02,-4.868744325972723663e-02,2.104721137632988015e-01,-7.293808927439336676e-02,9.258537504751596092e-02,-3.290870656015049134e-03,-1.424045998453846162e-03,-2.474496963313715936e-01,6.119850995503162139e-02,1.004530843125235606e-02,1.799610039569543574e-01,2.079094451166587643e-01,7.302057637693700753e-01
4.737474898883642371e-02,7.255941550864569711e-02,2.803820050017051813e-01,3.116088234172071925e-01,-5.665203998184487055e-02,-8.085708889596765481e-02,1.757902789280170741e-01,7.136589738249173032e-02,-9.527228279073274297e-02,2.839430008865317934e-02,-2.858072840418046656e-01,1.096025420012534668e-01,2.141880721775615837e-02,9.339482542813998256e-03,1.833890640335051614e-01,-3.462871271209992663e-02,-5.361058077680491696e-02,-2.181880081889706058e-02,-1.512305222091910040e-02,-2.052030924945312251e-01,1.889526703723461154e-02,-6.466282281661211995e-04,1.537196493967397659e-01,2.477574462816169165e-01,7.063868304506002449e-01
-5.325758361791339823e-02,8.002382920902162411e-03,2.388867320361740543e-01,3.259227302313008057e-01,7.601581751229166684e-02,3.017547380943882973e-02,1.575674950299258970e-01,3.862335653276290082e-02,6.591557310267059933e-03,-3.513324937692488548e-02,-3.023835876215770213e-01,8.402831702659346869e-02,-3.339961738836041971e-02,3.389739103963801403e-02,2.232607384064356215e-01,-6.564605669011717992e-02,9.882787224423353334e-02,3.236783796987571793e-02,2.787132646474411307e-02,-1.879942847535388539e-01,1.155668347400498619e-02,4.613010204784921686e-02,1.817900826850178675e-01,2.238871372585825581e-01,6.984001564332814604e-01
-8.217511357679668782e-02,5.105408409936157410e-02,2.202861952140657276e-01,2.892089426640789274e-01,-7.445730327295303763e-02,6.521352605050567686e-02,1.769700015011225203e-01,3.961819283307470296e-02,5.640561753407719037e-02,4.174893954859526524e-02,-3.309536354107780465e-01,8.722340209776652253e-02,-9.276792389504757985e-02,-3.937432881093427817e-02,1.857563460848464243e-01,-3.098822805480980214e-02,-4.737748601783142721e-02,-2.797271850569618690e-02,-2.208454153119136787e-02,-2.313737296227186824e-01,-8.247145064723229724e-02,8.739156460621255729e-02,1.662719933372453218e-01,2.145609134969815313e-01,7.050295709470523198e-01
-3.078005469244289583e-02,9.512204017198300221e-02,2.230506145998794876e-01,2.985360212094383403e-01,2.819441546906639728e-02,6.449611272687216790e-02,1.394036209407319704e-01,4.195432986460913283e-02,-7.349506545163031479e-02,7.240289645452452350e-02,-3.097206782724366003e-01,2.298720503617257549e-02,8.455143810267887194e-02,-2.587616236212814114e-03,2.073543976544411915e-01,-5.541749474199210435e-02,2.125058755019548773e-02,5.296196018059906585e-02,-3.470603540736726111e-02,-2.087009376322188636e-01,-6.503227454791749018e-02,5.132152926884906569e-04,1.954605494168958069e-01,1.932584023577064158e-01,6.805446348433479287e-01
-8.844388780072667822e-02,3.900704577171065779e-02,2.231391777463153092e-01,3.414386842699946856e-01,9.673578505268271011e-02,-5.216397915681486586e-02,8.731765595763023302e-02,3.722287415535509292e-02,-7.155012626256077035e-02,-7.572301211551424327e-02,-2.827660583726087640e-01,-4.128822633331086234e-04,-3.934497048648089024e-02,-7.979083779787063402e-02,1.862804977728948486e-01,-1.610553058257180314e-02,3.843226833882640303e-02,-8.754164037398748377e-02,8.561350937330187982e-03,-1.705576026897131225e-01,1.884425629957942050e-03,9.933937077059534770e-02,2.353187568320835310e-01,1.522364837427743756e-01,6.761769511739647021e-01
-9.757584507122135653e-02,-5.175970848009173175e-02,2.329881074943399299e-01,3.341175706509200705e-01,9.517475098201075290e-02,6.030742237659791893e-02,1.121778713770132385e-01,7.889211849451183145e-03,9.191532886420669679e-02,-2.429191214727510761e-03,-2.606045252095220421e-01,1.687089382953088634e-03,-7.805276026449931015e-02,9.591897794738596383e-03,1.629247129674519234e-01,5.013449074570880404e-02,-9.124533088007813486e-03,6.887141654792316992e-02,6.122736244511723519e-02,-1.362962553451625980e-01,-8.038348384315105455e-02,-2.351772595644383013e-03,2.225623188483878412e-01,1.815361473448102725e-01,6.566444227108968468e-01
-8.666959188786201029e-02,3.681604389040804559e-03,2.009425965861700858e-01,3.511963074713643218e-01,-6.996619983659167763e-02,4.748675374429711660e-02,1.056244063644153630e-01,-2.111374866323402488e-02,2.444384162534896099e-03,3.604555584167068449e-02,-2.969464615892179471e-01,7.418970400884267180e-03,-9.166541987952314674e-02,-8.304159679083937540e-02,1.917545553861630392e-01,2.287798285745984428e-02,4.326467761253646738e-02,-8.558313280026533243e-02,7.238855868062818444e-02,-1.530094485558973205e-01,-8.574865444694829142e-02,-9.757830495302249885e-02,2.065191331972996980e-01,1.803148106565096997e-01,6.797131156954008269e-01
2.878085070822616887e-02,6.060426649831663140e-03,2.055673798767831129e-01,3.789791297767071132e-01,-9.160975531367276936e-02,9.369775551887676857e-02,9.687580122929156934e-02,1.100227038241483046e-02,5.974283833091492690e-02,-4.143559265980706341e-02,-3.117398350986170241e-01,-3.743619619880700355e-02,9.599406587177011785e-02,2.037631792726442292e-02,2.403713830211252900e-01,-6.210479971529486720e-03,1.648453164144930705e-02,4.961463588590642182e-02,6.275382308355875738e-02,-1.280918176123673202e-01,6.235395761802750569e-02,3.129572146630052454e-02,1.933388384952207384e-01,1.717558918264638912e-01,6.925088133550660885e-01
5.528948929994492723e-02,3.123236753621430606e-02,1.397534416793424494e-01,4.137729412730789536e-01,-6.451424610605863141e-02,9.005383779387671206e-03,1.109455002538212304e-01,-4.912395237212457966e-03,9.693394790490164614e-02,8.747761329942377317e-02,-2.760600989499841784e-01,-1.830920988682977618e-02,-9.136525284059768270e-02,-6.703703685411258051e-02,2.509923833879438293e-01,-2.785046384161024569e-02,-7.365424530908762368e-02,4.519598199705909813e-02,2.519168868230384217e-02,-1.043584984384716696e-01,6.355706597138902070e-02,-5.729772673786562298e-02,1.431574850306790436e-01,1.543217568594794642e-01,6.724431200609513049e-01
2.319709005203580976e-02,-6.239505307691678437e-02,8.949664495873443926e-02,4.107976777504729338e-01,-2.892308626285211917e-02,5.675835689707944831e-02,1.371950682003134359e-01,-6.767215318177727257e-03,1.084530282640333576e-02,-9.895407729141747488e-02,-2.967519759985279282e-01,-6.678348005508365215e-02,5.219815200561878088e-02,-9.293772901195218594e-02,3.090168069954842833e-01,1.684071579722593026e-02,4.914675654624642287e-02,-5.950388796695249560e-02,7.767207054568603386e-02,-9.712448748394769682e-02,9.161469602387604938e-02,-2.641184973958310422e-02,1.227268602118266327e-01,1.429020238518769748e-01,6.925938728855618454e-01
1.213201888323418506e-02,2.069753331929097273e-02,8.562993211229941171e-02,3.812630742731109024e-01,3.529358744527244518e-02,6.099779993615396523e-02,1.447079804359706900e-01,-2.778528149717582330e-02,-4.603585597435716492e-02,6.500988203601243409e-02,-2.818188708394652742e-01,-6.249157196047271101e-02,-3.488635473092721595e-04,-8.458834417313376708e-02,2.890750788211889355e-01,5.584762671570678294e-02,-8.828981415120416842e-02,-3.315233626078784024e-02,6.828318217422144065e-02,-8.480357826423035039e-02,5.697939542229350784e-02,4.153618694818314583e-02,9.769579450400073251e-02,1.446075177492846531e-01,6.477930411418608703e-01
-3.309774225161356276e-02,-9.476065829358704118e-02,7.090309452209098140e-02,4.163307753571177106e-01,-9.516164722172895662e-02,6.633940873515470349e-02,1.827986585358166438e-01,1.423187066018322122e-03,-4.538583800543749547e-02,3.615753247763087153e-03,-3.221863158559196139e-01,-1.259293300613457678e-01,-4.025488528224538398e-02,8.813584902306809132e-02,2.709136972631097651e-01,4.976898516862124366e-02,-4.814064822684525208e-02,-1.406863745221298423e-02,4.692373387566223242e-02,-6.594751079447613851e-02,7.454605009692037709e-02,6.838671335836171705e-02,1.157501675037441446e-01,1.581877033070328564e-01,7.071237778048138356e-01
-4.561005477427379495e-02,5.187965248359271975e-02,5.724829432705952348e-02,4.284417891430266634e-01,-1.005203150989199962e-02,5.534211139103624444e-02,1.683110941806513772e-01,4.224821522890054304e-03,-8.692676848712294069e-02,-2.485761265323127578e-03,-3.359290175926125110e-01,-1.074193454005848980e-01,-9.327727996334347904e-02,-8.746935930892911493e-02,2.456386000297101357e-01,3.842228302819966634e-02,8.128749066888217578e-02,-7.215092577648096750e-02,9.901950644334547857e-02,-4.001492131947248510e-02,6.484136455043421066e-03,-1.778087947985870776e-02,5.908220377534581513e-02,1.811649840088710439e-01,7.022298073956648734e-01
7.012321156822756696e-02,1.224455765650500627e-02,8.796387834382246584e-02,4.070521745755938392e-01,4.678182274873286806e-03,-7.704622562615651149e-02,1.243752001642037947e-01,5.180859087532782570e-02,7.202793866988699278e-02,4.456286064169673322e-02,-3.428833013632100468e-01,-1.713368609348064620e-01,-8.646632761999968608e-02,4.156701944595373593e-02,2.817152477426166923e-01,5.261236551623063584e-02,8.707643468529216446e-03,-8.365493085064434897e-02,8.141097477857536791e-02,-1.257690201425676335e-02,-8.339871694268710667e-03,-3.060742573990582471e-03,7.652463829222103109e-02,2.096557137754475608e-01,7.153970428847891139e-01
-5.224075772369213277e-02,-9.752131163802357783e-03,2.516325194492552431e-02,3.907635664812967313e-01,9.699793122817501612e-02,5.440249526199807811e-02,1.054586140583329001e-01,6.083237166155647246e-02,-9.456651575488800310e-02,-8.695908174790159539e-02,-3.700693772706840079e-01,-1.877010814012987638e-01,-7.213724637533447392e-03,8.184404117231203202e-02,3.158537193640997276e-01,8.627542128495738205e-02,7.740359590542846002e-03,-4.374983931419440530e-04,5.498323389898215202e-02,-2.023068459155452636e-03,-7.890526000867389977e-02,3.135602094485881453e-02,2.849745577788956319e-02,1.754031374397235499e-01,7.265425616927047026e-01
-6.315503215239476331e-02,7.879794200157408390e-02,-1.676328224624246133e-02,3.441076216835982082e-01,3.085851046499237318e-02,-6.957914335554540863e-02,1.133627220382398687e-01,3.097207809077479057e-02,-1.193531632633021422e-02,2.305960501396039919e-02,-3.787638737922396359e-01,-1.858361619888303784e-01,-8.330718300212333616e-02,7.648327368146776162e-02,3.445210485681427515e-01,7.367089381484387411e-02,6.072070708830704100e-02,1.041354715327652558e-03,1.824927719438081131e-02,-3.984672773625708153e-02,9.342532305183408325e-02,-1.644780414498006604e-02,6.341648056855589410e-02,2.023902023094606428e-01,7.236484294337329759e-01
-1.157510549940010680e-03,6.564985048744365059e-02,-4.092289051282699264e-02,3.666545576639831383e-01,-3.295839052582545670e-02,-6.524768137285123781e-02,1.418069259393578696e-01,9.211376906897948691e-02,4.240280406615615227e-02,6.519564254161636097e-02,-3.879040031372310016e-01,-2.448458660694350919e-01,-7.987250429529335616e-02,-5.202517744881104966e-02,3.783002064256297814e-01,4.687881208201252758e-02,-7.160560204780122562e-02,-3.041171768356668026e-02,-6.979211450315783716e-03,-2.023005379995918007e-02,-9.929804218917481773e-03,4.976526739266129429e-02,4.768743478396333946e-02,2.201477523681751314e-01,7.778470617746273685e-01
3.063255810625659104e-02,8.766096368969655828e-02,-4.402333590308482592e-02,3.216250916093779111e-01,7.424089645261042203e-02,5.321295530706052906e-02,1.262241400745768849e-01,1.424901434775484310e-01,5.768946865065976981e-02,3.299698069519904631e-02,-3.961838030443520231e-01,-2.260943300316070881e-01,-4.794262848679942124e-02,8.143900614116597603e-02,4.088810237330312014e-01,3.689794449179079061e-02,3.414646238116680887e-02,1.208812619608799072e-02,-1.818418244508400450e-02,-1.867537879582698013e-02,-7.780210615730377699e-02,-1.058889123871492588e-02,8.411641296377550536e-02,2.357763300734949108e-01,7.870062384360563268e-01
4.073719549215915059e-02,8.139695328982066158e-03,-6.747148584243101155e-02,3.206256096484303431e-01,-8.069310596091183729e-02,-5.162123434823219503e-02,1.186726813578032336e-01,1.883556339547529657e-01,-9.751919274453707542e-02,-6.246406907098836503e-03,-3.662442029950978006e-01,-2.835215756035547319e-01,-3.974694784799992497e-02,1.967149685955177363e-02,3.838964164129198275e-01,1.836706533991949719e-02,-4.055243845827656568e-02,-4.001617769860306428e-02,-4.322389708653810725e-02,-1.147231681024707406e-03,4.863863974632068321e-02,-9.037143280432932690e-02,4.237197531765976577e-02,2.782911519675465017e-01,7.977809980061518758e-01
3.489270351008211257e-03,-1.391451793580200658e-02,-1.038499356264914186e-01,3.051363061250192410e-01,-3.661068244177614894e-02,-1.308080782825765676e-02,1.587387167170149216e-01,2.242946715347990672e-01,5.477593114603127034e-02,2.038468620302631706e-02,-3.483913908107752477e-01,-3.488873423886074132e-01,7.850465799096922881e-02,-1.132399712416246040e-02,4.282015589443254888e-01,2.239247824144474652e-03,2.141791574375079971e-02,2.626151061839774453e-02,1.771999273622482107e-03,-4.025066737830051977e-02,1.833943246126510523e-02,4.052675461710325555e-02,-1.449318997845275292e-02,2.805241742485754530e-01,8.372205450120285830e-01
-5.860148431231460009e-02,3.314525689195768621e-03,-7.914864826978668111e-02,3.110108658823197425e-01,-9.889884016791583576e-02,-9.846719347015492341e-02,1.052034234826546150e-01,2.220341194908875826e-01,-5.618623817962845046e-02,-9.265572749983576328e-02,-3.477584191474230035e-01,-3.231705740876371635e-01,-7.839484917386174700e-02,-3.222787013224967523e-02,4.203222644726518076e-01,7.008723964661739414e-02,6.051713591596257630e-02,1.440972867386017264e-02,-4.553244121882943363e-02,-2.567259480118166959e-02,2.533545191283282511e-03,-4.130223535837568294e-02,-4.126527119576940683e-02,2.959344785977635617e-01,8.424726571533309727e-01
2.728027403668142892e-02,-8.977292371157985507e-02,-4.697113749398496019e-02,2.930987903666187888e-01,-4.847855593325563206e-02,-8.809505993044569605e-02,1.026548543025306570e-01,1.983068411339569126e-01,2.075909058987754352e-02,3.731798269852136529e-02,-3.731833476194687527e-01,-2.923342190627106207e-01,-7.710247238681894322e-02,-2.323222339100410039e-02,4.298744608098643560e-01,1.026737866001176808e-01,-8.752698208891601661e-03,-2.618939564781669338e-02,-6.081426683639840070e-02,-1.015519643313678166e-02,-7.579499990296140188e-02,-1.621044196250491509e-02,-8.809812011425606493e-02,3.460120981049606970e-01,8.504796204894522482e-01
1.543997734691016088e-02,-9.125218553821057288e-02,-2.200026055743681264e-02,3.124367771514827141e-01,-7.539934097525087531e-02,1.172847929008508094e-02,7.913429021935093621e-02,2.247937080440810531e-01,-3.136652936546835413e-02,4.583469750988960340e-02,-3.720057950489153997e-01,-3.541315390730487289e-01,3.045832971838791092e-02,6.912087259798138650e-02,4.074028861517738909e-01,1.636790168428288172e-01,3.849856533384504731e-02,-1.401378452197038493e-02,-6.245179203889233976e-02,2.528902082516704120e-02,3.459332447888648771e-02,-4.492376514891629341e-02,-7.668089513940000435e-02,3.424959716384446962e-01,8.759310613547551805e-01
-3.187916668374168871e-02,-8.565762223046979873e-02,-3.358657449342400403e-02,2.886830888681454765e-01,-1.807422102095360139e-02,-3.775650098732127868e-02,3.333864483407919521e-02,2.330569824413786795e-01,3.542412794700187245e-02,2.115584989053807125e-02,-3.360574811812087059e-01,-3.851156321300581165e-01,-2.708125436049202417e-02,-5.642148914900198264e-02,4.062234852991581935e-01,2.093211246054745289e-01,9.760719323111838319e-02,-9.199675760777015210e-03,-1.061798336729032066e-01,3.883935543086780573e-02,3.765484715604741628e-02,-7.188940648432785852e-02,-1.112769548991302260e-01,3.273506816283354715e-01,8.798982626229553405e-01
-2.289761905261555874e-02,-3.192257914909885086e-02,-4.509107106402855669e-02,2.473780612744243823e-01,8.281521469517050260e-03,-6.917099136430260309e-02,7.025285407695683326e-02,2.482396995008823160e-01,1.074229707160223590e-02,8.340962482000807698e-03,-3.439755112612587484e-01,-3.973959559528596475e-01,5.238036252097399981e-02,6.672999238751714524e-02,4.343770070917529758e-01,1.882685571141353709e-01,-1.191172993751518638e-02,-3.953335012970127238e-02,-1.275047083505068124e-01,1.566265743203842931e-03,-4.813302053658111146e-02,-6.107523265902561893e-02,-1.767417341313878010e-01,3.380179102299242233e-01,9.019102933357391327e-01
8.189092218744842278e-02,4.442864709118116151e-02,-3.184720021451894340e-02,2.001447868217555992e-01,6.677325753072504977e-03,7.399383192953701283e-02,4.859525965999821062e-02,2.931840073616251430e-01,-7.386953123530741461e-02,5.810195885497700108e-02,-3.220337433359681256e-01,-4.030376140002400742e-01,-7.503583720663031809e-02,5.884213250988107324e-02,4.047291840526860418e-01,1.950862391118577399e-01,-4.484648634972859815e-02,7.541811620363780833e-02,-1.151107145975713286e-01,4.522309199336593810e-02,8.880841876507956922e-02,-7.024080611897687287e-02,-1.604117190176556906e-01,2.868270016934679756e-01,8.793986716740695986e-01
6.939377084141207241e-02,7.861804103908298647e-02,-4.813177491484508380e-02,1.565163042381732539e-01,-8.750848127618571226e-02,7.669295259721214952e-02,5.446636261752454272e-02,3.160521147669236308e-01,-1.033618892611556928e-02,2.086497800846437434e-03,-2.937247163016851181e-01,-4.215837244325931210e-01,2.531850221864206940e-02,8.527652134601737544e-02,3.519353362146501740e-01,2.173551580057875299e-01,-9.617678111404720509e-02,-4.631306336436602500e-03,-1.195106428142765631e-01,-1.392966430425576774e-02,3.754440848611213799e-02,4.454139153964569581e-02,-2.179531050742559428e-01,2.901716154769408140e-01,8.695880435847181955e-01
-8.227905720606421003e-02,-2.474438066557838045e-03,-4.249434014017233752e-02,1.594141020114735463e-01,-8.447013306567899282e-02,-1.849139379351383283e-02,7.609009381228856728e-02,2.633772948545639592e-01,-1.857870217487447850e-02,-8.679803117195167284e-02,-2.875777053207063672e-01,-4.666193043816314057e-01,-3.023589320610409192e-02,-7.780038024173702160e-02,3.126145657983013249e-01,1.915604083098579880e-01,6.164704200184445426e-02,8.953760519289416520e-02,-1.337983620765266779e-01,-4.621526773505438279e-02,-8.553670494841228433e-02,9.102304145834028137e-02,-2.693718227265842202e-01,2.617102121453862562e-01,8.688171846767145379e-01
-7.541586430692237553e-02,7.773181605307971642e-02,3.844945536077004622e-04,1.564925662243208115e-01,6.167901559672728240e-04,-1.013005159207158723e-02,1.159426607419720701e-01,3.100790921174757520e-01,1.717295769070384392e-02,2.495677255788047999e-02,-2.339614328702290247e-01,-4.474336432270581421e-01,-8.564483875469741658e-02,3.652344424468048634e-02,3.136536963708587145e-01,1.730820181816916103e-01,-5.161366393689409415e-02,4.279052650131798252e-02,-1.094339843001471968e-01,-7.558244265795550920e-02,6.450695887683938201e-02,6.079170151050405230e-02,-2.579359193854183774e-01,2.227996068889981918e-01,8.276370461258377720e-01
-2.795321623991442461e-02,-4.592134272309487952e-02,3.585372983528711810e-02,1.202287809993286272e-01,6.854238043211097198e-02,-3.733041648297136250e-02,1.213109291968305775e-01,3.515429662764307794e-01,5.778649435520144539e-02,7.837442896214695531e-02,-2.368346029267006658e-01,-4.405349067461892254e-01,-1.323651608469411656e-02,8.198862877087841061e-02,3.569712536873864694e-01,2.063322052460496714e-01,-2.453638920736145312e-02,9.281568329802164508e-02,-1.337658738994729202e-01,-3.521467209069895077e-02,-8.214209509488540339e-02,3.740385330064854852e-02,-2.554862260179544542e-01,2.423158007605254460e-01,8.718084512613997195e-01
-2.603734880256469708e-02,-8.952899596250551983e-02,1.917549310420546549e-02,1.054690595865628855e-01,5.351352570358364202e-02,-1.669911361922421511e-02,7.491399882975684210e-02,3.424797727723529750e-01,6.443597736328465775e-02,7.006960022397908106e-02,-2.643070446645267579e-01,-4.776591751998612856e-01,-5.760118906026834296e-02,3.147069643402571060e-02,3.176273419904713236e-01,2.001849023376376935e-01,-5.543639167403635604e-03,7.603134758429702655e-02,-1.744074956934165699e-01,-5.096909455573288977e-02,-5.685186416470917881e-02,3.556264006200884897e-02,-2.286186871006610222e-01,2.374895182353073675e-01,8.663552789731587822e-01
-1.427083110510651842e-03,-1.914205054902617942e-02,5.275468911512271042e-02,9.955439784380905321e-02,6.187535682418754401e-03,1.902633498113631694e-02,3.758111081752965599e-02,3.562280580107868300e-01,-9.801523577443288504e-02,-7.180968109299221830e-03,-2.843712966078970061e-01,-4.735747496435601667e-01,9.269984817751764083e-02,3.806456025909732421e-03,3.503019204229733674e-01,2.099998598704316821e-01,3.550845349179060362e-02,-3.762722841662335949e-02,-1.217010449446649933e-01,-5.483731117969956742e-02,5.479827563055250650e-02,5.458429637522303757e-02,-1.957561406111973379e-01,2.297199992731222828e-01,8.657715513253736450e-01
-2.039894140909948028e-02,-3.941685423336147021e-02,8.506283007828274734e-02,1.517769955004555915e-01,-8.686102820912683375e-02,-5.435292730126017879e-02,5.699228073182174836e-02,3.774163792334968015e-01,-5.067927300439506455e-02,-3.184586057959681860e-03,-2.765612115266554705e-01,-4.858436037308323519e-01,4.948888131933881773e-02,-5.238034320410672739e-03,3.782705607733373165e-01,2.457511251143311704e-01,-8.843111011056786763e-02,9.155796019764078642e-02,-1.564725966139963453e-01,-9.144572464001281958e-03,8.854486381882242796e-02,5.703790862968169395e-02,-2.394777706042685028e-01,2.172956694121156163e-01,9.305537457671266832e-01
-7.053939114420593182e-02,-9.843168184561662537e-02,3.274800600455396449e-02,2.014426160469833249e-01,2.618435804583268967e-02,-1.046531491791635737e-02,7.697107696940691524e-02,4.192539055657406588e-01,-7.314502981954490446e-02,9.158682421135408425e-02,-2.534389112744323547e-01,-4.609474719183006552e-01,5.931944789123955175e-03,-5.162134117742214756e-02,3.699269096638856391e-01,2.461419730929977623e-01,1.207142309415099035e-04,3.592406654702157143e-02,-1.879483262454818004e-01,-5.075205102485814274e-03,-8.475215640528710459e-02,-4.505923699042160835e-02,-2.784182907694712772e-01,2.421083757865737374e-01,9.546575205289337118e-01
-8.538368759459702417e-02,2.446865292344921339e-02,2.492245662357284175e-02,2.183775445382207248e-01,9.623556735245888949e-02,-6.197847004325446330e-02,5.846941481532991203e-02,4.505972717205197764e-01,5.851902325767666113e-02,8.157975875592388126e-02,-2.697416060732358289e-01,-5.091517564379787197e-01,8.874031856404418495e-02,9.202712088108944144e-02,3.087253779569935630e-01,2.984742465698881353e-01,4.291927744294432578e-03,9.546158159830074597e-02,-2.077091776618339436e-01,-6.609701212358974620e-02,5.146204142688776129e-02,-6.766571275260763185e-02,-2.739478563428248137e-01,2.219039090888070831e-01,1.003361859945814505e+00
-7.629947528036967741e-02,-4.222301221816687766e-02,4.771160846918953702e-02,2.017478356510318260e-01,-2.043267489956862581e-02,8.390620493120995449e-02,1.956484634727018168e-02,4.297324217047192585e-01,9.865100308459284761e-02,-9.101774020087682882e-02,-1.994965235246600743e-01,-5.132543505313253984e-01,5.220158469907842935e-02,-2.565518671953137542e-02,2.696482073759730036e-01,3.305570275160902849e-01,-2.150836275410394904e-02,5.085299466940454427e-02,-2.264432754915850776e-01,-4.510060176392033382e-02,8.368528642908175386e-02,9.018571890050969264e-02,-2.865113571418095861e-01,1.974209911629466463e-01,9.707006005405450777e-01
-4.350078680542956988e-02,-2.938992167993953464e-02,1.625645596405267401e-02,2.319855956537236752e-01,7.881886050665015686e-02,8.929130263008111523e-02,-1.554745174769439631e-02,4.455971932626808241e-01,7.851164549729494624e-02,-1.611040120853729496e-02,-1.427748377913548583e-01,-5.114712070010378753e-01,5.607310060137632446e-02,-4.732853339780240809e-03,2.927074147606589238e-01,3.769502367239535578e-01,-4.920295707795396822e-04,-5.906397818854322579e-02,-2.656845337539844309e-01,-6.932810824310868536e-02,1.822606065170329082e-02,-6.277282044933041316e-02,-3.045821897970025782e-01,1.470464779941240141e-01,9.933365143903302164e-01
4.502036217117699746e-03,-8.907311599980555217e-02,3.826103949632164714e-02,2.771716826050070193e-01,9.461563259446656438e-02,-5.477493375006564635e-02,-4.618400757780105614e-02,4.421771543615083955e-01,-3.916025607274381537e-02,-3.921149754899455608e-02,-1.075200612331224242e-01,-5.331351595636881768e-01,-5.391666757653001962e-02,-9.970523558273775011e-02,3.013710328321255738e-01,3.520427361101445829e-01,4.586895881759922577e-02,9.336909995985707977e-02,-2.530549820642603587e-01,-2.995929865935275868e-02,-5.514130334299098546e-02,3.260943836068447288e-02,-2.618207056180197889e-01,1.456040856061870947e-01,9.959570817173839519e-01
-4.693477248890662312e-02,2.031077585996482471e-02,3.152579132960042774e-02,3.059615568750652659e-01,-4.068801755881386317e-02,4.288483281424843030e-02,-1.090251680722902350e-01,4.744413070905217911e-01,5.180105650438615594e-02,-7.949680718670509849e-02,-1.070906705191042585e-01,-5.797248319297280128e-01,2.770892841353539415e-03,1.778111118211189723e-03,2.783140160042627542e-01,3.587053967995708637e-01,-2.614384595689178692e-02,8.658497251393443284e-02,-2.755072954488531622e-01,-1.842606007208105745e-02,6.550126397464423045e-02,3.944187638192733769e-02,-3.071382180844641208e-01,1.741733321602405571e-01,1.056091592436413151e+00
6.779946554360213873e-02,-9.771640330918526796e-02,-2.129205834521130658e-02,2.841322561065949825e-01,4.073995592581018677e-02,9.405142194521140531e-02,-1.052781038438765360e-01,4.310676662887588106e-01,-1.246773437035930687e-02,-5.300531900080945880e-02,-6.633488045177075854e-02,-6.213410248177493322e-01,4.097420200867634560e-02,6.342562840311705141e-02,2.357586858434219668e-01,3.639257305078275051e-01,9.286063215569462237e-03,9.340705505122924579e-02,-2.583116622863034229e-01,-6.974227192692770971e-03,-8.966625566840780159e-02,9.591196609056162892e-04,-3.088716835995667931e-01,2.013505723485573551e-01,1.053310569198746549e+00
-3.864468009557175954e-02,-2.940829930952867932e-02,-9.994762559107361888e-03,2.610742605426083496e-01,2.425848980992202641e-02,-3.319000686624615226e-02,-9.330456225218997091e-02,3.772114845286475560e-01,4.653981011805607970e-02,-1.909452288522606178e-02,-1.278010051616086662e-02,-6.526091302228490543e-01,-8.632935993800827656e-02,5.675196849682145883e-02,2.370474678142945324e-01,3.545523817342702277e-01,-4.284833508145879932e-02,-1.344662408014747623e-02,-2.978926000329594759e-01,1.966703436312045028e-02,3.708877664438033073e-02,-3.350876857025758548e-02,-3.128794798934001475e-01,2.058766095129717089e-01,1.038454605566152766e+00
-2.047752428942588299e-02,-4.714474736827214962e-02,-6.349607129902767877e-02,2.477178513824654371e-01,-5.893341225864004440e-02,-3.392060488221992909e-03,-8.380693017318269211e-02,3.817066574612730245e-01,-4.629324878647855801e-02,-4.250766702054997737e-02,3.731445892657478391e-02,-6.249007165515970685e-01,3.135121269491140950e-02,9.370746633997845132e-02,2.698212464252625065e-01,3.565862060610044959e-01,2.072744011187499513e-02,-8.460410658700674713e-02,-2.540599796668999710e-01,1.571488235310898596e-02,-8.488327722918659335e-02,9.028464416911319290e-02,-3.171498832745756613e-01,2.077327824510342147e-01,1.030186818942673499e+00
4.022791888349475098e-02,3.602237708939454164e-02,-8.327611509580756799e-02,2.353662584996313312e-01,-1.836966182666038144e-02,-9.692102166173832689e-02,-4.788468690518243864e-02,3.289981919417809819e-01,1.658521136085261416e-02,-4.937969216407822604e-02,5.212453775154987645e-02,-6.259012739229203870e-01,-9.949150771421930162e-03,9.151620301676346991e-02,2.375050379869345640e-01,3.218021805040781058e-01,-2.019293647151310100e-02,6.796032133288534838e-02,-2.208140297488959125e-01,-3.303062937977763180e-02,-6.229187885014977888e-02,3.449209960500573824e-02,-2.872791792816967171e-01,1.728795112143981516e-01,9.609875664668015016e-01
-4.583873439260549576e-02,-5.048804594402273027e-02,-4.931674528108742628e-02,2.327978553062493572e-01,-8.749474085143085778e-02,-8.211896680635932810e-03,-1.035652625547816563e-01,3.408568995645168132e-01,4.654669495723301464e-02,2.134634494348730538e-02,5.892245137418261614e-02,-5.653765650333089088e-01,3.457433371961596280e-02,-8.377016429275216391e-02,2.072480386657586937e-01,3.482542951346779270e-01,9.029814203535746486e-02,6.769836676860496727e-02,-1.857032616976157513e-01,-8.834891040773054649e-02,6.101806369913254091e-02,6.459676100835348711e-02,-2.626948533294846122e-01,1.826260719673047372e-01,9.270299043319732979e-01
8.725612429378531987e-02,-8.719873067827581259e-02,-2.603079303696886893e-02,2.222652126519398252e-01,6.494864746940152977e-02,-4.152337791756138818e-02,-1.132661514563254035e-01,3.775580387967409357e-01,-1.121610909872444717e-02,-9.561733424499818668e-02,7.357186191445974632e-02,-5.648913095909018356e-01,-3.979078443313739666e-02,5.262485260260907349e-04,1.456459779195543591e-01,3.481214484294378186e-01,-8.876478453051217521e-02,-1.780854123366967801e-03,-2.022070935259661084e-01,-7.864160758516175465e-02,8.542212577168546705e-02,-7.892135637843897267e-02,-2.704963281466581382e-01,1.470324273357408451e-01,9.314793285430174041e-01
9.056300340050127406e-02,-3.465149159399182749e-02,-6.116480449589201118e-02,2.522819766513475503e-01,-2.911501024138901661e-02,1.126830684391760817e-03,-9.488036871225374869e-02,4.051604175879394143e-01,8.822416250673470461e-02,7.526388662846228428e-02,7.091446269657636359e-02,-5.666644328523419150e-01,-7.948640748328204830e-02,-2.145385134571675678e-02,1.504248009475462888e-01,3.781469341831540376e-01,1.067423794995436825e-02,6.264945103080094002e-04,-1.738484156130994940e-01,-7.340815800068892227e-02,-6.122738641262146647e-02,7.176335423363094934e-02,-2.654445613692461015e-01,9.917780094490899478e-02,9.421808616230299416e-01
-7.893090310373340746e-02,-5.552773905036594709e-02,-1.182623699487734825e-01,2.262978451226296261e-01,3.844914156041018272e-03,2.155053661913050589e-02,-7.756279201682236835e-02,3.804402361699122936e-01,-5.092953716675779896e-02,-8.845356815497651404e-02,1.168705243663464288e-01,-5.288884810389582469e-01,-2.179342617452026398e-02,-5.315932581473317708e-02,1.167569707330185225e-01,3.621765804137951905e-01,-5.608921535403960101e-02,9.197256054269105363e-02,-1.285374387882295411e-01,-3.357175968177567027e-02,2.326009718514481656e-02,1.137568863441917877e-02,-2.367536164249271768e-01,9.275582248456404333e-02,8.787632573641183109e-01
5.855162271456260115e-02,-8.619081873708006603e-02,-1.249766525226372327e-01,2.049163947796931451e-01,-5.148995804609285409e-03,1.213565898778998231e-02,-9.639451657135039708e-02,3.808616498355183455e-01,2.568529132291741401e-02,3.772632586157509405e-02,1.442864177644958557e-01,-4.724751107184511634e-01,-4.934552329545699445e-02,-9.800424466831014758e-02,1.164771358359140419e-01,4.067578964932740959e-01,4.468873247098242851e-02,7.131319869515713450e-03,-1.096440141249259703e-01,-8.851946055402065694e-02,6.722354064144975272e-02,6.427767258013884766e-02,-2.341443115201530811e-01,1.274541524649315249e-01,8.728147265582011372e-01
-1.330555344887307534e-02,9.943647078059011934e-02,-1.236063926742075325e-01,1.768877406692576093e-01,1.181185698932044059e-02,-3.576756947280929078e-02,-1.497165927465405888e-01,3.342252475256103916e-01,-5.597773481904937815e-02,-2.989589314276763776e-02,1.755323656806316579e-01,-4.964821552208351085e-01,-2.549334524808982705e-02,-8.625726445520781605e-02,1.437605264015520135e-01,3.820811520676052897e-01,-2.608516011464537265e-02,-7.152296052155015377e-03,-1.558342100638780980e-01,-5.079008369890586350e-02,4.454755044776093076e-02,3.134589694432159124e-02,-2.332928807214778022e-01,7.820678785871348904e-02,8.598569967336885389e-01
8.164569774006458225e-02,5.174306423278413058e-02,-1.020689916249023083e-01,1.435265392167285325e-01,1.943106119806037313e-02,3.082654740557472239e-02,-1.970353416861757578e-01,3.009930897437689268e-01,7.782558478800200019e-02,1.576135090238806047e-02,1.780748937479594285e-01,-4.900411243243209536e-01,2.647826486567750326e-02,-6.870465679927988123e-02,9.611302157911491562e-02,3.936745099679108684e-01,-5.215755976779451464e-03,4.327942239161980398e-02,-1.617762797015935838e-01,-8.173331764986840886e-02,-4.581146033672692242e-02,-5.954916389509301577e-02,-2.792241486917799165e-01,3.798547873005136966e-02,8.594823561531254041e-01
-4.707299461492853165e-02,3.239378895877370601e-02,-8.822639045803537527e-02,1.398969502680048604e-01,6.298794570810783977e-02,5.560504862893062006e-02,-1.815111086804141460e-01,3.285392246309417064e-01,5.217026618615634714e-02,-6.245551886154959709e-02,1.613693457836243295e-01,-4.956592305034610568e-01,-8.232301060309626939e-02,3.978976569747710856e-02,5.405302710308015901e-02,4.264654712309865481e-01,-2.633055724112973173e-02,-1.353075471933053858e-02,-1.386332622261763348e-01,-7.054828133050400352e-02,-9.377018144132182043e-02,-4.808471014499016150e-02,-2.466637246112228232e-01,2.028759178247785400e-02,8.645759478593326719e-01
-5.170070294862638693e-02,-9.192983462806003647e-02,-6.426607921477327234e-02,1.256646633760108989e-01,-1.776169640108282710e-02,-7.398386603421064356e-02,-1.853198589934642593e-01,2.721131354296366101e-01,-9.551482216758898358e-02,-2.791463457170278994e-02,1.396998153368786966e-01,-5.279160988006417199e-01,5.674765021504729612e-02,1.323613824501418401e-02,6.583956465315099482e-02,4.148469882544995047e-01,-3.744440215792919219e-02,3.086840109854394054e-02,-1.815172812895358145e-01,-5.831376040198671395e-02,-5.359636393823785649e-02,-9.712371078558298954e-02,-2.725609650155945696e-01,-3.705974113083176924e-02,8.716871334262175086e-01
9.622358157358712472e-02,2.990178594148951152e-02,-9.117511845712061858e-02,1.769848797127299145e-01,6.088281193549466286e-02,4.302003225674000397e-02,-2.022606495531411586e-01,2.561386353205336586e-01,1.863164380789364416e-02,-8.933040060222047218e-02,1.665389994837079557e-01,-5.639558339760510908e-01,-9.047131489467785670e-03,3.495726043348212908e-02,1.838455345481579406e-02,4.252895991243969553e-01,3.550632277673693160e-02,-2.537547631552328209e-02,-2.165600744424688306e-01,-1.129780336045281275e-01,8.833839733160611662e-02,-6.652859355264378882e-02,-2.348236065482077473e-01,-9.023398949331756791e-02,9.140929773847752404e-01
-6.926179143115906989e-02,1.452144657640452863e-02,-1.287443824111743629e-01,1.534938785615985735e-01,-4.459749513480426586e-02,8.426150244259511535e-02,-2.334204197822181692e-01,2.302520123545574449e-01,1.663816085541951206e-02,1.856803610162205409e-02,1.961663924816920701e-01,-5.600028615615075811e-01,-2.901506782459800649e-02,-8.960212960445851360e-02,4.611061713705155718e-02,3.921478852866170373e-01,-9.365124692540227613e-02,-1.533297116936049864e-02,-2.469584264924595818e-01,-1.507871204657899589e-01,-8.308692438055242935e-02,2.136939110802782427e-02,-2.365564902273169789e-01,-8.488535347022796440e-02,9.178625506028229575e-01
-8.297930277604292915e-02,-2.288048149733334924e-02,-1.445537693084932296e-01,1.735596813148178041e-01,-8.579302219119960826e-02,-5.784137968999431001e-02,-2.086219886406311952e-01,1.850405734936383939e-01,-5.412684459246552837e-02,-6.178557790484262568e-03,1.714053529515230934e-01,-5.016175380632010850e-01,-4.628756650927151606e-02,-7.980437863644779251e-02,-1.811492850433663038e-02,4.044567385581642194e-01,-6.650178218117844264e-02,-7.054488728958183130e-02,-2.120837741194339099e-01,-1.172971356017231126e-01,9.461535958245967382e-02,5.185850138369471618e-02,-2.578072100674692058e-01,-1.420538226917434643e-01,8.773323219761369751e-01
1.613981691085697445e-02,1.101752077972806276e-03,-1.218230738094817633e-01,1.377483105528342633e-01,-7.118424279736007554e-02,2.479969710579649211e-02,-1.811954050172000508e-01,2.163290707404002533e-01,-4.527191642784567094e-02,-2.433136291197512957e-03,1.832959737243453346e-01,-4.456066033584338282e-01,-8.354553514458762375e-02,-8.083188557275411412e-03,1.820918402834437178e-03,4.247516272549306526e-01,-3.870730639143593610e-02,6.447624223707087987e-02,-1.565526051881602210e-01,-1.185124689940698084e-01,-8.860425460052634428e-02,-1.627854501633402284e-02,-2.889785093188674270e-01,-1.228901064311784253e-01,8.318687615256562529e-01
-7.479959442720113261e-02,-6.071615682559650118e-02,-1.369569394224838255e-01,1.140003392127725002e-01,9.028896513261841505e-02,-6.490167452372852530e-02,-1.650935193254426392e-01,1.996880492948369945e-01,1.354546358621092073e-02,1.586289333238757870e-02,1.698890825874455057e-01,-4.206181391601224728e-01,-2.075107589951052933e-03,2.894904971536371718e-02,-3.512287418525128491e-02,4.237469541307515852e-01,-5.403465484047631495e-02,1.053245355534965233e-02,-1.319531560063582631e-01,-1.679864512185585412e-01,-2.556534895062057000e-02,3.233345192583780836e-02,-2.676051296448153094e-01,-1.611120877271986773e-01,8.101327753866151005e-01
-5.006620945195400241e-02,-4.735053069639771905e-02,-1.028198582294046481e-01,1.346864548489376257e-01,-9.986932184774011123e-02,7.413380682510350983e-02,-2.155952749154653736e-01,2.181531145605758448e-01,5.851896264182694651e-02,2.546578701813559387e-02,1.812672025107547880e-01,-3.754350910481516479e-01,5.005315278776846510e-02,-6.959028651510168473e-02,-4.250847714324101911e-02,4.577632915652576351e-01,-8.335281082484907733e-03,-2.975612253024384479e-02,-1.469661765806095088e-01,-1.420672992952490832e-01,-8.124469474859670470e-02,-2.773902957015184079e-03,-2.271898057857317799e-01,-2.140566919987844374e-01,8.284735524512000238e-01
1.970801910091524167e-03,2.551289251458976892e-04,-8.301659883257894723e-02,1.627149583474937211e-01,-8.995139803540358470e-02,-9.301768946875521582e-02,-2.119206000525800382e-01,2.020289437275119560e-01,1.023199238327441099e-02,-1.236427735033109737e-02,1.942296384018702415e-01,-3.596264455237757618e-01,6.783607899605972880e-02,-6.786408305763091953e-02,-9.695833174492135553e-02,4.699694721485039861e-01,-9.500566757659009709e-02,-1.019224641397481479e-02,-9.119827466468866106e-02,-1.159599119089384511e-01,-5.250428864954851532e-02,-9.007712533223252716e-02,-2.185176072087671728e-01,-2.648042060001258857e-01,8.380157636594600667e-01
9.229846491482246451e-02,3.357358134016263929e-02,-1.016201484690087975e-01,1.794421821695412478e-01,8.664101755186126574e-02,-4.690071851418553539e-02,-2.417964334124828307e-01,2.103237174790671127e-01,2.229272224513216549e-02,3.569999365852756512e-02,1.826032331546984522e-01,-3.201834881397679355e-01,-3.649005994848231182e-02,6.962184700312601393e-02,-1.694237948540245342e-01,4.802735081778899962e-01,8.943229258004958826e-02,7.697102353920087792e-02,-1.080486305744976505e-01,-1.212269824726686651e-01,4.781339518787451615e-02,-4.450706405500920448e-02,-1.832452777944963140e-01,-2.180237365749034817e-01,8.327258030817664691e-01
-1.065709454829592839e-02,3.035920700332761513e-04,-7.016888789269581927e-02,1.483081580445436976e-01,-5.066827683891872436e-02,-5.807949513053300983e-03,-3.084241564292585225e-01,2.204908011679912461e-01,3.238272652740231683e-02,5.023542739080855135e-02,2.008790334691148982e-01,-2.887824280709794245e-01,5.077361654198260521e-02,1.557822253881768759e-02,-2.321515080722882929e-01,4.933199910428507917e-01,8.087195499877145033e-02,6.348156946122185396e-02,-6.647084656648000189e-02,-9.277801628208215412e-02,5.140962293972509145e-02,-8.887889566390788643e-02,-1.410897400930432588e-01,-2.681349252708153941e-01,8.524764975567052927e-01
-6.711889418422425924e-02,-7.668338508886063387e-02,-9.239366301464124742e-02,1.527444461899946093e-01,9.339136414426019162e-03,8.048260665722067886e-02,-3.519567990756297116e-01,1.634422839404555128e-01,-3.120846268846289018e-02,4.660002144452463080e-02,2.335868803845628783e-01,-2.510778492527380168e-01,3.173227098795339263e-02,8.631098286189620161e-02,-2.533108417213745800e-01,4.440484907330536357e-01,6.419620345982818277e-02,1.332105178109255217e-02,-7.267551061993110517e-02,-8.064819350407281817e-02,3.140609964682146427e-02,7.967729331680697968e-02,-1.416254416380849923e-01,-2.579770502078838623e-01,8.366504630032896017e-01
-4.806583220991719752e-02,9.394472655959540397e-02,-4.378314011750916723e-02,1.222111951074347780e-01,-1.375322604168843776e-02,-3.049624093724906393e-02,-3.665113663694099522e-01,1.404746647130655224e-01,-8.993009460612935713e-02,-8.944694842807948687e-02,2.762687272895799073e-01,-1.992805449395573802e-01,3.840225118933093817e-02,-8.414201113194463844e-03,-2.302325124144124491e-01,4.041816282022099305e-01,-5.469567479277887001e-02,2.279406126504657237e-02,-4.188404920290958455e-02,-9.188935298412265196e-02,-4.942837634997776508e-02,1.552635086888451421e-02,-1.629284303893317465e-01,-3.197370567885191028e-01,8.236399808114462928e-01
6.314430537346260586e-03,-9.346818784310084727e-02,-7.685090919149750732e-02,1.121428502911149261e-01,-4.880761635598362957e-03,-1.845037899945356497e-02,-4.004095446234752775e-01,1.416044665104990163e-01,-6.775623760497549719e-02,3.128192070013136039e-02,2.967811876757536216e-01,-1.735685220841585163e-01,9.423018147365716524e-02,1.243776221290504580e-02,-2.408371906175759136e-01,3.602145685036340916e-01,4.295065528878916350e-02,-8.630990948679662100e-02,-2.749625532716815091e-02,-7.600767258560475748e-02,-1.646660083660105023e-02,-7.672830296710081432e-02,-1.844448326143123262e-01,-3.457864608078896618e-01,8.391315332217602618e-01
-6.635926884669635095e-02,7.586604313569478286e-02,-9.875811778659049356e-02,1.592888112732103734e-01,1.140810265500702414e-02,-5.372387272463041707e-02,-3.947892568173472783e-01,8.929043660327623533e-02,4.854574332752714660e-04,4.629727194062316364e-02,3.229933099846701849e-01,-1.363899433977654452e-01,9.162360178388673226e-02,-5.591079915091623498e-02,-2.579902308079504158e-01,3.271671842450586398e-01,7.723635442586902766e-02,8.686082283349805255e-02,-1.736606874297721981e-02,-3.644834842372124406e-02,8.328410890641324560e-02,2.708287137238196696e-02,-1.186444882902060738e-01,-3.370497357716109033e-01,8.202505212545141422e-01
-9.872419131868187536e-02,9.567095741137132681e-02,-1.246680308009028848e-01,1.426690411536282177e-01,9.314944196394950304e-02,-2.096894050553899103e-02,-4.210601750726504777e-01,4.202647183909108408e-02,4.567417086792918690e-02,-3.083878031791498220e-02,3.236851887807487560e-01,-1.585739879614396775e-01,3.421863141719522217e-02,6.108600860919577435e-02,-3.233211104790246759e-01,3.427729221082428390e-01,8.935124893844814675e-02,-1.995754483006562108e-02,-2.457846737463237341e-02,-2.661776101362106628e-02,5.665959659120953229e-02,-4.681430987357623752e-02,-6.339911487269095369e-02,-3.207578955318434177e-01,8.513865779528702049e-01
-6.739617723702273633e-02,-5.323743338138720027e-02,-1.314665991538849221e-01,1.100626442092473845e-01,-9.525844927109630711e-02,6.698944113888075091e-02,-4.736944322873420932e-01,5.480389070148167230e-02,9.493811920971029217e-02,-7.290809264106185017e-02,3.442651068485376165e-01,-1.430510541141747360e-01,-5.370495724694041018e-02,7.368190478938679844e-02,-3.088680533468515788e-01,3.266352894300931231e-01,8.529275959123697182e-02,-1.607452343863791100e-02,9.550489123914318590e-03,-1.498882594475217656e-02,-8.987550554618517484e-02,-9.212163326143613107e-02,-6.889064403348973964e-02,-3.274755889945379916e-01,8.819517576471926912e-01
6.346106244264737573e-02,8.607968403386512257e-02,-8.224645619198073243e-02,9.983752452307836922e-02,-8.092781574539931189e-02,-9.988272114754948028e-03,-4.445856585329403532e-01,7.018088636114644396e-02,-3.250914420715422803e-02,7.413769109148787839e-02,2.923600425137539149e-01,-1.221684877285559301e-01,-8.329501706399622396e-02,-5.777481148839253011e-02,-2.949657319412463119e-01,2.614475198836956338e-01,5.049366751729886943e-02,-8.974123020375690540e-02,4.664978619605431032e-02,-5.425156770687666885e-03,-1.492923857142142152e-03,-1.157859306405598088e-02,-1.562036252852060797e-02,-2.922567480716373733e-01,7.801225882260799382e-01
-1.773920558675379233e-02,-5.189368296397026126e-02,-9.603905103822862888e-02,1.203806221337390125e-01,3.447676865834073401e-02,6.521293690965711265e-02,-4.632288328162448288e-01,8.324322502203090890e-02,3.461842618224342250e-02,6.487008944986988324e-02,3.137572072176266769e-01,-1.051275449577070420e-01,-2.060156755850517385e-02,-6.873660585822782831e-02,-2.512673193933367410e-01,2.617362425970533035e-01,4.759018947951842993e-02,-2.790509897168924613e-02,2.742908771499075193e-02,2.991984582404440263e-02,3.425416504582651234e-02,-4.587121160364687061e-02,1.943143834996907682e-02,-2.630540034043530317e-01,7.634855518670576879e-01
6.367608495590704187e-02,-9.197222818292670465e-02,-6.527337527719595522e-02,7.120178396165122159e-02,7.798267527257252141e-02,9.839254944772866940e-02,-4.838720913988062700e-01,4.538621329663999893e-02,-4.118650756464442564e-02,-5.793628874284129093e-02,3.168001956196574986e-01,-1.072953845988236232e-01,5.307267277160815366e-02,-4.939473181594936091e-02,-2.436860922764032822e-01,2.480603378947097148e-01,7.311247663444067624e-02,-7.943148156850465824e-02,-2.243205735774347898e-02,1.497920468021962312e-02,-7.480896072412834830e-02,9.583031102012312674e-02,1.014922407304552632e-03,-2.074815018685845225e-01,7.662317796843955975e-01
-4.294326016095473264e-03,8.577190996911313037e-02,-5.720805871542476023e-02,5.906093333002115919e-02,-3.360569905283089520e-02,-6.932613212102783917e-03,-5.091656363818405362e-01,3.665328977963955293e-03,-9.726351704786379004e-02,-8.368025599903239353e-02,2.974225110520412607e-01,-5.770599711614737837e-02,-4.828168177304315023e-02,-9.442955183578510825e-02,-2.723439769370022967e-01,2.146278293239780588e-01,2.627506520965020020e-02,-1.472032863967553951e-02,6.554181133665376580e-03,1.111377637184154943e-02,9.629040545604400370e-03,-6.507056282073407638e-02,-4.607597690625284126e-03,-1.998531026742210170e-01,7.481154646091182636e-01
-4.083518050069279148e-02,-9.977758116076251849e-02,-1.058895276391932927e-01,9.222910380976945266e-02,-4.560908812036026938e-02,-5.642172407465120831e-02,-5.092066745994765498e-01,-2.101285670291308527e-02,3.236691702279959060e-02,2.674231995310583088e-02,2.980741277019491875e-01,-1.828347013883233063e-02,1.869227654094474111e-02,-9.675131135810925709e-02,-2.408203917441658626e-01,1.877179113359143670e-01,4.575561089012950000e-02,-3.529391750290167273e-02,-1.645013017508656361e-02,-2.718391337497955140e-02,3.301119780132624748e-02,1.131568570043067073e-02,-1.356643568175310011e-02,-2.369223560137350970e-01,7.430405310539415220e-01
2.142705617671536444e-02,-2.225473042469067186e-02,-6.517464266090144953e-02,6.321447123399470680e-02,-5.194017530992665888e-02,-8.100694495432469999e-02,-4.607713293754734374e-01,-3.076526984298394440e-02,-3.701631108222080968e-02,-8.067103314244961076e-02,3.320675008294990405e-01,4.397634648902316867e-02,-6.462060983520323543e-02,9.746723171590920831e-02,-2.259723865413760802e-01,2.329576467538490570e-01,-1.117928861867627244e-02,6.374353301003332639e-03,-6.533450146541749937e-02,-3.087769626066788620e-02,7.472370574744308103e-02,9.911378009813756607e-02,-9.888178393971713831e-03,-2.252502202604236281e-01,7.365013968626853424e-01
6.999186610064106473e-02,-6.075085665876683860e-02,-5.274899488511164414e-02,8.123052916046347161e-02,-7.489004202030458135e-02,9.269598949486554385e-02,-4.693954483286720269e-01,-2.691093038343822519e-02,-7.839108812471862198e-02,-4.301785978562178148e-03,3.686804848656013434e-01,6.043386381884260222e-02,1.711274575866039704e-02,8.274884181487640600e-03,-2.550344563192750158e-01,1.732358324311101816e-01,-8.279356859341135966e-02,-8.859461719927608225e-02,-7.419120041874349702e-02,-3.235803838387951714e-03,-7.890331450779286548e-02,1.711753677452250780e-02,-4.006358121471931266e-04,-2.459603905333376528e-01,7.626385143380671749e-01
-8.862372044447069941e-02,5.330546324432539063e-02,-7.723650111050578415e-02,5.216951288613358440e-02,4.042149082275852540e-02,-3.372955625273660329e-02,-4.765743916796736368e-01,-3.458702665359758566e-02,3.513258044141465142e-02,-2.081255476081000921e-02,3.314234363332956290e-01,4.782947791449668196e-02,5.125075828448688586e-02,-9.163267452658774292e-03,-2.502538513785784180e-01,1.445495167242901724e-01,-1.754405443366688355e-02,8.694598309766021771e-02,-8.546246735915569159e-02,-3.692164235586326004e-03,-4.982418002185995398e-02,-7.591053200068692552e-02,6.763036514644946151e-02,-2.277367970028537358e-01,7.282651803365072229e-01
-6.971353712600736330e-02,-4.516762103929261585e-03,-5.827117219986083230e-02,8.646925728483256801e-02,2.036134678908945242e-02,1.634732948423733845e-02,-4.421192840980272543e-01,-7.050877559648760506e-02,-1.970764418219139724e-02,-3.238311812674771195e-02,3.379936591169608318e-01,7.602394331735964905e-02,-7.463519548991626174e-02,-2.165150988754438455e-02,-2.524905867727968989e-01,1.433926120567622642e-01,-6.746783697890297582e-02,4.687313529844372439e-02,-9.781527888087232503e-02,2.724157470801930048e-02,-5.823381290108201047e-02,-8.828693894309323775e-02,6.864016536678257951e-02,-2.608200513858420222e-01,7.277825375043712741e-01
6.573058122365785239e-02,5.669391200985351986e-02,-9.242814261910792251e-02,7.578616055103981619e-02,-4.458615005732008418e-02,8.817603391184086759e-02,-4.419220566054029575e-01,-5.161874141642452951e-02,-7.513083171382595182e-02,7.502672372423041525e-02,3.444464503846368375e-01,1.159643575694785378e-01,9.418804992092372208e-02,-6.456929535547489829e-02,-2.438618397621966361e-01,1.225399664425844415e-01,4.441321284075705478e-02,-9.194289624440032949e-02,-1.173270879611788275e-01,8.857782597931851409e-03,-1.891543497216900682e-02,3.256659839534797873e-03,8.932251446190686561e-02,-2.599620249522356374e-01,7.487529722684520550e-01
1.760009268592568898e-02,-2.937942221232214823e-02,-1.194191851576413832e-01,6.692030656820069368e-02,5.995667288915666054e-02,1.093740495767342447e-02,-3.843494333639611016e-01,-1.303435726575523645e-01,6.518646171000319622e-02,2.629175851660411900e-02,3.660129074896937840e-01,1.616504288850163229e-01,5.688109464255947101e-02,1.971259864355201508e-02,-2.459502193979641593e-01,1.606495810685380776e-01,-1.717178635686675281e-02,9.158917198522753544e-02,-1.097993741680249047e-01,4.052893735984597345e-02,8.222764975768945273e-03,2.101790370810767417e-02,7.153661324110380249e-02,-2.868599420991015947e-01,7.440421053629183712e-01
-8.759171660868912690e-02,-8.576886422441809543e-02,-1.309237951316087889e-01,9.501872294438346023e-02,1.477316993541925860e-02,1.320368497756418957e-02,-4.078374633129732141e-01,-1.520789336654602142e-01,7.560670256889134855e-02,1.157473513201463799e-02,3.911641930368240372e-01,1.820324185516154769e-01,9.195820408097005183e-02,-9.026103032001409066e-02,-2.283242883836081316e-01,1.567755244645081258e-01,-8.039846304385178666e-02,-9.118682768592378807e-02,-1.105842772301895982e-01,2.732774316749708721e-02,-6.294462993329200118e-02,8.254022188335624621e-03,1.200014363202888124e-01,-2.841864662975858158e-01,8.020640616704890480e-01
-1.691139988158207180e-02,-9.519899103102213989e-02,-1.706711940291758545e-01,6.227618058117323496e-02,-3.292567875650750930e-02,-6.458354892054202212e-02,-3.661993715305368879e-01,-1.354278506436291662e-01,-8.031516217972622940e-02,9.134408677786996777e-02,3.975289703132556807e-01,2.133792794925039038e-01,1.987194500843312422e-02,4.573125684732054497e-02,-2.887919113231177670e-01,1.892145560464802423e-01,-3.692725134677650456e-02,-2.137057410119697076e-02,-6.089018931954376379e-02,8.035805692910424902e-02,-5.261520122065530686e-02,-8.060686580691506231e-02,1.486018498197121673e-01,-2.762378434040296815e-01,8.122426379345204506e-01
6.652235466522621321e-02,6.083311299677685025e-02,-1.887681657419354453e-01,5.822768658265714548e-02,7.328463670794002627e-02,-8.807653493106820664e-02,-3.111636870675834610e-01,-1.243967795125525272e-01,3.841011060794896625e-02,-7.200252465564742355e-02,3.432206810269091135e-01,2.486173220185724508e-01,-1.683628639631780388e-02,9.717683010937672172e-03,-2.708549957083132842e-01,1.791675792352936392e-01,-1.945210305063385658e-02,3.922335160601503334e-03,-2.890344379436027289e-02,4.905054113071427579e-02,9.930526175972383129e-02,-7.295653725742903828e-02,1.746736068618985616e-01,-2.669019328846958805e-01,7.650190695014412734e-01
5.604252970712669812e-02,1.277858421108046816e-02,-1.604408183667060950e-01,7.652045917761571281e-02,-4.776751349782795697e-02,3.899062386860951968e-02,-3.510712383001430847e-01,-1.794414220183552788e-01,1.347818883121465472e-02,5.924872189127743105e-02,3.079554356895388700e-01,2.729565083331191855e-01,4.700503723796468913e-02,2.202158440724694133e-02,-2.857717106710288002e-01,1.560504789187997232e-01,-2.364464937837196939e-03,-7.336357486649530690e-02,-3.456459132695155478e-02,3.988661319373287828e-02,-4.773339642292324936e-02,-1.618010541658293500e-02,2.244077808536696361e-01,-2.347398909808332268e-01,7.694633587836418043e-01
6.203221799194047481e-02,-1.406532732897036730e-02,-1.476691673752639211e-01,1.161406585147539694e-01,4.997198625765375546e-02,8.260829337797126470e-02,-3.586441790910278038e-01,-1.520757430949752076e-01,1.442459274444124473e-02,-6.384296988752409530e-02,3.236737122864676297e-01,2.834804797466675130e-01,-4.624047699396036104e-02,-6.027108462051883331e-02,-3.015051053835960948e-01,1.479280154882775256e-01,-5.062859448085342551e-02,-3.871691012979272539e-02,-5.725759322504297977e-03,9.299909136290884781e-02,1.102675735063769757e-02,1.759832589276655312e-02,2.003905745680646389e-01,-2.301939562533483752e-01,7.840306961951273301e-01
4.403149218618807037e-02,-4.255575815896983638e-02,-1.168854141206776553e-01,1.507011194248605301e-01,7.595048045886873544e-02,-9.015581709184766757e-02,-3.252434128529413937e-01,-1.555527628039277133e-01,-5.378382942510079312e-02,7.947714349274298540e-02,3.547307645854633207e-01,2.892567805143371196e-01,-4.876169711212902103e-02,-5.586978807565035066e-02,-3.456341100364522245e-01,1.860257776778793115e-01,-7.237494137195055188e-02,7.182235152938332146e-02,-1.103913976514769857e-03,8.954749718238297351e-02,1.165183821733029035e-05,3.497864061083094667e-02,1.663127411215837848e-01,-2.702489830978740959e-01,8.262046728673667628e-01
4.904294853816693056e-02,-5.355506181973135327e-02,-1.540551527934429510e-01,1.669451703396150344e-01,-1.893492787060935267e-02,-4.616768580167418534e-02,-3.707323397516179009e-01,-1.763025067488345754e-01,-6.027367722762616564e-02,5.667744399916768705e-02,3.153250092090314483e-01,2.705615593071375446e-01,8.185053888739851624e-02,-2.595356286308464488e-02,-3.372108611432774739e-01,2.101935436907202415e-01,5.025578487475337863e-02,7.939905787288221994e-02,-5.818786489658056560e-03,1.110706022871274512e-01,6.922484210604631927e-02,-6.343732229215481855e-02,1.859680780164775227e-01,-2.783140604428345766e-01,8.453969046629469242e-01
6.047920611072654662e-02,7.228360921910348402e-02,-1.502257580466699327e-01,2.073561569782988723e-01,-7.253999345688594280e-02,9.047735047974492240e-02,-3.326152802002577125e-01,-1.707179357274008213e-01,-3.423547643027813336e-02,3.246274774614399394e-02,3.256859479316631112e-01,2.430192065862582795e-01,5.036502919133623024e-02,6.238924692757669144e-02,-3.184171596523706071e-01,1.756774321420656315e-01,8.914994044518603777e-02,-3.741609039423549055e-02,5.066775043712778981e-04,1.020913131470421176e-01,7.170129091031088309e-02,-7.366261931275860930e-02,2.297320570538416984e-01,-2.421943767793171276e-01,8.218772288435416407e-01
3.420259610658193949e-02,3.940483320085985675e-02,-1.834217423313707629e-01,2.161335690727937409e-01,-2.740343191922567367e-02,7.585591123140134062e-02,-2.701624397310319337e-01,-2.169893453829628005e-01,4.507432004697151107e-02,-7.748190669416110676e-02,3.266551032901048868e-01,2.876271423331394628e-01,-1.844439311876744370e-02,7.727607239202832767e-02,-2.991255964201864903e-01,1.304706041211923240e-01,-9.056065966052420646e-02,9.228332392840987719e-02,-9.578297982229977414e-03,7.235108706449261406e-02,3.583251366391254633e-02,2.627519552867532693e-02,2.726346249429127400e-01,-2.557798296990170805e-01,8.268656130595356535e-01
-1.697086920145085553e-02,-1.556155322386443274e-02,-2.406532181601963860e-01,2.218975617813351287e-01,5.701278420928623802e-02,-6.085747198007018799e-02,-2.188732562545606108e-01,-1.877295500731592792e-01,6.405066378897794621e-02,2.974942277900360921e-02,3.188949868366141582e-01,3.241084117059059300e-01,-1.620604524409507974e-02,-8.394276683226259417e-03,-2.959720754109587681e-01,6.906308317471437919e-02,-4.867055856278085235e-02,5.042286653939495600e-02,3.210227903155071782e-02,1.392165120792165922e-02,2.574948461053550020e-03,-3.582909145003126961e-02,2.637578595026398576e-01,-2.527921233124992839e-01,8.019431367451813619e-01
4.374362265244058356e-02,-7.787928022536783068e-02,-2.420177853505489918e-01,1.680342674766946987e-01,-9.288195383870473387e-02,9.886606053714297460e-02,-1.842991688628919655e-01,-1.832281137712442054e-01,-5.345433021688964642e-02,-8.923389501830819581e-02,2.528848453397807838e-01,3.005846148288974229e-01,-6.202493418081600485e-02,-9.220843073030715598e-02,-2.579781184439902120e-01,9.799304107665329777e-02,-2.163782107656564424e-02,6.048035689026487471e-02,4.302340033679785680e-02,4.847499419918482877e-02,-3.175111004845587725e-02,-1.116331862432669297e-02,2.869457160818190689e-01,-2.466504707402218388e-01,7.661512847478479937e-01
-9.988041223304100491e-02,-3.843616999477617036e-02,-2.893850236228082684e-01,1.261360823173183210e-01,-5.176695713844758906e-02,-5.328652778627782083e-02,-1.608240451007113825e-01,-2.500222532820359223e-01,-8.636267604690747723e-02,-6.257514591789964387e-02,2.162495678907809804e-01,3.453505022683807657e-01,1.110991397712401962e-02,-4.172778543245111993e-02,-2.907944009512873906e-01,1.340373721649518735e-01,-1.652104353417038762e-02,-2.462662393056230803e-02,9.181021979933678967e-02,5.391636186742190806e-02,7.518098499997893924e-02,8.105979980210308022e-02,3.168657021441749211e-01,-2.624798415130237816e-01,8.249467706528362809e-01
-9.735423741894111416e-02,2.356091313896135908e-03,-2.445466212116880200e-01,6.946236655089133016e-02,5.388851588431137207e-02,8.695910349855667798e-02,-1.220182895523005823e-01,-2.331735968470299014e-01,8.184042724129741986e-02,6.392497390952897596e-02,2.441143473860238888e-01,3.467195312979944322e-01,7.763826993226086159e-02,-6.015606283258470577e-02,-3.377020595921807478e-01,1.539009079062517715e-01,-4.316314085765426967e-02,-4.220629501578829212e-02,1.324233450759961794e-01,1.506396357896958027e-02,-2.458921379966022558e-02,-2.133586592296225770e-02,3.535452997376052897e-01,-2.885868918768530467e-01,8.500262704125255420e-01
5.270316873364255805e-02,-7.826349212506161779e-02,-2.558664435156040584e-01,8.987600327116951338e-02,9.625151547825538945e-02,-2.367670017817299910e-02,-1.446951990153135803e-01,-2.704314764575012076e-01,5.504690777981119387e-02,-3.148178343777363608e-02,2.124623603126611915e-01,3.915617462406028038e-01,2.553377543176171827e-02,-6.159678305199265541e-02,-3.049962760914666782e-01,1.647648548002201285e-01,-7.079579614060749204e-02,8.761282791362623446e-02,1.499326908977867689e-01,7.146611754470393041e-02,8.352945558088670230e-02,7.749378804257647801e-02,3.233746973470105202e-01,-2.311932474490353551e-01,8.513052560122978951e-01
-7.802737725184338835e-02,7.673679353759796373e-02,-2.209156676794225560e-01,1.009392165501885597e-01,-3.141406744816083174e-02,3.677402498180638857e-02,-1.255659986701778696e-01,-2.384250960501129168e-01,-9.493027914721230420e-02,3.800937768188991650e-02,1.979491359609709122e-01,4.396089524612017407e-01,-3.677973769060594034e-02,-8.885182928251166012e-02,-2.938327120871687681e-01,1.404509383115546961e-01,2.196255230962340654e-02,-5.183923678536533908e-02,1.662738346936898370e-01,3.731589952905062235e-02,-2.263855158962402303e-02,-8.388383754269729264e-02,2.944101394756307721e-01,-1.894365291562226661e-01,8.163647022265344555e-01
9.041248932780066028e-02,4.758555379976006638e-02,-1.757320453065404631e-01,4.056784228603693698e-02,1.948584851468398993e-02,7.617903210895049515e-02,-7.211007707333323691e-02,-2.276291584073360519e-01,-9.007881833010344952e-02,-4.858746156215826978e-02,1.377637974509931529e-01,4.723333517726602260e-01,-6.992733155818053881e-03,-5.460429210569579805e-02,-3.337563421373818118e-01,1.284493715133855352e-01,4.878103746043038758e-02,8.384160621074504549e-02,1.945628706079659542e-01,8.887172400702053610e-03,-1.524597601381527667e-02,-3.157347997762101344e-02,2.782778102787891172e-01,-1.491091235091487610e-01,7.986763391828446412e-01
-2.860351410626726931e-02,2.694882822080590934e-02,-1.846005777341174214e-01,4.165238380418978537e-02,-6.271603902920508400e-02,4.987388732899138838e-02,-8.850682615336966097e-02,-2.685953966651771774e-01,9.139193762605191118e-03,-5.918712229067988467e-02,8.757700286722880367e-02,4.947744202215946241e-01,-4.161776530043859168e-02,4.972174171636645212e-02,-3.496862352768387860e-01,9.234903187792803392e-02,-3.479752867695862228e-03,-5.679371192138554791e-02,1.985251483467497247e-01,5.499688118757557059e-02,9.345423807405950356e-02,4.302500396337758520e-02,2.904485940388194520e-01,-1.560802606996022912e-01,8.245036972477114423e-01
-3.167177746187954668e-02,2.969291138004742647e-02,-1.801713779128992776e-01,-1.027772551715611105e-02,-8.631185815147479623e-02,7.947946366431726806e-02,-4.354380010497166387e-02,-2.709832423757407849e-01,-7.612379773236060965e-02,-3.443143242283636107e-02,1.114179662503947954e-01,5.480388697040894375e-01,6.314907612522413505e-02,1.946247566614237035e-02,-3.642691330700216223e-01,3.550159798064156380e-02,-2.127289594451153842e-02,-5.312868124995706598e-03,1.720894750352193747e-01,6.018105950491987183e-02,7.090947864043606330e-02,-3.199912278802158339e-02,2.395141956489920398e-01,-1.523225700302660024e-01,8.378217791228648181e-01
4.521697029677007595e-02,-7.573940039889315301e-02,-2.030502808786696090e-01,-5.689764326055113397e-02,-3.944497434560656490e-02,6.494181576779479992e-03,1.228469961712425063e-02,-3.000685263573890094e-01,1.288331755594951389e-02,2.011663939742719398e-02,1.214334843271291930e-01,5.824333855764247669e-01,-6.674893393005987274e-02,-2.405251903567023897e-02,-3.760542267148528905e-01,-2.057441892529787708e-02,2.343884542339336186e-02,9.396377292675692217e-02,1.248396610735436341e-01,4.697082832413836118e-02,4.552622753993773586e-02,8.452075141879156206e-02,2.626153865486664518e-01,-9.154518398477384800e-02,8.713155924597243418e-01
4.742648279132777311e-02,-9.265741130338667197e-02,-1.726795890305636849e-01,-7.573540721997540359e-02,-5.046198791269773665e-03,-3.273532114593330489e-02,3.209644089995633554e-02,-3.011029528832110391e-01,8.410717702051095923e-02,-9.759939454546351367e-02,1.206685543001839167e-01,5.523139982518205926e-01,1.056297514366982826e-02,4.813271621332518291e-02,-3.596375680642948658e-01,-5.257284921370286579e-02,-2.996402495191730075e-03,-8.291939396745566515e-02,1.135649243442425627e-01,5.878980447836185119e-02,9.449227800558046564e-02,3.602086275219587574e-03,2.607417507335956230e-01,-6.915540183071772207e-02,8.454998872131946897e-01
-1.018429717302482551e-02,1.552261612742678043e-02,-1.709297605755419891e-01,-6.750004409264814820e-02,1.418141075042894661e-02,-3.351466156512697414e-02,1.362763388801946363e-02,-2.683390825627178233e-01,-3.689336386737285256e-02,-7.867527621268038951e-02,5.716471609135798104e-02,6.084386370330795435e-01,-2.664033587074632337e-02,-8.010106622540708043e-02,-3.094846167699754069e-01,-3.021767245380441169e-02,5.331918894241027829e-02,9.325485954963719237e-02,1.557181910788283108e-01,7.857300628809299470e-02,9.401489133334139936e-02,7.301421987507876465e-02,2.609356632293611811e-01,-1.011029407725336227e-02,8.466348952903676173e-01
2.064261241990084095e-02,-8.405698536254302411e-02,-1.440100728714381884e-01,-9.020907251333398769e-02,3.662285714460930541e-02,8.651334174119218456e-02,-3.086024132723519386e-04,-2.408297229828287034e-01,1.513305059948388820e-02,-7.477693552491787576e-02,7.461783725993365035e-02,6.167943324995065479e-01,1.634430549469534366e-02,5.326944262093047389e-02,-3.080301617625198496e-01,-1.238433476532689592e-02,-1.871669268519626783e-02,7.596754958829357585e-02,1.395867471870240739e-01,7.502756003212288083e-02,2.973659067147288448e-02,7.984978365784051180e-02,2.040425418679245873e-01,7.928968413443815422e-03,8.205784329283998257e-01
-9.579816860272782897e-02,-9.311373828533708874e-02,-1.216600866312202989e-01,-5.858237971659652210e-02,-1.083489003459675581e-02,6.333104864032471082e-02,-9.632364760329303888e-03,-2.280924193053923688e-01,7.704777574151300268e-02,-8.265868648087193460e-02,4.455067312842059951e-02,6.515605458769886393e-01,7.672620420204556702e-03,8.264593725585411832e-02,-2.897464016807189680e-01,-2.980811961393542431e-02,-2.240544912042274905e-02,6.591316628567371605e-02,1.659477983208736129e-01,1.108696278708847793e-01,-7.326086912011275931e-02,8.707889793355974573e-02,2.068526154392983929e-01,3.500005069694223092e-03,8.507470638890888281e-01
7.390673436299594057e-02,-6.386849173773934130e-02,-1.260706300872680430e-01,-4.129651427237118755e-02,8.953723541285590892e-02,-5.624565831782407654e-02,1.963690411166268968e-02,-2.535641323842796613e-01,-3.475589860381367302e-02,5.123844682135614281e-02,3.368601927117788331e-02,6.281822198391133760e-01,-2.124897168691863847e-02,2.164227535328933083e-02,-2.759482053800326185e-01,-3.057258258578827992e-02,-1.108529978611427769e-02,4.847398741795636706e-02,1.473630414333439997e-01,9.007243072229967340e-02,-5.433374952627784138e-02,-8.830840255262462080e-02,1.825317263180186167e-01,1.160396960434242897e-02,8.106102631995363295e-01
4.345237517315128639e-02,1.641402622484466889e-02,-9.742408779741928981e-02,-2.640155382059317102e-02,5.956093626821450798e-02,7.287325329119465067e-02,1.483981588396038331e-02,-2.838174030945789794e-01,-8.622385652546582513e-03,-4.978327013632877218e-03,-1.076164703330187433e-02,6.288858888204055253e-01,-2.278981286963283059e-02,9.334122800369212825e-02,-2.710472248183906085e-01,2.995508155367698766e-03,3.943325085807003472e-02,-8.335538675838555234e-02,1.892339678301258876e-01,1.051671263556371028e-01,7.259192466260369625e-02,-3.888011832746396390e-03,1.860561363711669136e-01,-1.155322663621408813e-02,8.220731729339264549e-01
9.762481519092708337e-02,-2.953908846928809950e-03,-9.156575450516846182e-02,-7.049827799002181261e-02,-6.416721634196984048e-02,7.822801835870188403e-02,1.713659609844087051e-02,-2.440593022380420363e-01,-7.928925373034634294e-03,4.193426870090488645e-02,-2.019446832841900741e-02,6.279892565748361744e-01,9.674231664183036150e-02,-8.996492993600521682e-02,-2.364959468323366565e-01,1.725644496282019436e-02,-8.066108804248661723e-02,4.409134829255123567e-02,1.817189338287573674e-01,1.495097911782384548e-01,-4.363499934090560306e-02,-6.313972060998018776e-02,1.342197265214705171e-01,1.385744427977636528e-02,8.069650853454083395e-01
-4.426113681429483249e-02,9.177437463808202356e-02,-1.247003755073881059e-01,-3.776050869843955438e-02,-7.143713910542652534e-02,1.596591520954498966e-02,4.274840306991734007e-02,-2.022198279689831346e-01,-4.348994649627224707e-02,-4.419834193044069881e-02,-7.669457406964635959e-02,5.795480932853402933e-01,-1.900628252476231628e-02,9.975858716313090735e-02,-2.432530662875795890e-01,2.546363160802178616e-02,-8.900673863203556468e-02,1.570836364070629654e-02,1.976360039950834091e-01,1.416989452403480398e-01,-8.348556839294457577e-02,-6.909583400189622804e-02,1.361618663534163165e-01,3.147732289051194399e-02,7.679550452860605114e-01
-4.249776012324818497e-02,7.644020373695048498e-03,-9.349866500412518100e-02,-3.454970933405510092e-02,6.664709571921001441e-03,-1.887094811055251009e-02,1.302627781674747798e-02,-2.449012466995913184e-01,-6.616762123151598285e-02,9.549131263676846615e-02,-1.416480996030468065e-01,6.259243519390831345e-01,7.066343733331723054e-02,-3.333943411525652767e-04,-2.002355987494339740e-01,3.708738974287256740e-02,2.064908453680591727e-02,-5.454778928806752747e-02,2.468388651033856518e-01,1.733103971489997619e-01,8.757414078349373687e-03,3.899402662429515831e-02,1.187805930421085288e-01,-4.580065454454246288e-03,8.088555076052335036e-01
1.423983679258278290e-02,7.268631555787685716e-02,-9.808230839063059037e-02,-2.684588144011346156e-02,-7.210995275896794898e-02,1.384129262588554288e-02,3.600597220001616749e-02,-2.255362651141043506e-01,7.359592534618056292e-02,1.662115145597964361e-02,-1.636931811485324573e-01,5.760294784967704418e-01,4.360283562540030744e-02,-2.559128643755853583e-02,-2.388964954433685506e-01,5.310297385695822436e-02,-8.151009659258667828e-02,-8.419940974585704563e-03,2.585322641231101448e-01,2.390518421327291754e-01,-2.110412183222848403e-02,7.341203647578946334e-02,1.228407112496773257e-01,-4.924083439347393121e-02,8.088112993497501568e-01
-1.105744462833280206e-02,1.530899799022800156e-02,-1.433739075859017387e-01,-1.358802298858008406e-02,9.666815368284531473e-02,-5.167974471284739191e-02,7.546286452055850358e-03,-2.180684087396040083e-01,3.625642210648677422e-02,4.319693870834484528e-02,-2.174556043435562636e-01,5.852902113433390285e-01,2.146488335861318486e-02,-8.228433207267119021e-02,-1.993384631218486636e-01,5.482214776412608348e-02,3.537445516551529501e-02,-8.718105779276491551e-02,2.540823524006277645e-01,2.691877223402588948e-01,1.922852990997936384e-02,4.791623544434853166e-02,7.914401395397963057e-02,-4.127770282357501319e-02,8.247627259272292122e-01
6.002751655041516088e-02,-5.166821583616298952e-02,-9.373444595730950901e-02,-5.654551148561581808e-02,-8.639253718166606255e-02,-3.661917245587503755e-02,4.529915500001890916e-02,-2.564970847673080367e-01,-4.664109011323384901e-02,1.185160029278820026e-03,-2.336149314859109760e-01,5.544860284521530014e-01,5.554558201355860869e-02,7.166458777577161543e-02,-1.819419661922995202e-01,7.892072429896856978e-02,6.897281708210167839e-02,-2.806488775538645841e-02,2.151718898090687615e-01,3.171187080942839964e-01,3.744686869213659230e-02,-3.743316049515599264e-02,3.113509542199688340e-02,-8.734293589041364214e-02,8.188245354621318528e-01
1.586268055769224361e-02,7.780012216293319405e-02,-4.732388850767188515e-02,-4.660601637595274127e-02,1.386099688244041284e-02,2.634448366531680352e-02,3.978717480830584741e-02,-2.293936684607557064e-01,3.749569422941884111e-03,-8.976689871090492989e-02,-2.497023306067410742e-01,5.165929956520488586e-01,-5.342828862478113394e-02,-1.599654113583447168e-03,-1.628036609553967784e-01,4.598276171771309428e-02,-3.795294325105907918e-02,-6.364728044776118976e-02,2.255273712849846790e-01,3.034698811246440142e-01,8.265683836876647206e-04,-3.543804131042993522e-02,3.409646872452898325e-02,-6.488469823672105008e-02,7.678881464374180954e-01
3.832868039466363896e-02,5.900230738569406386e-02,-9.625993530212539895e-03,-9.922361064592943869e-02,-6.732911005136871241e-02,-7.913738252962357334e-02,8.893950092184749190e-02,-2.562078719512491665e-01,-7.089690344252817800e-02,7.542551237970041011e-02,-2.356080907483210085e-01,4.955423135395671252e-01,5.637852351271233076e-03,-6.547800798499481267e-03,-1.733738535678353010e-01,4.192365003166165227e-02,-7.865763617952914455e-02,2.991120135139235803e-02,1.989295702345540429e-01,3.610144117358840554e-01,7.359991837901797007e-02,6.563717386469059001e-02,3.248527020542396615e-02,-2.258261544931750020e-02,7.944765603044929847e-01
6.727571548207977870e-02,9.488786212769506623e-02,3.029579549098770919e-02,-5.991517473571716934e-02,9.512038383133047947e-02,-8.694464848670724333e-02,1.318546145570499151e-01,-2.307805487918963561e-01,6.436786455058052248e-02,2.926198673147628604e-02,-2.851909667973545615e-01,4.521601084269067372e-01,2.946842687461825872e-02,-7.433001467706104592e-02,-1.524520885455795671e-01,1.978455410183466157e-02,3.003743328913066613e-02,9.649651612024956471e-02,2.112474407620078543e-01,3.877535009271512179e-01,8.236371390788943536e-02,-1.217386783902989558e-02,6.376994117463119505e-03,-4.992276987041560643e-02,8.004720566161412920e-01
-9.204057453286940138e-02,1.953646710469181258e-02,-6.280005670586119582e-03,-8.767393121188060690e-02,7.393917697032675873e-02,7.816642965792672260e-02,1.403082066369664149e-01,-2.109934615956114978e-01,-1.019244792600765281e-02,-8.139262357385268487e-03,-2.935018878908292050e-01,4.297021438850269215e-01,-8.460616339839649447e-02,3.415300508860713569e-02,-1.414388721390382742e-01,2.172611530158929938e-02,6.425188407456910999e-02,-5.106898907905738083e-02,1.714212513169842689e-01,3.646608291051660067e-01,-1.573982367332704690e-02,6.776786735305406761e-02,3.805841860235270602e-02,-6.362818286724525318e-02,7.560134153119766331e-01
1.455405533738907131e-02,6.389913707721045499e-02,2.266134795029323135e-03,-5.864289836210678786e-02,-3.465222188627326005e-02,-3.007712023845557359e-02,1.104819573883294992e-01,-2.365213760385631581e-01,1.926929949935518582e-02,-4.515742217517060286e-02,-3.058272758191309393e-01,4.290032533069240150e-01,-9.467832678446314043e-02,4.704570362031923469e-02,-1.588420387382874499e-01,2.898190525303045995e-03,2.512998258829063358e-02,1.615119981113183334e-02,1.773685217372222844e-01,4.203200388656747055e-01,4.833682579836462434e-02,3.504616751240749450e-02,9.080965951343299147e-02,-2.301632391274471834e-02,7.847011540191454193e-01
1.595856876659107471e-02,-6.669929059009693795e-02,4.110190004823306709e-02,-2.754041326015421731e-02,4.244404103543175655e-02,-6.482194331626758843e-02,7.874768879511317987e-02,-2.393803482411703265e-01,-5.292334762032846474e-02,-1.125837790848405184e-03,-3.584679724677679591e-01,4.077614579367769831e-01,8.296698999937562879e-02,-5.765712557040586494e-02,-1.688563064683903381e-01,-4.316946207207428277e-02,-7.115199577637931760e-02,5.179536637080611738e-02,1.177625873513435950e-01,4.462929073366189714e-01,1.239064667861722313e-04,8.235702247635429130e-02,4.075763223725865914e-02,2.479607246081105831e-02,8.029091366065095325e-01
-9.423327916897594747e-03,8.914302168820487093e-02,6.733160341287638961e-02,1.566907126184613475e-02,3.536400872600942158e-02,-3.968262602528971339e-02,6.043421994739252290e-02,-2.084367116042432078e-01,-6.233949501657870540e-02,-3.925299075498006607e-02,-4.196288957304870060e-01,4.082817978684522009e-01,-8.139651814746506897e-02,-7.122640673133401323e-02,-1.804134524325353428e-01,-2.076424059368919828e-02,-7.906791193070378254e-02,-1.541129125168844149e-02,6.236833150604681464e-02,4.838413223950153164e-01,5.911567525151728564e-02,-7.172328915673198413e-02,7.238322969863744683e-02,-2.839995794325855805e-02,8.454538966167520764e-01
9.712014679056002464e-02,3.733572234482585017e-02,9.735687164618289646e-02,5.024452458208727990e-02,-5.127704160356116869e-02,5.971116762611983209e-02,3.473966274716331487e-02,-1.855707428540434578e-01,-7.859417315779237967e-02,5.613986083432576102e-02,-4.487964652732986393e-01,3.705278648500143213e-01,8.203922482893927226e-02,-2.343332104631290491e-02,-1.240176779962776366e-01,-1.804083799861166959e-02,2.612705899661608988e-02,-1.397145358063472953e-02,1.258602056498048238e-02,4.363067594400706350e-01,-1.244698900237428685e-02,-3.792582217837597858e-02,5.000360990928458260e-02,-6.544660228344723052e-02,7.971620258631413325e-01
-9.661744001567851292e-02,8.191288547606023762e-02,4.046448267911872954e-02,8.356129606653917019e-02,-4.607399824656344123e-02,6.393540055609175932e-02,7.359557700252777890e-02,-1.453864246875946342e-01,9.987006009444010513e-02,-5.771374840021775698e-02,-4.698847650158866629e-01,3.181810413841135166e-01,-4.696585176332884748e-02,3.257195752693309299e-02,-8.336382455073615416e-02,-9.284613885329306981e-03,9.308972692012423833e-02,8.316286963814878419e-02,-4.410295687870424697e-02,4.621080370912012403e-01,5.751040131170004344e-04,5.902205650534497750e-02,4.458702820148227608e-02,-1.950460138570342394e-02,7.999936554281041889e-01
6.858909649123945407e-02,-1.082267602803832496e-02,-7.167266765113478044e-04,1.104887335739695997e-01,4.171670915356506804e-02,4.637454745730013039e-02,1.078026928301047266e-01,-1.788097364288652458e-01,-6.520725881933225887e-02,-2.775678820483765130e-02,-4.769895691546643945e-01,2.504641670172184087e-01,2.746043130760478235e-02,-8.586067836312671897e-02,-4.433992556332941315e-02,-6.524731110248122024e-02,-2.769196244740868007e-02,6.959893256238469661e-03,-3.312457755879238963e-02,4.930565510818710750e-01,9.924489860892771187e-02,-5.093287475511854012e-03,2.345314509578977358e-03,-2.274230780740510438e-02,7.934442191336095185e-01
-7.122476892204399057e-02,-9.827619948164389996e-02,-4.270483599810648290e-02,1.013054199545195821e-01,-9.600541348439439737e-02,1.732034748091210163e-02,1.014210482068556574e-01,-1.899738740613515775e-01,-8.921018950411863102e-03,3.603069781703951979e-03,-4.393082061909613922e-01,2.762913995095745978e-01,-9.850737191655611902e-02,-1.546267606851481347e-02,-1.471561826641065718e-02,-8.206324546813764664e-02,4.361363224017217322e-02,-1.146125960651284137e-02,-2.091973925801382528e-02,4.416664589405765451e-01,4.644384126244444078e-02,-5.339620712063308794e-02,2.859808700350574551e-03,-4.821076024024451012e-02,7.575664852022888640e-01
-1.526590259750215672e-03,-6.153684544312998383e-02,-1.143048216195929889e-02,1.347060483780226359e-01,-7.212747309021827480e-03,-5.083628259548511608e-02,1.282742352445073175e-01,-1.613085610311904006e-01,8.296842997033093692e-02,-3.291863730073061461e-02,-4.442272544677746682e-01,2.535727418479838402e-01,9.045280290667445655e-02,6.611058018942239656e-03,1.343355804505135323e-02,-1.303019633875611150e-01,2.630887573523205125e-02,8.588088897865553406e-03,-5.369995732270205213e-02,3.973446123405915964e-01,-7.412387660665981093e-02,-2.483575619841182913e-02,-2.127480542226928284e-02,-5.105206885009855311e-02,7.299779923073340671e-01
2.289989205103848402e-02,7.849381879040229215e-02,-1.259293693733032349e-02,1.116534419969751613e-01,-8.427465780204840273e-02,-3.381704684396091842e-02,1.455848647613491309e-01,-1.914992885219767849e-01,-5.034250407383078496e-02,9.760279241308433829e-02,-4.640934686513268903e-01,2.747719101164405320e-01,-2.212204406662532374e-02,4.652253984807974696e-02,3.224406927531129480e-02,-1.380639440589666866e-01,3.694503277620092563e-02,-5.758375250452446581e-02,-4.323464447841135483e-02,3.765364131610594578e-01,-5.220046395768973557e-02,-4.374308728939313440e-02,-3.887317646014570860e-02,-6.665035317114299807e-02,7.550119565123110110e-01
-3.224547087148144087e-03,7.950646530441685123e-02,2.767787833280066501e-02,6.454279333248663653e-02,8.155224873003574793e-02,-8.251663842578321750e-02,1.787777392482649830e-01,-1.303936074709843018e-01,8.729866626204518809e-02,6.510696830408313485e-02,-4.344926480250116407e-01,2.742535642104874105e-01,5.826214286253336705e-02,-5.981773206289553446e-02,8.663520997754721453e-02,-1.525071226361151555e-01,6.102384175093300556e-02,7.002654693700736954e-02,-9.235801042517599591e-02,3.467050060485048490e-01,-4.216993310916980486e-02,9.045201567246474728e-02,-2.074266682895198333e-02,-9.097750686062612557e-02,7.370969064044272656e-01
2.965139081556439349e-02,-6.552272757896671074e-02,2.086005114806699368e-02,4.998714982399221629e-02,7.447891267096301560e-02,2.262324781384833505e-02,1.299563286225207670e-01,-6.689766819173142975e-02,-6.855922328860913906e-02,9.246761149624138643e-02,-4.608396239588384846e-01,2.012000228520811618e-01,3.673092667064115080e-03,-8.542030962566904417e-02,1.365252125054249033e-01,-1.454682431521724939e-01,2.536658088301346758e-02,-4.936021859743795759e-02,-7.234783213169618254e-02,3.145055325296258752e-01,6.073869037546048011e-02,6.356441471323814874e-02,-1.040118674393403220e-02,-6.542551940814678169e-02,6.841716112468200217e-01
4.273205662243076408e-02,7.473560691214964358e-02,1.978338872707419149e-02,3.191775893913001427e-02,-7.463964017464799761e-02,7.331913771910070210e-02,1.204007300665871638e-01,-2.122774920366071738e-02,1.871505088285957408e-02,-7.457790182659518319e-02,-4.967332159847769324e-01,2.078583052831716182e-01,-1.449162892805760938e-02,-6.782794130298042123e-02,1.050647254224528621e-01,-9.212066932839860223e-02,4.006957777331388026e-02,5.177362688358994047e-02,-1.023878020545730683e-01,3.282772816660414206e-01,-7.884069594544021453e-02,1.227970538928868649e-03,-2.707682429236557553e-02,-4.545979608559505558e-02,6.974698896476709820e-01
-6.622814212659293431e-02,-7.865441669001382863e-03,1.244785868673847773e-02,-1.979877865468981923e-02,-3.858245132795026788e-02,-9.296814994576119151e-02,9.334981477563775165e-02,-2.173814741649354731e-02,-3.537095654411653856e-02,8.821724787893669983e-03,-5.405248351635213444e-01,1.561242787911814034e-01,1.034247440399338469e-02,-2.868821576462221579e-02,1.112475761466097252e-01,-8.681626177878376538e-02,-1.053944874947987387e-02,9.310358364695331401e-02,-1.207302506597282971e-01,3.325581245654233298e-01,-2.453030455393767628e-02,-4.835463734800338198e-02,-6.169144445916924235e-02,-2.715582827702539559e-02,7.102538345696953748e-01
-6.080396305964763659e-02,8.875327644240282865e-02,-5.974313694046662349e-03,1.113134455577213799e-02,9.529793222957742838e-02,-2.474813413391563355e-02,1.058141326994702092e-01,-3.525011126663596395e-02,8.465720420278712022e-02,8.964935134686324858e-03,-5.118816821048726151e-01,1.031895081092087385e-01,-4.605150682524658534e-02,4.047974421611977291e-02,1.440178671458451354e-01,-1.153139583579868566e-01,3.178036131497141703e-02,9.782506382174666060e-02,-1.173846433967787733e-01,2.745805173758472106e-01,-4.699054251814335781e-02,3.441190053234710611e-02,-5.680656889789942321e-02,1.658709107519595882e-02,6.769275729556976096e-01
5.663200580558053199e-02,-6.637638048045491068e-02,4.919791060898481838e-02,-4.805651291175183637e-02,2.452112775252104915e-03,-2.525038415751024168e-03,9.640538560395264800e-02,-7.300235804392207761e-03,2.501831053730571575e-02,8.923737879825222041e-02,-5.098865795998944739e-01,5.056320486383014678e-02,1.595428835249593225e-02,8.043453355723761966e-03,2.016572889552600278e-01,-7.171463259206256602e-02,-8.993541341306721115e-02,-8.741850479639523552e-02,-1.472263616117681084e-01,2.270669760634794754e-01,-6.253064173464220610e-02,-9.350584566165032196e-02,-1.341846296830939700e-02,-2.737574064140374519e-02,6.644613782959277737e-01
1.869928316437030613e-02,-5.797644481195707300e-02,8.201237850389941908e-02,-7.228071646555367380e-02,-7.673365457334777040e-02,9.402337728368642678e-02,1.210248197952885907e-01,1.056127605683016002e-02,-9.560363703807542302e-02,6.053948106720430378e-02,-5.024665845627079852e-01,-3.268914995273408675e-02,5.760702991500441655e-02,-4.055717723098084537e-02,2.470890999554851419e-01,-7.462784535760841331e-02,-7.287467679853731894e-02,-7.087427065891527267e-02,-1.498013292185858825e-01,2.243716517390043075e-01,3.948632344743849276e-02,2.856131821723473241e-02,2.451057446871124368e-02,-4.036081579456007873e-04,6.849623301104409423e-01
-6.931742352218239756e-02,-2.668976252415466988e-02,6.403320508446330717e-02,-2.753937537531991886e-02,-2.532936779363366420e-02,-6.971791121278297920e-02,1.564882575400576570e-01,4.985945087134546760e-02,5.969070101023810082e-02,4.144566566708463018e-02,-5.301537150384634245e-01,-7.855252974127766019e-02,-6.192364274059307394e-02,-2.665561828124018984e-02,2.676442867423377558e-01,-4.154065301137410682e-02,-7.883899502869717857e-02,2.564131941860881003e-02,-1.523899667468717190e-01,2.602795591166959799e-01,-7.572561509027608828e-02,9.718683372498354567e-02,-6.854720885409837372e-03,-3.235536790270809870e-02,7.262132445661964031e-01
-3.250459085740564635e-02,-9.638378155886295762e-02,6.407909186338789365e-02,-6.264861744310845637e-02,-1.993402631784835233e-02,9.975384231242084843e-03,1.676962707923765894e-01,2.998822483818730511e-02,2.391651856541737731e-02,3.269806902574201590e-02,-5.655951222085335850e-01,-1.479694288049174244e-01,6.725826262049200421e-02,-5.690741854485403817e-02,2.698221643607317533e-01,-4.935727951616497577e-02,-7.590363551230641659e-02,7.030743437958508757e-02,-1.231789304161448606e-01,2.187732253705073071e-01,-6.867743702147000029e-02,9.495201626723909216e-02,5.988599226431134959e-03,-9.611068610802964152e-03,7.496210888718570775e-01
9.331815404466325958e-02,-9.556979979656432533e-03,2.190363918592796999e-02,-9.170900305630391713e-03,-7.144287266642304624e-02,-2.211306398446535870e-02,1.821527551976051262e-01,-5.693907936378472812e-03,9.034048127810745399e-02,-3.605583013202917630e-02,-5.661906576796975621e-01,-1.937170337745467985e-01,7.361963197341257759e-02,7.625013633637800492e-02,2.295015482898513648e-01,5.649604733567459292e-04,-2.996269513360777514e-02,-8.334846838987364226e-02,-1.519193566960373998e-01,1.828928878267662150e-01,4.491158183176363616e-02,-3.769754019720278349e-02,-2.347533002399304625e-02,-1.196019466327957748e-02,7.403645842272477129e-01
-8.370522045741157768e-02,-6.133215327758956281e-02,1.436473530197551751e-02,-3.485973312889845133e-02,9.014894264253436873e-02,-1.826008754581320837e-02,2.008261542509545694e-01,1.887726360702424167e-02,-6.663368833827121307e-03,-8.945804202931217919e-02,-5.482400593882813533e-01,-2.194864698462291042e-01,-9.248675409120388213e-02,4.343628940935151395e-02,2.429291787609549058e-01,-3.899179776051020507e-02,7.618932824222268696e-03,1.741196843253356441e-03,-1.718437234605748043e-01,2.296032457969066076e-01,-5.137509391546629667e-02,4.895014632598444770e-02,-3.180040151243262309e-02,4.774275225894242247e-03,7.599211443274989097e-01
-8.702014409231817460e-02,-6.854884466500482665e-03,2.830810409719108911e-02,-6.422935254404738004e-03,-5.195099630713923000e-02,-6.039135710263689172e-03,1.745239678359730706e-01,-1.878995372751823822e-03,-8.906885598727654063e-03,1.642896056294840257e-02,-5.106092226489582497e-01,-2.844375075278169351e-01,-2.864590193014975375e-02,-6.714591010881443278e-02,3.018674309515724241e-01,-3.283219789478108996e-02,7.438869179912516172e-04,6.604057686915243419e-02,-2.250300845654766846e-01,1.726107782783989075e-01,3.280244561352047006e-02,-3.232642681495684345e-02,-7.120387659126574398e-02,-1.909290194140744745e-02,7.573089583559026172e-01
-3.621401652040834307e-04,-3.409391724520066669e-02,6.621830190772293179e-02,4.176857526971922141e-02,-1.187937718816506338e-02,7.139002597387762716e-02,1.319385895082876292e-01,-3.156795417291680117e-02,3.684181503769734523e-02,7.648823826951633986e-02,-4.451759712166786231e-01,-2.843662545040788192e-01,-5.929777833362270822e-02,7.467222356828762120e-02,2.987586354301297598e-01,-3.516479124402649425e-02,-8.804754516432311551e-02,7.771985608743048335e-02,-1.911004452401204867e-01,1.623739028044501875e-01,-3.418524410785439560e-02,-3.708247331718669826e-02,-1.221552335208679063e-01,2.928635077023789002e-03,7.147899341536364526e-01
7.632706983508219523e-02,3.038445227642738722e-03,1.089866244573099441e-01,6.298763769555404402e-02,5.493052395860351100e-02,1.242895076551700506e-02,1.639585956263540645e-01,-2.442838163593741285e-02,1.054077800910802054e-02,-7.705160833236157636e-02,-4.581381820782936543e-01,-3.128932952582406113e-01,-7.477246839676958412e-02,5.906723004491465367e-03,3.487517984159335671e-01,-3.783096802909891032e-03,-4.622769100419868438e-02,-9.579261950790629587e-02,-2.339362887449241701e-01,1.174018657089696549e-01,4.456784078004244476e-02,-9.350268066196701366e-02,-1.402661129459976119e-01,-4.358402608323530547e-02,7.781813409709185114e-01
8.680659822612790677e-02,5.327025611147806483e-02,5.066098103991156787e-02,6.928989516950290195e-02,3.158998224091846829e-02,6.477927632493285515e-02,1.245491165874766937e-01,-6.705034713442337146e-02,2.950395911403258520e-02,9.378887943485825218e-02,-4.814427666661056371e-01,-2.951458653280593092e-01,4.279158957295430693e-02,8.493172191644937641e-02,4.001358597945090523e-01,2.826434710260405936e-02,3.426378402127616685e-03,-7.658711740362744713e-02,-2.785732887135843328e-01,1.378112471175536591e-01,5.635544284603444254e-03,-7.462543438738133972e-02,-1.454935669141702581e-01,2.007389501990086700e-03,8.189663384344955110e-01
-8.304676911473340972e-02,6.152517391259504365e-02,2.596133211909346095e-02,1.150457895990750767e-01,5.429466897192128383e-02,8.302776408097921335e-02,7.889810012269393713e-02,-5.527757150350709470e-02,7.090308718214988204e-02,3.663511264796359690e-02,-4.770949817594490883e-01,-3.065204055914693138e-01,-8.953342853986745453e-02,5.656972359733150602e-02,3.453557143803860363e-01,7.643033597973314386e-02,6.910216216811210233e-02,5.981642915439089325e-02,-2.562114171190092993e-01,1.027107183862537299e-01,1.695807061605214550e-03,-5.341963227010365634e-02,-1.426956922116234261e-01,5.122512125362088664e-02,7.863685361722861922e-01
-6.230002944088774974e-02,6.099336677633715453e-02,-1.969308945907044528e-02,1.438982133508066585e-01,9.346562227069393769e-02,-4.628021341708049574e-02,4.647198819092562827e-02,-2.800304709656303848e-02,-1.034809679890669187e-03,-8.277677789872522895e-02,-4.184509915248665890e-01,-3.655242702150969247e-01,1.182733129259368188e-02,5.566883693361168728e-04,3.428942144798408087e-01,4.730850530788166530e-02,-7.111270316898449240e-02,-1.158675737638503733e-02,-2.241741840567611499e-01,1.083118418071029598e-01,-3.317906958268734829e-02,4.366175061037869121e-03,-1.405177473020879364e-01,3.845434562998850669e-02,7.533625922956124210e-01
8.400763282181056280e-02,-4.586327913965382308e-02,-4.659701997796261708e-02,1.146214784768866402e-01,-2.590171258809714772e-02,1.378428116894325761e-02,1.273519240905129912e-02,-6.640700685956157923e-02,7.634179392771689443e-02,8.838111745208404590e-02,-3.659439355948177486e-01,-3.834721378094765321e-01,4.791264962225361135e-02,-8.267604782906119720e-02,3.175209496402155995e-01,5.799855159194156062e-02,3.383083110697016060e-02,-1.793925562546760943e-02,-2.272635032894950169e-01,1.470609916007202811e-01,-5.859800101787687732e-03,-9.017032193096458093e-02,-9.602449998411016763e-02,1.010982530759274578e-02,7.280470149369639987e-01
-5.043751141861863019e-02,-9.273185033675157563e-02,-5.580343359373651779e-02,1.360101076552380217e-01,-7.963054697152344152e-02,4.569878676948807561e-02,-6.351477784895087630e-03,-4.396987101288585276e-02,-6.006605239187057244e-02,-2.574581589892124822e-02,-3.943035234732291672e-01,-4.162780622466047964e-01,3.398332012849725192e-04,4.509363369003258765e-02,3.212641143906032615e-01,5.098434794430806161e-02,-7.735375534817490184e-02,-1.872671894450772534e-02,-1.994503417707783055e-01,1.329508708194672151e-01,-2.985418171460918479e-03,8.165412794307935762e-03,-1.322970661505049605e-01,-1.212098426038449306e-02,7.520317465416632707e-01
3.714255376493619254e-02,7.179610942444392130e-02,-8.795888357733905316e-02,1.223728682122200428e-01,-8.224534660875347514e-02,7.299899524155528674e-02,1.263599641065527024e-02,-1.242138915637397423e-02,-3.587601868995471399e-02,-6.433369751435673300e-02,-3.790760170545969254e-01,-4.145181924430788589e-01,-5.212603273159074901e-02,-1.640629839722258787e-02,3.581526307926699015e-01,6.715333199871520442e-02,-4.976159907910659985e-02,-3.588648279670020314e-02,-1.965435241141601230e-01,8.460172014620548353e-02,-7.300430278567159037e-02,-4.076464688820025106e-02,-1.704310934577196734e-01,-5.906679049249452529e-02,7.664529832128365028e-01
3.882633079524738795e-02,-9.677507072555702194e-02,-8.188253101865416994e-02,8.541134946877892986e-02,-2.546857402117055219e-02,-2.965803640823833076e-02,3.819944002592179366e-02,-4.345972064766129295e-02,8.696885716602986705e-03,-8.545274764456070593e-02,-3.370751388081342226e-01,-4.551235967487202161e-01,5.802627474522165096e-02,-5.644383964648630458e-02,3.946230934297214055e-01,5.031192422384589413e-02,3.540756297640201833e-02,6.064242464881863803e-02,-2.000795135120803647e-01,7.513116132004349357e-02,1.237539124830261406e-02,4.817664134439714196e-02,-1.955716156861354582e-01,-4.403465597138367382e-02,7.848341630482797981e-01
5.445351136750115062e-02,-8.489458279482264835e-02,-1.203883033368460254e-01,1.110145092578410653e-01,6.551624349614040832e-02,-1.446618283516620806e-02,5.477393212960357527e-02,-1.860022483965265150e-02,1.921278622011901582e-02,-8.206955375286420495e-02,-3.562034296538803546e-01,-4.650134876854452037e-01,-3.252818432854409636e-02,-8.205981619703084373e-02,4.240048667257983461e-01,1.020595212670351026e-01,9.230874457622190166e-02,6.145232986525012153e-02,-2.418127366531526157e-01,6.713812322806866906e-02,-8.073449128707943512e-03,-5.527949033526580180e-02,-1.664741628419086905e-01,-3.742334078998632574e-02,8.369959114662348654e-01
6.737268444531845091e-02,1.446303712601526570e-02,-9.670269496109340501e-02,1.065088963130532695e-01,9.984145978868816385e-02,-4.263067087055999460e-02,7.499351285536970391e-02,-5.815857007834490666e-02,-4.390898704798895658e-02,-6.805010795321114747e-02,-3.397988436538862400e-01,-5.078073628102304227e-01,-6.718728234693294166e-02,-4.296268079799042683e-02,4.016231198075482789e-01,1.733077949037790111e-01,5.856800905470543883e-02,8.115135812728957454e-02,-2.316158946905459703e-01,4.276130988733817251e-02,9.501743394153627786e-02,-5.354206918070947285e-02,-1.129112882943442142e-01,-3.489928418192315279e-02,8.456803041249683073e-01
-2.030424757815713077e-02,-3.661739723629109378e-02,-6.941813718049405502e-02,6.258742513471382551e-02,-6.522532910414935436e-03,-4.288407675227273730e-02,7.445117420539643094e-02,-2.852946516125750773e-02,9.232228845088941149e-02,-3.743107439886639298e-02,-3.569654356736222667e-01,-4.702108502327097539e-01,-8.039109237781205675e-02,5.363433210082702018e-03,3.969073891281805766e-01,2.149032715725741061e-01,-8.858018431096470469e-02,-7.789136673828389590e-02,-2.820279363701254649e-01,-7.647845110311690675e-03,-5.612212216075074256e-02,-7.129950023571640649e-03,-1.525627631981337773e-01,-1.529307653682504542e-02,8.411935931919254372e-01
3.521860683291533345e-02,-1.899978028249038609e-02,-9.401509771570992768e-02,6.977519468346538023e-02,8.630888142130405116e-02,-8.219805302079824516e-02,4.865877883476893428e-02,2.443191900240018755e-02,2.305128161898650774e-03,8.370430608862428068e-02,-3.383045035305186632e-01,-4.443778143917667678e-01,8.082273209590107310e-02,-6.869415731685174498e-02,3.558359424353297329e-01,2.117875187040802465e-01,-2.667245998070866264e-02,2.382428000933925483e-02,-3.185567211431444834e-01,-6.041331915494918547e-02,-6.812102304571959754e-02,9.360443440914778535e-02,-1.149636717318874846e-01,6.574531735895242091e-03,8.168268340453659349e-01
6.472046972263001408e-03,-3.932714355716582233e-02,-6.253660713709119356e-02,1.080241921497441249e-01,-2.143218470371954787e-02,-6.406975640893164403e-02,4.688120683987756498e-02,4.003414785037133494e-02,1.561442040248250951e-02,9.159587064977814386e-02,-2.870040304922484298e-01,-5.099522015522199858e-01,6.145200543218320988e-04,-8.341708372110379077e-02,3.830641496713971250e-01,2.523322885835122542e-01,2.400026669548166458e-02,-3.195540110974859349e-02,-3.518588608747073021e-01,-9.165004926819086961e-02,7.118503791825958604e-02,-1.306437033670593273e-02,-1.535388442535753351e-01,3.368474880078561884e-02,8.704633727040143043e-01
-5.405674326335363489e-02,-6.008567682081222827e-02,-9.504259456199415368e-02,1.316151059438795956e-01,-9.244309868086408866e-02,2.867394501395209572e-02,6.457277630592406226e-02,5.197436997190008068e-02,-4.749794190336686928e-02,-8.953056431373740409e-02,-2.321044596012752370e-01,-5.160288475573593381e-01,-5.380413789438731609e-02,6.038279056722534177e-02,3.720091006660644073e-01,2.380754320842279337e-01,7.029783632930930448e-02,-3.386750961339474175e-03,-3.466824921532374315e-01,-1.450049650653401079e-01,-1.678586591826281005e-02,9.557073870035637242e-02,-1.433817388245703928e-01,3.496840012186369639e-02,8.709384121716503557e-01
-3.654816512862657518e-02,5.326081422378003971e-02,-7.477663061551775847e-02,1.648013860283316090e-01,-4.102814835472701205e-04,-3.799319519750998797e-02,5.929526730671616508e-02,6.079966441326528637e-02,6.239354847816033778e-02,7.343043020022443912e-02,-1.712739724725125257e-01,-5.219917926922439388e-01,3.460163325773535359e-02,-9.060711551846656331e-02,3.729281730536435080e-01,2.341382763305634995e-01,1.326457603330641333e-02,5.265898239945632220e-02,-3.263973281505618829e-01,-1.203552571010549910e-01,-7.269939758328358703e-02,-5.426584972307935129e-02,-1.873110774950814128e-01,2.054599147220920186e-02,8.530445779881909996e-01
-8.786338620986344772e-02,-1.733150802576166605e-02,-1.041241486308155384e-01,1.573524592696420310e-01,9.322987932734227989e-03,-1.279060517628416438e-02,2.400344087202982424e-02,8.118639704306121474e-02,4.973443505019817246e-02,6.558499090906244611e-02,-1.707504740139782484e-01,-5.801977335100554356e-01,5.424861480663556446e-02,-9.223741043763955538e-02,3.101302490529968536e-01,2.460747220663123125e-01,-6.117424591080555807e-02,7.321501852754874751e-03,-3.539601906808023113e-01,-1.273210842769875173e-01,8.696440808876026995e-02,6.699135501042335905e-02,-1.497887253191305668e-01,6.360932334477320538e-03,8.784112235558184656e-01
-5.175113279239451636e-02,-5.835363827835715611e-02,-9.545892091563223936e-02,1.558564646700737466e-01,-4.990341065004733068e-02,6.118116850668825490e-02,-2.580610513572481612e-02,1.090820129823459328e-01,-4.406522869071137494e-02,-6.169573558997032414e-02,-1.886575682475497562e-01,-5.996061196787892955e-01,8.526921586062830016e-04,7.312900727454640926e-02,3.059736700175504920e-01,2.570371790632040021e-01,-5.173005923250004190e-02,-8.429275144144027232e-02,-3.724301465610953543e-01,-1.715391328113698433e-01,-2.871905283006703780e-02,4.953036491299556143e-02,-1.612236003557672437e-01,4.214908332137123903e-02,9.127693843705754206e-01
8.652962010849574170e-02,-2.338823871579931435e-02,-1.433989412082558590e-01,1.267072726182345566e-01,4.590428439528770888e-02,-9.593178362356447053e-02,1.991348855662861128e-02,5.256867029477185760e-02,-5.896257141903860077e-02,-2.583491135284443629e-03,-1.699280498115707250e-01,-5.775111343829524291e-01,7.565049354646935509e-02,5.451029990135414227e-03,2.966264559455035754e-01,2.297268502314276928e-01,8.597409645877580886e-02,-3.240620683440720295e-03,-3.601751076551767961e-01,-1.969243775970254684e-01,-1.910180652810011814e-03,-7.605064229989361158e-02,-1.740478704030190005e-01,6.385468637429542182e-02,8.874568136461372658e-01
-3.287815115181969006e-02,5.302131832662615452e-02,-1.974207690696020423e-01,8.004294338672823805e-02,-1.344658365836126634e-02,-3.163100335480617531e-03,-5.124634418004585246e-03,3.497299956800259402e-02,2.962042545221427181e-02,-9.632832320015527472e-02,-8.768318718004231016e-02,-5.818614103937010951e-01,3.079884428404966457e-02,2.371702981442308511e-02,2.892840697450801413e-01,2.492577994215451898e-01,-3.803057664934401949e-02,-8.284114302010214814e-02,-3.571044034534834322e-01,-1.815472584294869907e-01,-8.181291001739177116e-02,8.464474939704572098e-02,-1.816187679435626590e-01,3.857693657198513204e-02,8.783912490017440344e-01
6.087488282754005553e-02,-8.683403132736924879e-02,-1.825556640217883553e-01,5.517604786171115272e-02,3.851456001551634145e-02,1.437950449179076218e-02,2.084943886720860839e-02,-4.158354685816101348e-03,8.149263526928512968e-02,-7.550371662994059818e-02,-1.070653829092984566e-01,-5.843036442650337836e-01,6.807222640931254176e-03,7.589253870237844257e-02,3.191869496104137727e-01,2.852445233490045196e-01,-1.799524265165139414e-02,-3.601016453426586494e-03,-3.640812289298401283e-01,-2.317191869864026754e-01,-8.590786446660836351e-02,-4.437127191021783545e-02,-1.759360256115224952e-01,-1.996816366464615466e-02,9.117632754765907510e-01
9.247306329090565491e-02,7.804413411091121189e-02,-1.685162782144032922e-01,5.835029961518634067e-02,-4.593028190088310758e-02,6.455204860646640563e-02,1.843062527921915383e-02,-2.838745781101403853e-02,3.664784607964710617e-03,-7.638703687596282155e-03,-1.023955105245677455e-01,-5.410651583733313563e-01,-3.711317883771880766e-02,1.619371732631849636e-02,2.748648902267684102e-01,3.152694050533518810e-01,4.597782354071955346e-02,-1.781341900744837226e-02,-3.738711045514744868e-01,-2.199268761241329473e-01,2.584383860165839764e-02,3.986258423106074644e-02,-1.922533240803134258e-01,1.544816765419509963e-02,8.739540182396415835e-01
3.871161561721514488e-04,2.101425068754875225e-02,-2.155900899772739132e-01,4.597667523781456822e-02,1.197810636915708216e-02,-2.718992892764365843e-03,2.601910581200977957e-02,-7.243238049460609673e-02,9.865608178800666650e-04,-6.471761791442276479e-02,-3.489871819828815891e-02,-5.396276846456747878e-01,6.254658086093589642e-02,8.352063988203067835e-03,2.901323535492468242e-01,3.252104363919918750e-01,-7.378402765905939242e-02,5.323142031655558881e-02,-3.932107472916799296e-01,-2.624902169480654024e-01,8.648879567547018699e-02,8.946137984739241378e-02,-2.036648262923637653e-01,1.381248415208119473e-02,9.135546042775727349e-01
