0.076461136341094971,0.05989794060587883,-0.0079032555222511292,0.028228476643562317,-0.053441762924194336,0.062365684658288956,0.0051321014761924744,0.037537373602390289,-0.012475490570068359,-0.080545864999294281,-0.035029329359531403,0.00026546110166236758,-0.080022156238555908,-0.00084733963012695312,-0.009977385401725769,0.040308866649866104,0.060275495052337646,0.047338619828224182,-0.043319959193468094,-0.03871946781873703,0.028329730033874512,-0.013220842927694321,-0.0045857354998588562,0.024415785446763039,0.21287955343723297
-0.00037378072738647461,-0.0091615468263626099,-0.048392742872238159,-0.01113099604845047,-0.083984673023223877,0.086677908897399902,0.053711369633674622,0.06577271968126297,-0.055916845798492432,0.04162558913230896,-0.076003074645996094,0.012227774597704411,0.0056678056716918945,-0.005454525351524353,0.055781260132789612,0.060767360031604767,0.061103165149688721,-0.007762029767036438,-0.041308194398880005,-0.09923207014799118,-0.056719720363616943,0.0076263435184955597,-0.052635520696640015,0.016212388873100281,0.25225898623466492
0.075526654720306396,0.045083761215209961,-0.044347465038299561,-0.028204560279846191,-0.071320235729217529,0.024144411087036133,0.089357525110244751,0.033139195293188095,-0.063135504722595215,0.0012512803077697754,-0.071960806846618652,-0.030801344662904739,0.052769124507904053,0.06703464686870575,0.10357250273227692,0.0638771653175354,-0.027304530143737793,-0.040545150637626648,-0.072660088539123535,-0.12424094974994659,-0.010897815227508545,-0.029488801956176758,0.0095856785774230957,-0.018513541668653488,0.28632110357284546
0.090314745903015137,0.058482274413108826,-0.058567970991134644,-0.029668647795915604,0.022728204727172852,-0.010663736611604691,0.11015361547470093,0.0015007928013801575,-0.016083598136901855,0.020633667707443237,-0.02110600471496582,-0.0017705149948596954,-0.038355588912963867,-0.010526224970817566,0.093980222940444946,0.011272035539150238,-0.031753778457641602,0.033004164695739746,-0.079577118158340454,-0.053125057369470596,0.072916567325592041,-0.083108119666576385,0.027956694364547729,-0.060999110341072083,0.26135542988777161
0.082874178886413574,0.01877826452255249,-0.069146901369094849,-0.083057962357997894,-0.0074761509895324707,0.015106856822967529,0.064043730497360229,0.0059196725487709045,0.018538832664489746,-0.070545881986618042,-0.044245600700378418,-0.09711921215057373,-0.029544711112976074,0.0079865604639053345,0.057085901498794556,-0.018974170088768005,-0.075074493885040283,-0.06098058819770813,-0.050877958536148071,-0.081712678074836731,-0.045126974582672119,-0.050140224397182465,-0.12318891286849976,-0.0078656040132045746,0.28808912634849548
-0.0021353363990783691,0.030263215303421021,-0.14410805702209473,-0.11809316277503967,-0.015970051288604736,-0.018307127058506012,0.080721259117126465,-0.028679214417934418,0.043987929821014404,-0.035476982593536377,-0.084468185901641846,-0.019431062042713165,0.025656938552856445,0.01889503002166748,0.11514553427696228,0.040169619023799896,-0.044745981693267822,0.044297933578491211,0.0073880553245544434,-0.016682460904121399,0.056993842124938965,0.035352259874343872,-0.077316701412200928,-0.025940794497728348,0.29257786273956299
-0.055521368980407715,0.055628255009651184,-0.14547997713088989,-0.12249612808227539,0.041281044483184814,0.062400437891483307,0.12496650218963623,0.081859439611434937,0.049970746040344238,-0.060652285814285278,-0.036726772785186768,-0.13931456208229065,0.03102564811706543,0.063446134328842163,0.16878145933151245,0.082717493176460266,0.0051110386848449707,0.013561218976974487,0.20977121591567993,0.044681757688522339,0.066834747791290283,0.042219102382659912,-0.077461063861846924,0.022784367203712463,0.44327425956726074
-0.011145293712615967,-0.0069922059774398804,0.038426518440246582,-0.2073809802532196,0.045846283435821533,-0.01277276873588562,0.1522822380065918,-0.070287585258483887,-0.021435856819152832,0.059175789356231689,-0.17173206806182861,0.041810646653175354,0.058269321918487549,-0.031043022871017456,0.19272100925445557,-0.1003759354352951,0.04891282320022583,-0.052611738443374634,0.44154515862464905,-0.0159912109375,-0.02340620756149292,-0.027142733335494995,-0.10557645559310913,0.0045320242643356323,0.61209362745285034
-0.020843207836151123,-0.013310790061950684,0.10836911201477051,-0.024065032601356506,0.040141522884368896,-0.048240453004837036,0.12977749109268188,-0.12366244196891785,-0.08178788423538208,0.024154126644134521,-0.23693382740020752,-0.21874763071537018,0.05143439769744873,0.058351367712020874,0.037189781665802002,0.25127366185188293,-0.025189340114593506,-0.021197974681854248,0.10968124866485596,-0.040679872035980225,0.070013940334320068,0.01261979341506958,-0.12644237279891968,0.0011779963970184326,0.51639074087142944
-0.069616883993148804,-0.085318833589553833,-0.22707062959671021,-0.14728853106498718,0.050331652164459229,-0.047159507870674133,0.1652686595916748,0.15964740514755249,-0.033879458904266357,-0.010586738586425781,0.24326351284980774,-0.18175375461578369,0.057501435279846191,-0.0044904649257659912,0.10076373815536499,0.03431287407875061,0.0047619044780731201,0.060387939214706421,0.18709331750869751,0.4371635913848877,-0.042956501245498657,0.018748670816421509,-0.12614357471466064,0.026914715766906738,0.70688509941101074
-0.00052273273468017578,0.0046774446964263916,0.048582851886749268,0.38472124934196472,-0.034587502479553223,0.035502955317497253,-0.52931022644042969,0.6748928427696228,-0.026311427354812622,-0.029602110385894775,0.39461973309516907,-0.096781253814697266,0.077885329723358154,0.047476530075073242,0.069029033184051514,0.4433017373085022,0.033450424671173096,-0.016692131757736206,0.2348475456237793,-0.030537307262420654,0.020583868026733398,-0.061760365962982178,-0.13433343172073364,-0.1469443142414093,1.1688114404678345
0.055318266153335571,-0.020908176898956299,0.15138798952102661,-0.24413919448852539,0.0096586644649505615,-0.0038230866193771362,0.27682232856750488,0.023746967315673828,-0.063713282346725464,-0.077990353107452393,-0.3019375205039978,-0.67171275615692139,0.072173625230789185,0.024622052907943726,0.23087328672409058,-0.074414849281311035,0.0028474777936935425,0.067592829465866089,-0.25998395681381226,0.4102136492729187,-0.018402189016342163,0.054199755191802979,-0.11062812805175781,-0.12561708688735962,1.0257786512374878
0.030215084552764893,0.0063506215810775757,-0.39233106374740601,0.02794569730758667,-0.027491331100463867,-0.073841728270053864,0.082124412059783936,-0.58816403150558472,0.052995473146438599,-0.08873303234577179,0.86239844560623169,-0.50239908695220947,0.10247426480054855,0.036266922950744629,0.0071580410003662109,0.26076093316078186,0.069165639579296112,0.06293150782585144,0.43796023726463318,0.073189318180084229,-0.050206892192363739,0.018475621938705444,-0.066606044769287109,-0.11680981516838074,1.3520659208297729
0.038305729627609253,-0.021565347909927368,-0.33863967657089233,-0.19640886783599854,-0.028191998600959778,-0.067840412259101868,-0.03443300724029541,-0.31162035465240479,0.076080888509750366,-0.032480314373970032,0.64105737209320068,0.60822403430938721,-0.015461025759577751,-0.010281115770339966,-0.85828566551208496,-0.074210226535797119,-0.014366820454597473,0.017687514424324036,-0.45908445119857788,-0.43427687883377075,0.089551955461502075,-0.025951728224754333,-0.029551148414611816,-0.12886089086532593,1.4883419275283813
0.039788123220205307,-0.064575903117656708,-0.075988650321960449,-0.51068985462188721,0.029829010367393494,0.064651273190975189,0.40138804912567139,0.67199575901031494,-0.039304301142692566,0.068954095244407654,-0.44142520427703857,0.57096832990646362,-0.057914078235626221,0.072554528713226318,-0.46210771799087524,0.51378822326660156,-0.057365145534276962,-0.070594795048236847,-0.1707378625869751,-0.69684320688247681,0.044774025678634644,-0.0052119940519332886,-0.042295515537261963,-0.12036150693893433,1.56355881690979
0.029752939939498901,0.05101800337433815,-0.21581745147705078,0.39253750443458557,0.0045779682695865631,0.066325798630714417,-0.2709038257598877,0.26380577683448792,-0.01636059582233429,0.01700340211391449,-0.044645965099334717,0.030391573905944824,-0.011426284909248352,-0.037171363830566406,0.58317452669143677,-0.2977670431137085,0.069999173283576965,0.048214953392744064,0.63304448127746582,0.35599258542060852,-0.03203883022069931,0.062277428805828094,-0.079607129096984863,0.23420560359954834,1.1773241758346558
-0.012098900973796844,-0.0095834285020828247,-0.15967267751693726,-0.17743003368377686,0.039659284055233002,-0.02036246657371521,0.15982353687286377,-0.35260236263275146,0.035629209131002426,-0.0059956610202789307,0.82589775323867798,-0.41255640983581543,-0.024207592010498047,0.012211441993713379,-0.0098139047622680664,0.40197539329528809,-0.0032698214054107666,0.082346409559249878,-0.57810211181640625,0.066643297672271729,0.08309667557477951,0.030662599951028824,-0.08271944522857666,0.18188929557800293,1.2721289396286011
-0.033908694982528687,0.01062522828578949,-0.13670164346694946,-0.27227896451950073,-0.026775851845741272,4.7281384468078613e-05,-0.66244876384735107,-0.1139872670173645,0.002072896808385849,-0.0028984099626541138,-0.35319781303405762,-0.13895571231842041,-0.06659814715385437,-0.015384934842586517,-0.00054395198822021484,-0.12786167860031128,0.03028145432472229,-0.02535557746887207,0.47679871320724487,-0.44787561893463135,-0.0077265799045562744,0.08213379979133606,-0.15692538022994995,0.2222825288772583,1.1054661273956299
0.0079366862773895264,-0.0068746507167816162,0.096368074417114258,-0.062039613723754883,0.030064985156059265,-0.021467894315719604,0.032184779644012451,-0.1518511176109314,-0.084937252104282379,-0.058974206447601318,-0.35791772603988647,-0.33505022525787354,-0.080929100513458252,-0.023652456700801849,-0.39443856477737427,-0.28505468368530273,0.09106038510799408,0.00086632370948791504,0.67050296068191528,0.036891460418701172,0.093813136219978333,0.025363564491271973,-0.17238301038742065,-0.071107983589172363,1.0184069871902466
0.044761389493942261,-0.090735703706741333,0.12200137972831726,-0.461464524269104,0.045750677585601807,0.01034843921661377,0.23586058616638184,-0.084775924682617188,0.030402109026908875,-0.027325674891471863,0.85689449310302734,0.27815401554107666,0.030343770980834961,-0.081507608294487,0.65886819362640381,-0.069502055644989014,0.050963908433914185,-0.044773638248443604,0.13662287592887878,-0.49974733591079712,-0.010847315192222595,-0.056541264057159424,-0.18024766445159912,-0.13888537883758545,1.3751388788223267
0.006170809268951416,0.025648444890975952,-0.55930757522583008,1.0139533281326294,-0.014889627695083618,-0.040327936410903931,-0.20280727744102478,-0.19699418544769287,-0.028201445937156677,-0.019864857196807861,-0.17455834150314331,-0.06950676441192627,-0.065352439880371094,0.022954851388931274,-0.25989723205566406,0.73786431550979614,-0.064139217138290405,-0.0098673999309539795,-0.6194683313369751,0.30397474765777588,0.020607441663742065,0.018158674240112305,-0.22871199250221252,0.027276277542114258,1.6158119440078735
-0.09196135401725769,0.10096836090087891,-0.89289999008178711,0.81379640102386475,-0.043337494134902954,0.06282496452331543,-0.012043952941894531,0.90688866376876831,0.012344911694526672,-0.072556763887405396,-0.051032066345214844,-0.30212503671646118,-0.045498847961425781,-0.048791319131851196,-0.06801702082157135,-0.63005656003952026,-0.089751601219177246,0.084385275840759277,-0.40338271856307983,0.50253379344940186,-0.066681385040283203,0.077662646770477295,-0.22348704934120178,0.060511410236358643,1.8183709383010864
-0.10097882151603699,0.028892308473587036,-0.27137535810470581,-0.20976710319519043,0.042651340365409851,-0.03843158483505249,0.98862737417221069,-0.72290915250778198,0.088113293051719666,0.064688593149185181,0.6231086254119873,1.4365389347076416,0.067563772201538086,0.056080818176269531,1.0036348104476929,0.62247753143310547,0.0021251440048217773,0.020620763301849365,0.42989450693130493,-0.24412089586257935,-0.016663670539855957,0.0073756575584411621,-0.19036419689655304,-0.30656570196151733,2.4235658645629883
-0.080822646617889404,-0.017292618751525879,0.11482575535774231,-0.27064502239227295,-0.024613291025161743,-0.0079464912414550781,-0.54785746335983276,-0.17106226086616516,0.006026148796081543,0.10974767804145813,-0.41395571827888489,0.36303144693374634,0.085674628615379333,0.093472898006439209,0.54939979314804077,0.053687989711761475,-0.068136543035507202,0.016132831573486328,-0.54534715414047241,-0.18118679523468018,0.074910223484039307,-0.033129036426544189,-0.1351257711648941,-0.22080749273300171,1.2117074728012085
0.051215559244155884,-0.018276035785675049,0.90509474277496338,-0.068127602338790894,-0.053454428911209106,0.0190238356590271,-0.14155501127243042,0.023106276988983154,-0.067873448133468628,-0.0087191462516784668,-0.95820331573486328,-0.58854871988296509,0.024774670600891113,-0.007659614086151123,-0.39961317181587219,-0.78099018335342407,-0.046428322792053223,-0.020784616470336914,0.2987511157989502,-0.34764230251312256,0.0070569217205047607,-0.0076627135276794434,-0.181346595287323,-0.2644118070602417,1.7904535531997681
0.078409373760223389,0.012951254844665527,0.49647492170333862,0.56131118535995483,0.072695672512054443,0.07312476634979248,1.2843842506408691,0.10915862023830414,-0.10110482573509216,0.0065725445747375488,-0.70542258024215698,0.063851356506347656,-0.018791571259498596,0.062169849872589111,-0.35592359304428101,0.21381294727325439,-0.078974485397338867,-0.048969388008117676,-0.43024566769599915,-0.46948429942131042,-0.085713416337966919,0.056198954582214355,-0.19709570705890656,-0.0074302554130554199,1.8417959213256836
0.027269214391708374,-0.041990876197814941,-0.41919255256652832,-0.55133962631225586,-0.0080697387456893921,-0.030177175998687744,-0.42694103717803955,-1.1888090372085571,-0.0054108798503875732,-0.035934329032897949,0.51356607675552368,-0.082589030265808105,0.065556630492210388,0.028451859951019287,0.95503437519073486,-0.11920249462127686,0.013889670372009277,0.019614458084106445,0.63003689050674438,0.30612421035766602,0.083785519003868103,0.049869656562805176,-0.22492791712284088,0.064287453889846802,1.9589520692825317
0.0066849589347839355,0.061131596565246582,-0.45127338171005249,0.67548155784606934,0.028914518654346466,0.046977519989013672,0.55749613046646118,0.15599565207958221,0.089257240295410156,-0.035170197486877441,1.0317087173461914,0.35896459221839905,-0.0064249187707901001,-0.0036542415618896484,-0.63830757141113281,-0.21750140190124512,-0.050301983952522278,-0.037429451942443848,-0.42153695225715637,-0.08559146523475647,-0.075851216912269592,-0.021210610866546631,-0.27298566699028015,-0.0019876360893249512,1.7113864421844482
-0.0012177526950836182,0.044572889804840088,-0.069733127951622009,-0.2377132922410965,0.017831809818744659,0.046375870704650879,-0.037959471344947815,0.0099508091807365417,0.077253401279449463,0.037250101566314697,-0.12799699604511261,0.2413356602191925,-0.022256463766098022,-0.052779316902160645,0.15748237073421478,-0.42495003342628479,-0.066349312663078308,-0.073386669158935547,0.19964691996574402,-0.030288100242614746,-0.076128095388412476,0.063408195972442627,-0.30622264742851257,0.32702910900115967,0.78683781623840332
-0.059824079275131226,-0.0092126727104187012,-0.29412096738815308,-0.091841891407966614,0.0040518641471862793,0.013230204582214355,-0.074770860373973846,0.012128777801990509,0.0071457624435424805,0.030927121639251709,-0.60945254564285278,0.15628956258296967,-0.0059078112244606018,0.029828190803527832,0.026850700378417969,0.7360185980796814,0.036390591412782669,0.088861703872680664,0.89953643083572388,0.79568427801132202,-0.042431116104125977,0.045032262802124023,-0.28329306840896606,0.22190311551094055,1.6216025352478027
-0.056770786643028259,0.013234257698059082,-0.20836979150772095,0.42991185188293457,0.078899011015892029,-0.084499120712280273,0.48883455991744995,-1.0470120906829834,0.064641356468200684,-0.070890963077545166,0.14069464802742004,-0.88875710964202881,0.0081772804260253906,0.080919265747070312,0.0024286955595016479,0.52021914720535278,0.082441531121730804,0.0065847635269165039,0.42951026558876038,0.065904274582862854,0.053845517337322235,0.049822747707366943,-0.22505272924900055,0.21271553635597229,1.7243191003799438
-0.036041259765625,0.0039159059524536133,0.17725598812103271,0.26026585698127747,-0.061936698853969574,-0.058178424835205078,-0.68701547384262085,-0.075127318501472473,-0.049603179097175598,0.025976896286010742,-0.60264849662780762,0.73889440298080444,0.088772028684616089,-0.069199562072753906,0.40204060077667236,-0.82940328121185303,-0.061648234724998474,0.017640233039855957,-0.90203499794006348,0.21670040488243103,0.014861676841974258,0.0098474621772766113,-0.20684373378753662,0.15199176967144012,1.8140479326248169
-0.010850340127944946,-0.054385125637054443,0.53891646862030029,-0.28163093328475952,0.05275089293718338,-0.079666018486022949,0.64647352695465088,-0.13293501734733582,-0.093697115778923035,0.056271195411682129,-0.84637647867202759,0.50485736131668091,0.02530205249786377,-0.020322322845458984,-0.2865661084651947,0.19037218391895294,-0.068331494927406311,0.089666485786437988,-0.37751644849777222,0.64558398723602295,-0.014391526579856873,-0.04514312744140625,-0.21169158816337585,0.0064524412155151367,1.5935033559799194
-0.004584604874253273,0.038211286067962646,-0.0173979252576828,0.88342887163162231,0.010874100029468536,0.037910640239715576,-0.3699796199798584,0.8369336724281311,0.05461496114730835,-0.028949916362762451,0.75667929649353027,-0.12486802041530609,-0.05687752366065979,0.038225889205932617,-0.68160396814346313,0.35085961222648621,0.037324011325836182,0.03104865550994873,0.8170815110206604,0.17659163475036621,0.037026390433311462,-0.087666988372802734,-0.20888975262641907,0.025929749011993408,1.8868002891540527
-0.066807836294174194,0.062843859195709229,-0.34204256534576416,0.36783051490783691,-0.018927708268165588,0.034614861011505127,-0.3360055685043335,-0.085933789610862732,0.045182079076766968,-0.027951478958129883,-0.22764360904693604,-0.33275681734085083,-0.085016340017318726,-0.046535372734069824,-0.19707825779914856,-0.73300462961196899,-0.053935885429382324,0.056381344795227051,-0.81326818466186523,0.27720659971237183,-0.052209973335266113,0.053970754146575928,-0.26029223203659058,0.4456409215927124,1.4662091732025146
0.0089431256055831909,-0.034188389778137207,0.65559077262878418,-0.63531553745269775,-0.016039639711380005,0.015106499195098877,0.26467519998550415,-0.06753695011138916,0.08037954568862915,-0.09042888879776001,0.57239681482315063,-0.46027839183807373,0.048929661512374878,0.029799103736877441,0.65247118473052979,0.77123332023620605,0.049512773752212524,-0.019341766834259033,0.86054790019989014,-0.25632107257843018,-0.070437341928482056,0.091906547546386719,-0.26099473237991333,0.4486081600189209,1.8919705152511597
-0.052586473524570465,-0.073868870735168457,-0.41093587875366211,-0.5560949444770813,-0.022773459553718567,0.0088772773742675781,0.040216386318206787,-0.26626384258270264,0.022149216383695602,-0.01422119140625,-0.69821828603744507,0.61966454982757568,-0.018061399459838867,-0.045410037040710449,0.017487496137619019,-0.67763328552246094,0.0670623779296875,0.0083272457122802734,-0.069424822926521301,0.086727380752563477,0.05723804235458374,0.04079437255859375,-0.2954578697681427,0.22965836524963379,1.43366539478302
-0.034798592329025269,-0.0076302289962768555,-0.064263179898262024,0.32458621263504028,-0.0803956538438797,-0.035724759101867676,-0.61433601379394531,-0.19227582216262817,0.0086235255002975464,-0.0047028660774230957,0.01050809770822525,0.34573918581008911,0.04232710599899292,-0.045568406581878662,0.31023707985877991,-0.34306895732879639,-0.028166472911834717,-0.080867886543273926,-0.82354915142059326,-0.36102437973022461,-0.028137773275375366,0.0054034590721130371,-0.32191216945648193,-0.036803960800170898,1.3387066125869751
-0.023101270198822021,-0.03182750940322876,-0.013590913265943527,-0.25904387235641479,0.044538885354995728,-0.063155710697174072,1.2223567962646484,-0.32623875141143799,-0.028347767889499664,-0.023083329200744629,-0.15029427409172058,-0.28528708219528198,-0.022194206714630127,0.0021111369132995605,-0.4559442400932312,0.11819702386856079,-0.039263486862182617,-0.073276281356811523,0.068131983280181885,-0.33622956275939941,-0.082417756319046021,0.0640450119972229,-0.32546660304069519,-0.007377326488494873,1.49817955493927
-0.042682141065597534,0.065889716148376465,-0.019965603947639465,0.63988614082336426,-0.024652063846588135,0.0010100603103637695,-0.19872668385505676,0.39899915456771851,0.014743626117706299,-0.041203498840332031,0.60514307022094727,-0.41625303030014038,-0.010484397411346436,-0.0046180486679077148,-0.1735023558139801,-0.26257041096687317,0.056563436985015869,0.062194794416427612,0.55846381187438965,0.76881927251815796,0.056918442249298096,0.086467087268829346,-0.29352733492851257,0.094988644123077393,1.5072507858276367
-0.088936865329742432,0.051801800727844238,-0.26142889261245728,0.37194538116455078,0.032201826572418213,0.013721704483032227,0.18159790337085724,-0.099327743053436279,-0.02722400426864624,0.037643909454345703,0.11764033138751984,0.54583549499511719,-0.027195513248443604,0.05011141300201416,0.059645757079124451,0.55685752630233765,0.057987391948699951,0.072568655014038086,-0.23975040018558502,0.32238024473190308,-0.028771340847015381,-0.027165472507476807,-0.32095983624458313,-0.22311946749687195,1.1029888391494751
0.083915054798126221,0.00042569637298583984,0.9309651255607605,-0.4577164351940155,0.037670522928237915,0.0041497349739074707,0.12266147136688232,-0.12460535764694214,-0.068969279527664185,-0.057369649410247803,-0.22969791293144226,-0.4805830717086792,-0.071840763092041016,0.045135498046875,-0.023773938417434692,0.19805765151977539,-0.079109638929367065,0.038604766130447388,-1.5103437900543213,-0.5294918417930603,-0.052962362766265869,0.044048011302947998,-0.35359618067741394,-0.024848401546478271,2.0380511283874512
0.064769983291625977,-0.034624800086021423,0.059983968734741211,-0.49195593595504761,0.015784591436386108,-0.07184368371963501,0.30690175294876099,-0.98656380176544189,-0.098916217684745789,-0.052820742130279541,-0.29658925533294678,-0.095133841037750244,0.032649517059326172,-0.077410221099853516,0.99969065189361572,-0.98428761959075928,0.026473402976989746,0.0469074547290802,0.25230377912521362,-0.39012303948402405,-0.057185113430023193,-0.011578500270843506,-0.3401336669921875,-0.061018049716949463,1.9365806579589844
-0.077214553952217102,0.040259577333927155,-0.72787392139434814,0.28502357006072998,-0.045907944440841675,0.010070919990539551,-0.78845340013504028,0.36542713642120361,0.045869022607803345,-0.071619749069213867,0.79420757293701172,-0.43638324737548828,0.075005531311035156,0.0028896033763885498,0.51665198802947998,0.30272966623306274,-0.062537938356399536,0.027533702552318573,-0.26515614986419678,-0.2418178915977478,-0.087399184703826904,-0.043287146836519241,-0.33883684873580933,-0.18631178140640259,1.6914941072463989
0.0085434615612030029,-0.075919382274150848,0.43844452500343323,-0.74619770050048828,0.074728608131408691,0.020333141088485718,1.0806607007980347,0.076841533184051514,0.049380898475646973,-0.064575493335723877,-0.24846851825714111,0.13076472282409668,0.096870899200439453,-0.064074963331222534,0.66944265365600586,-0.30658113956451416,-0.092408627271652222,0.04526093602180481,0.075788825750350952,-0.12302422523498535,0.026761829853057861,0.022533565759658813,-0.32708838582038879,-0.063921928405761719,1.6490768194198608
0.051951348781585693,0.022836670279502869,0.66149163246154785,0.86782354116439819,0.061013609170913696,-0.046873539686203003,0.17782688140869141,-0.32124054431915283,-0.018175035715103149,0.064042471349239349,-0.61818349361419678,0.93191444873809814,0.10779392719268799,-0.08676900714635849,-0.18032902479171753,0.12848746776580811,-0.048132985830307007,0.061993800103664398,0.71417391300201416,0.25022900104522705,0.026589393615722656,-0.011153414845466614,-0.30925363302230835,-0.14705204963684082,1.8316065073013306
-0.02665373682975769,-0.011592462658882141,-0.081766664981842041,0.084475815296173096,-0.012532815337181091,-0.0084702372550964355,-0.38691127300262451,-0.018574237823486328,0.0013604909181594849,-0.058970034122467041,-0.10532999038696289,-0.93545973300933838,0.032541632652282715,0.052277300506830215,-0.68649750947952271,1.0726600885391235,-0.076885074377059937,-0.026235982775688171,-0.14342135190963745,-0.48756176233291626,-0.066761612892150879,-0.065310835838317871,-0.3251110315322876,-0.42352521419525146,1.7997080087661743
0.0030910372734069824,0.029669821262359619,0.35529956221580505,0.20184242725372314,-0.041361868381500244,-0.062769137322902679,0.0061401724815368652,-0.2404504120349884,0.018703490495681763,-0.086304083466529846,0.25052845478057861,-0.38201498985290527,0.015262901782989502,-0.0042929202318191528,-0.19095015525817871,-0.10007095336914062,-0.025038838386535645,-0.052875608205795288,0.35799658298492432,-0.12096893787384033,0.036643117666244507,-0.036490380764007568,-0.33565336465835571,-0.34979912638664246,0.93729037046432495
-0.069288432598114014,0.071933150291442871,-0.43744310736656189,0.064233005046844482,-0.054378263652324677,-0.022790640592575073,0.14380037784576416,0.29700899124145508,-0.06324932724237442,-0.042610287666320801,-0.42937630414962769,0.33404409885406494,0.048277378082275391,-0.043599307537078857,0.58390152454376221,-0.52892935276031494,-0.066593781113624573,-0.063276171684265137,-0.61940497159957886,-0.18948054313659668,-0.082162752747535706,-0.069994479417800903,-0.29081946611404419,-0.31615751981735229,1.367010235786438
0.012892521917819977,0.069922775030136108,0.21939489245414734,-0.2550380527973175,0.070474684238433838,-0.018728628754615784,0.82877111434936523,0.13057899475097656,0.056540276855230331,0.066757798194885254,0.40425223112106323,0.96678245067596436,0.08692479133605957,-0.097197085618972778,0.047536492347717285,-0.38878849148750305,-0.041734322905540466,0.081032365560531616,-0.13628917932510376,0.90962636470794678,0.066172003746032715,0.024465203285217285,-0.23679977655410767,-0.03377610445022583,1.737849235534668
0.057816144078969955,-0.074063003063201904,0.52805197238922119,-1.4496984481811523,-0.0065442025661468506,-0.026054732501506805,-0.65564143657684326,-0.50170165300369263,0.042931322008371353,-0.0085335373878479004,-0.06562119722366333,-0.46137654781341553,-0.051367461681365967,0.021211415529251099,-1.1593179702758789,0.90093755722045898,0.067935258150100708,0.076603531837463379,0.86663657426834106,0.20126420259475708,0.039018034934997559,0.086515069007873535,-0.20003479719161987,-0.0011497437953948975,2.5100879669189453
0.0021864958107471466,-0.024450510740280151,-0.11340737342834473,-0.2098049521446228,-0.053007513284683228,-0.024942561984062195,-0.6271740198135376,0.11410760879516602,0.020362630486488342,0.065533339977264404,-0.42319577932357788,0.1138954758644104,0.029656700789928436,0.04352271556854248,0.054244518280029297,0.78017997741699219,-0.027972117066383362,-0.057992279529571533,-0.20575273036956787,-0.82502377033233643,-0.072242945432662964,0.037069797515869141,-0.16580104827880859,-0.079462364315986633,1.4303832054138184
-0.012379005551338196,-0.00076791644096374512,-0.44367098808288574,0.42019170522689819,0.076555520296096802,-0.010194361209869385,0.83772283792495728,-0.019479215145111084,0.025282785296440125,0.099211394786834717,0.12671440839767456,0.021423220634460449,-0.026033453643321991,0.079333901405334473,-0.76134002208709717,0.49121087789535522,0.00030633807182312012,0.033405780792236328,0.40163418650627136,0.077845007181167603,0.030130324885249138,0.082657814025878906,-0.11587339639663696,-0.041947826743125916,1.4587634801864624
0.059689268469810486,-0.0037278532981872559,0.63506811857223511,-0.073731839656829834,-0.060382962226867676,-0.055820807814598083,-0.88349711894989014,-0.10392189025878906,0.013445913791656494,0.021528363227844238,-0.058008193969726562,-0.71813756227493286,-0.072874933481216431,0.038699865341186523,-0.70253932476043701,-0.24862134456634521,0.086714893579483032,-0.035767018795013428,1.0954428911209106,-0.15352186560630798,0.029007866978645325,-0.058537930250167847,-0.054697751998901367,-0.63653779029846191,1.9842303991317749
0.085241228342056274,0.055615246295928955,0.18378603458404541,0.46659040451049805,-0.051875948905944824,0.086624413728713989,-0.018470644950866699,0.83641242980957031,-0.066599994897842407,-0.090264469385147095,-0.43064242601394653,-0.82632201910018921,-0.08694535493850708,-0.047994911670684814,0.058564662933349609,-0.82472878694534302,0.08056601881980896,-0.018374919891357422,0.41012170910835266,-0.074303597211837769,-0.028687447309494019,0.0028443336486816406,-0.029125392436981201,-0.45880872011184692,1.7143552303314209
-0.0041055679321289062,-0.041481047868728638,-0.63708025217056274,-0.5663953423500061,-0.082068741321563721,-0.0026055425405502319,-0.059431493282318115,-0.42087727785110474,0.038045436143875122,0.001552879810333252,0.85508888959884644,0.67991840839385986,-0.083249330520629883,0.06604275107383728,0.28568238019943237,0.63556885719299316,0.094955265522003174,-0.024469196796417236,0.23615282773971558,-0.34267175197601318,-0.064974397420883179,-0.063934445381164551,-0.034510016441345215,-0.46878057718276978,1.7377160787582397
0.063368290662765503,0.035754561424255371,0.3524479866027832,0.21146731078624725,0.023916840553283691,0.075081303715705872,0.77148687839508057,0.3218037486076355,0.038989841938018799,-0.011807501316070557,0.12770909070968628,-0.21838703751564026,-0.027951717376708984,0.062672883272171021,0.58561891317367554,-0.073333606123924255,0.048997282981872559,-0.024790465831756592,-0.73101794719696045,-0.036744739860296249,-0.025277793407440186,0.016394466161727905,-0.043693006038665771,-0.16918003559112549,1.3667775392532349
0.012331724166870117,-0.081306934356689453,-0.50210261344909668,-0.71210116147994995,-0.014183461666107178,0.029877498745918274,0.27954584360122681,-0.28888541460037231,0.087148427963256836,-0.02800452709197998,0.40344220399856567,-0.094708606600761414,-0.06527554988861084,-0.079571664333343506,0.095557868480682373,-0.99428272247314453,-0.085326731204986572,0.00072884559631347656,-1.1534914970397949,0.088569201529026031,0.085336089134216309,0.063861727714538574,0.00033336877822875977,-0.097496181726455688,1.8664467334747314
-0.0055974721908569336,-0.097353667020797729,-0.069611281156539917,-0.11385631561279297,-0.033788621425628662,-0.041948504745960236,-5.5015087127685547e-05,-0.59486657381057739,0.01414036750793457,-0.047348320484161377,-0.25410783290863037,0.070881210267543793,0.039291262626647949,-0.081204444169998169,0.68468630313873291,-0.45967450737953186,-0.001274406909942627,-0.094777733087539673,0.070308089256286621,-0.47085791826248169,-0.094789981842041016,0.020229935646057129,-0.023235559463500977,-0.096260279417037964,1.1828742027282715
-0.062138378620147705,0.015305936336517334,-0.28048163652420044,0.8438725471496582,-0.019384860992431641,0.0021153837442398071,-0.0039164721965789795,0.63276475667953491,-0.070890128612518311,-0.041808128356933594,-0.8408852219581604,-0.36063408851623535,-0.061953961849212646,-0.082560330629348755,-0.51119518280029297,0.0389842689037323,0.067354321479797363,0.0065393447875976562,0.26376637816429138,0.19760286808013916,-0.017105519771575928,-0.015446364879608154,0.026245594024658203,-0.013815641403198242,1.558106541633606
0.012987732887268066,0.012418836355209351,0.38053196668624878,-0.082491174340248108,-0.0078688859939575195,-0.0098632872104644775,-0.087805300951004028,-0.27381017804145813,0.07430952787399292,0.064296901226043701,0.99302899837493896,0.50244426727294922,0.065590023994445801,0.079080849885940552,0.86665809154510498,1.6736224889755249,-0.055612087249755859,0.029853105545043945,-0.49690976738929749,0.020891517400741577,0.074043869972229004,-0.00041446089744567871,0.013092577457427979,-0.066166818141937256,2.3036973476409912
-0.057870566844940186,0.078136861324310303,-0.56396949291229248,0.74644947052001953,-0.029558897018432617,-0.046282954514026642,0.060823619365692139,-0.39048495888710022,-0.014337718486785889,0.08118593692779541,-0.16986262798309326,0.5308384895324707,-0.055421233177185059,0.044740386307239532,-0.87292098999023438,-0.15867459774017334,-0.068994760513305664,0.054077088832855225,-0.070735424757003784,0.43029248714447021,-0.056112051010131836,0.038451910018920898,0.0099780261516571045,0.10780572891235352,1.538754940032959
0.017906665802001953,0.040649980306625366,0.16392643749713898,0.29735609889030457,-0.019271492958068848,0.081998772919178009,-0.14993549883365631,0.68898099660873413,0.0040254592895507812,-0.034800678491592407,0.57239460945129395,-0.76073157787322998,0.036623060703277588,0.02830539271235466,0.44432979822158813,-0.39305278658866882,0.010920405387878418,-0.01616109162569046,0.62661176919937134,-0.44439154863357544,-0.0029610395431518555,0.083479344844818115,0.036638140678405762,0.20289641618728638,1.5884479284286499
0.045496463775634766,-0.038281157612800598,-0.068666048347949982,-0.23442190885543823,0.017968654632568359,0.092326104640960693,0.035507049411535263,0.39323034882545471,0.060773789882659912,0.033007651567459106,0.73741441965103149,0.64929825067520142,-0.048288166522979736,-0.07618221640586853,-0.68559491634368896,-1.1251635551452637,0.075522661209106445,0.031242221593856812,0.44278103113174438,-0.0368843674659729,0.082374930381774902,-0.078258603811264038,0.12374314665794373,-0.57524985074996948,1.8722958564758301
-0.039174437522888184,-0.022573515772819519,-0.46809166669845581,-0.25888478755950928,0.023935079574584961,0.084012798964977264,-0.27181583642959595,0.21240538358688354,-0.043193519115447998,0.027998477220535278,-0.6372905969619751,0.37390005588531494,-0.021459996700286865,-0.072807997465133667,-0.11825527250766754,-0.16559523344039917,-0.021736741065979004,0.074143581092357635,-0.55074357986450195,0.18336153030395508,-0.092354893684387207,0.0074465125799179077,0.070407770574092865,-0.27482450008392334,1.2010595798492432
-0.090046882629394531,0.076863527297973633,-0.44133788347244263,0.71814942359924316,-0.075945615768432617,-0.030055046081542969,-0.97009778022766113,-0.50542700290679932,-0.011269509792327881,-0.012813806533813477,0.07197234034538269,0.11974331736564636,0.0049369335174560547,-0.066042333841323853,0.1046423614025116,0.28841081261634827,-0.085183858871459961,0.0040514916181564331,-0.33376157283782959,-0.33225247263908386,-0.06191098690032959,0.062524586915969849,0.10865426063537598,-0.14730983972549438,1.5219682455062866
-0.076360523700714111,0.073408924043178558,-0.14622101187705994,0.39645329117774963,0.069669067859649658,-0.09875701367855072,1.1040786504745483,-0.26385021209716797,0.09099113941192627,0.080217152833938599,0.6103973388671875,0.82648700475692749,0.0041702985763549805,0.032881021499633789,-0.2651982307434082,0.74743986129760742,0.040402114391326904,0.03496849536895752,1.1548935174942017,0.36297184228897095,-0.093348503112792969,-0.058486819267272949,0.12690210342407227,-0.52354443073272705,2.2280449867248535
-0.073684871196746826,0.092529445886611938,0.25659358501434326,0.48221462965011597,0.04059445858001709,-0.019729554653167725,0.097849190235137939,0.29523739218711853,-0.037276506423950195,0.048447996377944946,-0.87537091970443726,-0.21602976322174072,-0.038493812084197998,0.069043636322021484,-0.083142966032028198,0.2916204035282135,-0.001191556453704834,0.044341564178466797,0.13784021139144897,0.20769095420837402,0.043120145797729492,0.033583849668502808,0.19147360324859619,-0.27779299020767212,1.2275766134262085
-0.065327465534210205,-0.037136301398277283,0.26704281568527222,-0.47780126333236694,-0.072692930698394775,-0.010466396808624268,-0.62826287746429443,-0.25420379638671875,-0.037433922290802002,0.03698885440826416,-0.37470418214797974,-0.37372308969497681,-0.028954029083251953,0.093547552824020386,0.35147583484649658,0.57972228527069092,-0.052816927433013916,0.033507466316223145,-0.32874473929405212,0.06768779456615448,-0.026806831359863281,0.023851394653320312,0.20284178853034973,-0.19773253798484802,1.3115342855453491
-0.037968337535858154,-0.051016584038734436,0.10029900074005127,-0.38607120513916016,0.032797157764434814,-0.056163191795349121,0.56506544351577759,0.018114373087882996,-0.05015641450881958,0.037152715027332306,-0.37603440880775452,-0.3341260552406311,0.057020843029022217,0.069130599498748779,0.98527365922927856,-0.32710519433021545,-0.02089238166809082,-0.083972334861755371,0.024454414844512939,-0.73231971263885498,-0.025417864322662354,0.047897577285766602,0.18689441680908203,-0.14282271265983582,1.5596117973327637
-0.00070309638977050781,0.077892422676086426,0.61014950275421143,0.7984919548034668,0.0068691372871398926,0.070502907037734985,0.14050799608230591,0.65843665599822998,0.044709384441375732,-0.083870641887187958,0.75825756788253784,-0.8008270263671875,0.079523652791976929,-0.014067947864532471,0.51177620887756348,-0.48477816581726074,-0.084080100059509277,0.020889252424240112,-0.46088743209838867,0.27253669500350952,0.087344944477081299,0.030306577682495117,0.19140475988388062,-0.27957755327224731,1.9027724266052246
-0.08634650707244873,0.098685964941978455,-0.081531226634979248,-0.041629709303379059,-0.035652279853820801,-0.061891078948974609,-0.2629544734954834,-0.85575282573699951,-0.050815999507904053,-0.10123927891254425,-0.4708525538444519,-0.26849633455276489,0.0358906090259552,-0.075358152389526367,-0.13740247488021851,-0.91377389430999756,-0.0057849287986755371,0.010235846042633057,0.30614393949508667,0.29379522800445557,-0.023586273193359375,-0.030939698219299316,0.21883231401443481,-0.35551643371582031,1.5347830057144165
-0.095166295766830444,-0.058461427688598633,0.068404078483581543,-0.80686271190643311,-0.057319343090057373,0.069996684789657593,-0.58346807956695557,1.008040189743042,-0.052501022815704346,0.00078047811985015869,-0.0047862529754638672,0.38381296396255493,-0.07827460765838623,-0.061769664287567139,-0.71511906385421753,-0.11146970093250275,-0.019701153039932251,-0.0606955885887146,0.15734803676605225,-0.52467048168182373,0.062783241271972656,-0.018885612487792969,0.22380650043487549,-0.30142554640769958,1.779369592666626
0.035585574805736542,-0.059455156326293945,1.0113003253936768,-0.11293205618858337,0.011247634887695312,0.043147861957550049,0.3943818211555481,0.013038307428359985,-0.087263762950897217,0.086952745914459229,-0.2072492241859436,0.54084718227386475,0.039457276463508606,-0.036419808864593506,0.75232523679733276,0.54212820529937744,-0.083281993865966797,-0.0097346305847167969,-0.49922260642051697,0.10000073909759521,0.01426348090171814,0.033403694629669189,0.22677063941955566,0.011276572942733765,1.6524306535720825
0.039341472089290619,0.019599318504333496,0.081938803195953369,0.40143871307373047,0.091621637344360352,0.069662824273109436,0.61438941955566406,0.62022674083709717,-0.080119699239730835,0.042214423418045044,0.26444506645202637,-0.14430594444274902,-0.0060246428474783897,-0.043290376663208008,0.09087294340133667,0.21949037909507751,0.01066453754901886,-0.07849651575088501,0.86315727233886719,-0.5497320294380188,-0.075701236724853516,-0.060520172119140625,0.23590511083602905,-0.13091760873794556,1.4960640668869019
-0.081574775278568268,-0.0046900510787963867,-0.53875142335891724,-0.30575662851333618,-0.052907764911651611,0.030593782663345337,-0.86927980184555054,0.026016473770141602,-0.00099918246269226074,-0.06338229775428772,0.49902117252349854,-1.0324579477310181,-0.078753598034381866,-0.02154695987701416,-0.8075219988822937,-0.13580536842346191,0.076752312481403351,0.072909682989120483,0.7062496542930603,0.68484508991241455,0.021017976105213165,0.074634015560150146,0.20098245143890381,0.01563948392868042,2.0426321029663086
-0.049359507858753204,0.041220694780349731,-0.19001060724258423,0.14123865962028503,-0.10123078525066376,-0.055970951914787292,-0.16687577962875366,-0.51725006103515625,0.0052902549505233765,-0.087982505559921265,0.43017101287841797,-0.098295390605926514,0.042470633983612061,-0.019326567649841309,0.81556427478790283,0.32804936170578003,-0.013151496648788452,-0.063212335109710693,-0.27204173803329468,-0.3190801739692688,-0.066752269864082336,0.083168745040893555,0.21483337879180908,-0.020824015140533447,1.2587008476257324
-0.06983599066734314,-0.043094485998153687,-0.13375568389892578,-0.39319178462028503,-0.075766921043395996,-0.099159561097621918,0.1580926775932312,-0.24683791399002075,-0.018969178199768066,0.005766063928604126,-0.39513158798217773,0.65645098686218262,-0.02721366286277771,-0.015711694955825806,-0.6429363489151001,0.31758707761764526,0.056900322437286377,0.06783178448677063,0.23002177476882935,0.38583934307098389,-0.0082363039255142212,-0.046603560447692871,0.22810655832290649,-0.16073715686798096,1.2934896945953369
0.029093384742736816,-0.096505671739578247,0.44120132923126221,-0.23462137579917908,-0.0022608698345720768,-0.033569671213626862,0.23633986711502075,0.70497763156890869,-0.0074397651478648186,-0.055736809968948364,-0.038661599159240723,-0.19819959998130798,0.02427065372467041,-0.012142658233642578,0.15907305479049683,-0.066542744636535645,0.056521236896514893,0.017412245273590088,0.43731361627578735,-0.48863250017166138,0.020179599523544312,0.046500802040100098,0.22402381896972656,0.0065097212791442871,1.1724151372909546
0.0053641200065612793,0.010464385151863098,-0.20509189367294312,0.44453325867652893,0.036103211343288422,-0.025357794016599655,0.053692519664764404,0.40063381195068359,-0.076364077627658844,-0.02060014009475708,-0.15569168329238892,0.24181321263313293,0.042814821004867554,-0.030110627412796021,0.22335582971572876,-0.42272338271141052,0.044482767581939697,-0.083342671394348145,-0.031508445739746094,-0.55563640594482422,0.051398396492004395,7.8320503234863281e-05,0.24874937534332275,-0.14040642976760864,1.0622245073318481
-0.00047785043716430664,0.092794537544250488,0.045136630535125732,0.79182612895965576,-0.071656785905361176,-0.015344157814979553,-0.54518717527389526,0.077793419361114502,-0.0086602568626403809,-0.004346698522567749,0.40048372745513916,-0.0023585259914398193,-0.058207541704177856,0.048410430550575256,-1.1488018035888672,0.15305650234222412,-0.0096960067749023438,0.030611202120780945,-0.27991339564323425,0.30255943536758423,0.021393358707427979,-0.046264946460723877,0.27950000762939453,-0.35563969612121582,1.6833897829055786
-0.052656292915344238,0.015070522204041481,-0.0615653395652771,-0.27963423728942871,0.0085451304912567139,0.025075331330299377,0.78266251087188721,0.16551965475082397,-0.006775975227355957,-0.082142740488052368,0.41858059167861938,-0.66034883260726929,0.0081886053085327148,-0.015982121229171753,0.18788519501686096,-0.66973990201950073,-0.086998462677001953,0.0011714249849319458,-0.2506273090839386,-0.32214647531509399,-0.046838700771331787,0.060001552104949951,0.27629375457763672,-0.048831582069396973,1.4444937705993652
0.049120306968688965,-0.082110732793807983,0.78231728076934814,-1.0762171745300293,0.078068524599075317,-0.019771486520767212,0.78392338752746582,-0.028686881065368652,0.035155504941940308,-0.10033765435218811,0.3619532585144043,-0.17074888944625854,0.071104288101196289,-0.082566797733306885,0.19012954831123352,-0.57584279775619507,0.022340834140777588,0.029943849891424179,0.53570020198822021,0.18333250284194946,-0.066840887069702148,0.045066356658935547,0.29792404174804688,0.008776545524597168,1.8356648683547974
-0.071219384670257568,-0.04761834442615509,-0.62094253301620483,-0.4221920371055603,-0.0088540315628051758,-0.054279118776321411,-0.39655694365501404,-0.40510958433151245,0.035672307014465332,-0.068607524037361145,0.21777820587158203,0.16116300225257874,0.033715724945068359,-0.090457923710346222,-0.60776412487030029,0.1033700704574585,-0.075512111186981201,0.017704084515571594,-0.31790021061897278,0.18770939111709595,-0.013498127460479736,-0.080112293362617493,0.36172014474868774,-0.089017033576965332,1.2852976322174072
-0.041019678115844727,0.028043985366821289,0.10783085227012634,0.37175130844116211,0.07479432225227356,-0.085425198078155518,0.66292482614517212,0.023105025291442871,-0.0017947554588317871,0.022555187344551086,-0.22229552268981934,1.0549063682556152,-0.030285149812698364,0.049543872475624084,-0.84008407592773438,0.70535427331924438,0.032963335514068604,-0.028653621673583984,0.78870362043380737,-0.34853637218475342,-0.026309549808502197,-0.092849433422088623,0.38192671537399292,-0.12436676025390625,1.9724781513214111
0.029325306415557861,0.04105772078037262,0.48351496458053589,-0.014134347438812256,-0.059597611427307129,-0.02788543701171875,-0.59113180637359619,0.26920562982559204,0.066410541534423828,0.012125268578529358,0.28959882259368896,-0.13452821969985962,-0.029925674200057983,0.054757118225097656,-0.26039046049118042,-0.11393678188323975,-0.052049875259399414,0.056369185447692871,-0.20855119824409485,0.26739120483398438,-0.077516913414001465,-0.01883784681558609,0.3596075177192688,-0.074700117111206055,1.0564616918563843
0.05852198600769043,-0.084196984767913818,0.61359286308288574,-1.2405695915222168,-0.065061777830123901,-0.013713479042053223,-0.05408785492181778,0.34521728754043579,0.08768993616104126,0.019331499934196472,0.3103085458278656,0.078179001808166504,-0.076452523469924927,0.075929373502731323,-0.19783951342105865,-0.2549978494644165,-0.041257977485656738,0.020859956741333008,0.17850911617279053,-0.10882300138473511,0.068498671054840088,-0.052984878420829773,0.3923858106136322,-0.083841919898986816,1.5789637565612793
0.080984950065612793,0.056628942489624023,0.48677939176559448,1.0958926677703857,0.026470988988876343,0.08920586109161377,0.27894067764282227,0.50814104080200195,-0.064667344093322754,0.022569179534912109,-1.372066855430603,0.18797749280929565,-0.06509774923324585,0.028970062732696533,0.31497651338577271,-0.34986865520477295,0.078939497470855713,-0.051634311676025391,1.0976042747497559,-0.24132692813873291,-0.088616311550140381,0.04954838752746582,0.38674992322921753,0.30245184898376465,2.3377115726470947
0.057786941528320312,0.033052176237106323,0.27139705419540405,-0.030341029167175293,0.0090647786855697632,-0.053271472454071045,-0.42441281676292419,-0.92436283826828003,0.010452091693878174,0.013428777456283569,0.024645745754241943,0.24057167768478394,-0.072870254516601562,-0.0056464076042175293,0.36873668432235718,-0.43344661593437195,0.023530006408691406,-0.053769767284393311,0.035975664854049683,0.041772067546844482,-0.056883633136749268,0.049031376838684082,0.37657785415649414,0.27766954898834229,1.3173810243606567
-0.03156965970993042,-0.085465550422668457,-0.37712478637695312,-0.79394948482513428,-0.031919702887535095,-0.044802486896514893,-0.38058963418006897,0.09258037805557251,-0.068748235702514648,0.039623618125915527,-0.78862261772155762,0.4510648250579834,0.036972999572753906,-0.016639173030853271,1.3420929908752441,-0.036963403224945068,-0.083984434604644775,0.015694856643676758,-0.47644501924514771,0.43712431192398071,0.050447165966033936,-0.018513083457946777,0.35406520962715149,0.22760748863220215,2.0441780090332031
0.018326878547668457,-0.012263476848602295,0.034304320812225342,0.22594624757766724,-0.031946949660778046,-0.041955292224884033,-0.40433210134506226,-0.18336698412895203,-0.10097354650497437,0.091799020767211914,-0.7080422043800354,0.82670390605926514,0.021948933601379395,0.073905646800994873,0.024358272552490234,0.83146578073501587,0.02392202615737915,0.057674288749694824,1.0435506105422974,0.47933387756347656,0.013442516326904297,0.08361506462097168,0.288686603307724,0.26853251457214355,1.9076532125473022
0.088336408138275146,-0.03822857141494751,0.43728405237197876,0.21053719520568848,-0.078824169933795929,0.046662867069244385,-0.4374200701713562,0.50222510099411011,-0.085680544376373291,-0.0483132004737854,-0.36135348677635193,-0.69107109308242798,0.064400464296340942,0.10557109117507935,-0.0040173232555389404,0.25865104794502258,-0.054685741662979126,0.060581684112548828,-0.0015583038330078125,0.16982108354568481,-0.036426007747650146,-0.05688631534576416,0.27297765016555786,-0.11303144693374634,1.2345700263977051
0.05971139669418335,-0.066826820373535156,-0.1137433648109436,-0.20997036993503571,0.08114190399646759,-0.039655029773712158,0.9872514009475708,-0.87721878290176392,-0.052973031997680664,0.016606509685516357,0.33290630578994751,0.57702744007110596,0.0094762891530990601,0.021005928516387939,-0.1315770149230957,-0.62274312973022461,0.06221887469291687,0.039538741111755371,1.0728423595428467,0.31611353158950806,-0.085448980331420898,0.055450916290283203,0.29191291332244873,0.14866906404495239,2.0109593868255615
0.087335020303726196,-0.094779551029205322,0.30528467893600464,-0.42637535929679871,0.10638485848903656,-0.083261668682098389,0.57406795024871826,-0.71683794260025024,0.030227005481719971,-0.053661584854125977,0.75282967090606689,-0.36151382327079773,-0.061775833368301392,-0.0578346848487854,-0.43441909551620483,-0.43951910734176636,0.097013905644416809,-0.014410018920898438,0.1823955774307251,-0.075535126030445099,-0.073861822485923767,0.0068571567535400391,0.27083206176757812,0.075038641691207886,1.5416350364685059
0.070334732532501221,-0.06447213888168335,-0.27239656448364258,0.31823033094406128,0.022689387202262878,-0.099928021430969238,-0.64806807041168213,-0.57003921270370483,-0.065990418195724487,0.033952474594116211,-0.28876292705535889,0.82016837596893311,-0.074965909123420715,-0.011431694030761719,-0.45259475708007812,0.50132852792739868,-0.076000019907951355,-0.081948757171630859,-1.6191190481185913,-0.44898262619972229,0.019678056240081787,-0.0071407556533813477,0.25315761566162109,0.031300127506256104,2.2504737377166748
0.049187749624252319,-0.068977236747741699,-0.16799157857894897,0.27978023886680603,-0.008647620677947998,-0.030527472496032715,-0.79030424356460571,0.15816998481750488,-0.08912011981010437,0.067671418190002441,-0.54359710216522217,0.79638689756393433,-0.030461333692073822,0.031514525413513184,0.55945324897766113,0.38987672328948975,-0.060286805033683777,0.04858863353729248,-0.54621255397796631,0.41881921887397766,0.089715033769607544,0.054954290390014648,0.19487291574478149,0.087139308452606201,1.6461578607559204
0.033654920756816864,-0.078138113021850586,-0.36615556478500366,0.058805450797080994,-0.078400373458862305,0.082836568355560303,-1.0523122549057007,1.0945038795471191,0.014892563223838806,0.073578119277954102,0.52448141574859619,0.53734815120697021,0.019195251166820526,0.080509305000305176,0.58220106363296509,0.43574386835098267,-0.091631561517715454,0.00029265880584716797,-0.33921825885772705,0.15676183998584747,0.00084958970546722412,0.027004361152648926,0.1528969407081604,0.016281545162200928,1.9340699911117554
0.057583607733249664,-0.079493403434753418,0.1447167694568634,0.0041818022727966309,0.013139635324478149,0.084049105644226074,0.76101279258728027,0.060937985777854919,0.014035493135452271,-0.03712153434753418,0.50446474552154541,-0.36004638671875,0.082439020276069641,0.081609606742858887,0.64329195022583008,0.034560114145278931,-0.0081352889537811279,-0.0020387172698974609,0.25398218631744385,-0.19230395555496216,0.062168091535568237,-0.012410283088684082,0.13205534219741821,-0.00055050849914550781,1.2481470108032227
0.083414465188980103,0.033848881721496582,-0.16944354772567749,1.116584300994873,0.093118816614151001,-0.00021260976791381836,0.79194533824920654,-0.51255333423614502,-0.067134946584701538,0.042782902717590332,-0.26996782422065735,0.66104757785797119,-0.042022496461868286,-0.061757862567901611,-0.7242470383644104,-1.0958261489868164,-0.014119267463684082,-0.053316593170166016,-0.13674241304397583,-0.71449488401412964,-0.049520999193191528,-0.02735435962677002,0.078384518623352051,0.05823218822479248,2.2303061485290527
-0.00094389915466308594,-0.018200159072875977,-0.45584288239479065,0.11037260293960571,0.019265025854110718,-0.0084804892539978027,-0.70155572891235352,-0.43315201997756958,-0.070476844906806946,0.046514630317687988,-0.055629491806030273,-0.12591615319252014,0.077122479677200317,0.044321298599243164,0.44570183753967285,0.36756402254104614,-0.054586708545684814,-0.011442005634307861,-0.4268803596496582,-0.2172514796257019,-0.077577948570251465,-0.027318954467773438,0.1243700385093689,0.034074068069458008,1.2345955371856689
-0.03116077184677124,0.041964292526245117,-0.53715550899505615,0.13175672292709351,0.061789810657501221,-0.02640068531036377,0.26896205544471741,-0.15897136926651001,-0.064698770642280579,-0.036435246467590332,-0.27692896127700806,-0.94667327404022217,-0.067458391189575195,0.084411919116973877,-1.2035677433013916,0.64969176054000854,-0.0084306597709655762,0.052839100360870361,0.48983851075172424,0.62880456447601318,-0.026790976524353027,0.021308779716491699,0.15991193056106567,0.22141218185424805,1.9963632822036743
-0.054818511009216309,0.033354818820953369,0.0069529712200164795,-0.17549175024032593,-0.071106553077697754,0.058374285697937012,-0.96104085445404053,0.55532580614089966,0.048816785216331482,0.0033689141273498535,0.95320308208465576,0.18265402317047119,0.008448183536529541,0.035094022750854492,-0.011572808027267456,-0.47658652067184448,-0.078531742095947266,0.026055514812469482,-0.41528800129890442,0.26493602991104126,0.036348879337310791,0.037858963012695312,0.11310291290283203,0.13012033700942993,1.6523672342300415
-0.074979305267333984,-0.037366747856140137,-0.34632274508476257,-0.48794639110565186,-0.040001988410949707,-0.0059496760368347168,-0.14014054834842682,-0.28592535853385925,0.022599518299102783,-0.052925467491149902,-0.11217062175273895,-0.17215704917907715,0.077676892280578613,0.012061774730682373,0.60691612958908081,-0.08182138204574585,-0.064478754997253418,0.073520421981811523,-0.072376802563667297,0.30592870712280273,-0.041286826133728027,0.05446237325668335,0.097872555255889893,0.061697661876678467,1.0105843544006348
-0.079251796007156372,-0.014927029609680176,-0.0030591636896133423,0.025677084922790527,-0.025584280490875244,0.041711956262588501,-0.053556621074676514,0.33259260654449463,-0.051994502544403076,0.051934957504272461,-0.75525689125061035,0.95483291149139404,-0.056330204010009766,0.035819530487060547,-1.151392936706543,-0.062491357326507568,0.031161069869995117,-0.0004202723503112793,0.40120750665664673,-0.43597376346588135,-0.098034977912902832,0.029608547687530518,0.15979434549808502,-0.069205343723297119,1.8268723487854004
0.064778625965118408,-0.046115145087242126,0.96319210529327393,-0.065897226333618164,-0.077586054801940918,-0.053261786699295044,-0.51031786203384399,-0.35608163475990295,-0.013636261224746704,-0.054580926895141602,0.41399633884429932,-0.33299458026885986,-3.337860107421875e-06,0.047340989112854004,0.14982464909553528,0.032144606113433838,0.083680152893066406,-0.054871931672096252,0.13495740294456482,-0.76747977733612061,-0.036121249198913574,0.074181795120239258,0.16446010768413544,0.086897611618041992,1.5179928541183472
0.0993976891040802,0.036374941468238831,0.2056678831577301,0.26899194717407227,0.0025248527526855469,0.055488526821136475,0.24331054091453552,0.96495801210403442,-0.076019108295440674,0.033514678478240967,-0.60283493995666504,0.83507883548736572,0.065732359886169434,-0.040460094809532166,0.87184727191925049,-0.37724542617797852,0.013012886047363281,0.07253660261631012,-0.73032557964324951,0.42726141214370728,-0.013289988040924072,0.086748987436294556,0.17423683404922485,0.14996957778930664,1.9690752029418945
0.082518577575683594,0.012841425836086273,0.22065919637680054,-0.22798848152160645,-0.015534818172454834,-0.066928863525390625,0.053538978099822998,-0.85506874322891235,0.019222915172576904,-0.073251545429229736,0.29965341091156006,-0.86011028289794922,0.11239320039749146,-0.080108225345611572,0.30256396532058716,-0.54558956623077393,-0.078532695770263672,-0.01665128767490387,-0.64241456985473633,-0.67261695861816406,0.02715224027633667,-0.011209189891815186,0.1554931104183197,-0.095755457878112793,1.7308142185211182
0.038763105869293213,0.039412811398506165,-0.50241398811340332,-0.010704398155212402,0.018941342830657959,0.0057003796100616455,0.35420906543731689,0.79177457094192505,-0.066253006458282471,-0.086810648441314697,-0.78163480758666992,-0.42799627780914307,0.072141110897064209,0.067738145589828491,-0.44458305835723877,0.7403486967086792,0.019423246383666992,-0.011351317167282104,0.61515957117080688,-0.40048480033874512,-0.004680335521697998,0.023004397749900818,0.0862293541431427,0.12850511074066162,1.7702516317367554
-0.047445535659790039,0.066036909818649292,-0.46420854330062866,0.054679453372955322,0.064878642559051514,-0.073321864008903503,0.57009637355804443,-0.37936663627624512,-0.01569211483001709,-0.009451746940612793,0.17638802528381348,0.21292650699615479,-0.081137597560882568,0.00066953897476196289,-1.2315037250518799,-0.092906951904296875,-0.079418778419494629,-0.054768621921539307,-0.41407611966133118,-0.40269839763641357,-0.020239889621734619,0.029321737587451935,0.072107970714569092,0.050714373588562012,1.6322320699691772
0.075072675943374634,0.053517669439315796,0.56392449140548706,0.3160550594329834,-0.060542255640029907,-0.041672199964523315,-0.51864057779312134,0.20248234272003174,0.081362456083297729,0.071455731987953186,0.46733176708221436,1.0377049446105957,0.027918696403503418,0.051158219575881958,0.578471839427948,0.16616708040237427,-0.039525985717773438,0.041048407554626465,-0.017669379711151123,0.39132848381996155,-0.067797660827636719,0.03718789666891098,0.0407257080078125,0.12825149297714233,1.610952615737915
0.012137919664382935,-0.0003413856029510498,-0.00051024556159973145,0.014981448650360107,0.003019183874130249,-0.066073611378669739,0.29884588718414307,0.28311178088188171,0.0063101351261138916,-0.06417413055896759,-0.629413902759552,-1.2944818735122681,-0.051514685153961182,0.043712079524993896,-0.11735939979553223,-0.25986701250076294,-0.093672275543212891,-0.010850787162780762,-0.16132766008377075,-0.13315868377685547,0.068604171276092529,-0.077181905508041382,0.057887077331542969,0.032296240329742432,1.5504155158996582
0.051324844360351562,0.03385239839553833,-0.036888062953948975,-0.063090682029724121,-0.056404441595077515,-0.018030678853392601,-0.34319230914115906,0.37899976968765259,-0.019051939249038696,-0.09394410252571106,-0.54127299785614014,-0.65831148624420166,0.031457960605621338,0.047603726387023926,1.0643031597137451,-0.07688593864440918,-0.038716137409210205,0.00080561637878417969,0.76494765281677246,0.3882860541343689,-0.0010192394256591797,-0.0093436241149902344,-0.0096167325973510742,0.099252521991729736,1.7026271820068359
0.012038171291351318,-0.018467426300048828,-0.45703855156898499,-0.1918485164642334,-0.064695581793785095,0.084016740322113037,-0.38138046860694885,0.58360874652862549,-0.023750275373458862,-0.094576865434646606,0.079373002052307129,0.14696168899536133,-0.055023431777954102,0.0047574043273925781,-0.20334792137145996,-0.050654947757720947,-0.047311872243881226,-0.033453404903411865,-0.042993307113647461,0.07840198278427124,0.014251887798309326,0.052321135997772217,-0.028083324432373047,0.18173819780349731,0.93592453002929688
0.05390041321516037,0.037808775901794434,0.35231477022171021,0.11739659309387207,-0.0073309987783432007,0.02369188517332077,-0.012300491333007812,-0.2069527804851532,0.07482302188873291,0.0310935378074646,0.84361445903778076,1.0908219814300537,-0.026450544595718384,-0.028086006641387939,0.53141915798187256,-0.24334293603897095,0.056084573268890381,-0.041240155696868896,0.7483745813369751,-0.16897857189178467,0.077644705772399902,-0.044986248016357422,-0.025915980339050293,0.034340262413024902,1.7436913251876831
0.012637220323085785,-0.007835090160369873,-0.43529772758483887,-0.4209180474281311,-0.027714058756828308,-0.010446712374687195,-0.29312825202941895,-0.056816458702087402,0.090964265167713165,0.041008353233337402,0.32076680660247803,0.33874058723449707,-0.0030061006546020508,-0.084056258201599121,0.4041215181350708,-0.19200095534324646,-0.032254181802272797,-0.076386094093322754,-0.64828026294708252,-0.24868127703666687,0.041208952665328979,0.080563902854919434,-0.096441864967346191,0.40123832225799561,1.2486870288848877
-0.040676236152648926,-0.085498690605163574,-0.67031991481781006,-0.3819500207901001,-0.057094119489192963,-0.021975129842758179,-0.34176665544509888,-0.43007263541221619,-0.0630473792552948,-0.0042322874069213867,-1.0551682710647583,-0.3204575777053833,0.056131079792976379,-0.01802438497543335,0.84211218357086182,0.59928923845291138,-0.075907006859779358,-0.037576258182525635,-0.61823046207427979,0.28309503197669983,0.056249022483825684,-0.063063442707061768,-0.058829307556152344,0.23176941275596619,1.9327119588851929
-0.034981407225131989,-0.04524075984954834,0.05959850549697876,0.14592476189136505,0.0086915940046310425,-0.024645358324050903,0.40867054462432861,0.27338507771492004,0.036059468984603882,-0.070869684219360352,0.9094386100769043,-0.67909950017929077,0.044991493225097656,-0.045477569103240967,-0.20366436243057251,0.25294700264930725,-0.095792472362518311,0.017387092113494873,-0.036112308502197266,0.60983365774154663,-0.037586227059364319,-0.029943287372589111,-0.059123516082763672,0.20444095134735107,1.4508490562438965
0.0065381526947021484,-0.014873147010803223,0.40183782577514648,-0.025727003812789917,0.071354091167449951,-0.057655960321426392,0.64074039459228516,-0.10790912061929703,0.079157352447509766,-0.065651416778564453,0.25928580760955811,-0.15103894472122192,0.023243516683578491,0.056635499000549316,-0.23653584718704224,1.0588046312332153,-0.080759614706039429,0.0042874813079833984,-0.14314031600952148,0.022071719169616699,-0.058093726634979248,0.074297785758972168,-0.049727797508239746,0.46121972799301147,1.4580802917480469
-0.050262421369552612,-0.017258405685424805,-0.10699015855789185,0.29248467087745667,-0.061425596475601196,0.076727986335754395,-1.169676661491394,0.57733833789825439,0.056698203086853027,0.016004621982574463,-0.28471451997756958,0.35946375131607056,0.011694908142089844,0.078129589557647705,-0.3954242467880249,0.68117177486419678,-0.0058006048202514648,0.031126499176025391,0.73611152172088623,-0.033288061618804932,0.048417598009109497,0.098412513732910156,-0.09373176097869873,0.43607246875762939,1.8455976247787476
0.089586496353149414,0.047238528728485107,0.63477343320846558,0.63533079624176025,0.022321969270706177,-0.0045006275177001953,0.075395524501800537,-0.53949904441833496,0.011587202548980713,-0.0070747137069702148,-0.38056528568267822,0.27169281244277954,-0.091710567474365234,0.02410048246383667,-0.8834766149520874,-0.55744647979736328,0.03640139102935791,-0.011113643646240234,0.44725656509399414,-0.39210280776023865,-0.016861677169799805,0.044826924800872803,-0.110481858253479,0.25228697061538696,1.6930986642837524
0.073649287223815918,0.0020990371704101562,-0.21714207530021667,-0.12570428848266602,0.028171896934509277,-0.094226837158203125,-0.023584306240081787,-0.7956775426864624,0.044752776622772217,-0.062896490097045898,0.21446901559829712,-0.30847766995429993,0.013407409191131592,0.040630340576171875,0.38507950305938721,0.23821431398391724,0.031413793563842773,0.045828044414520264,-0.036823511123657227,0.15676605701446533,-0.07095789909362793,0.030784249305725098,-0.080076694488525391,0.12954112887382507,1.0601339340209961
0.058952867984771729,0.052713334560394287,-0.074523270130157471,0.19448110461235046,0.048162221908569336,-0.017522618174552917,0.23873007297515869,0.23865890502929688,-0.059396266937255859,-0.016725361347198486,-0.58979016542434692,0.63002246618270874,-0.026740431785583496,-0.068290233612060547,-0.13516801595687866,-0.9311022162437439,0.078365802764892578,0.095783740282058716,0.71483433246612549,0.27212542295455933,0.045801043510437012,0.080152273178100586,-0.030476927757263184,0.18218895792961121,1.5647352933883667
0.035036623477935791,0.0074616074562072754,-0.27655261754989624,-0.68188047409057617,-0.00036758184432983398,-0.068274393677711487,-0.68153762817382812,-0.15904152393341064,0.047672033309936523,0.079016625881195068,0.7167658805847168,0.77416390180587769,-0.05573958158493042,0.0059995055198669434,0.040002107620239258,0.35095804929733276,-0.060909748077392578,-0.061457961797714233,-0.98838615417480469,-0.81618142127990723,0.077286958694458008,0.088108718395233154,-0.0052859783172607422,0.14432263374328613,1.9929447174072266
0.058669388294219971,-0.033003568649291992,0.13404552638530731,-0.42654305696487427,-0.081208646297454834,0.059527426958084106,-1.1596472263336182,0.95697379112243652,-0.061134099960327148,-0.047519803047180176,-0.93338656425476074,-1.0983493328094482,0.03888094425201416,-0.041411399841308594,0.95073223114013672,-0.63036882877349854,-0.093617796897888184,0.011332958936691284,-0.49680814146995544,-0.0095200538635253906,-0.048126220703125,-0.019125044345855713,-0.052047193050384521,-0.0063650012016296387,2.4747626781463623
0.028370380401611328,0.012167513370513916,0.1801183670759201,0.24415230751037598,-0.036762058734893799,-0.0013162493705749512,-0.24478456377983093,-0.16221442818641663,0.030405759811401367,0.043808162212371826,0.74603867530822754,0.69314169883728027,0.043480992317199707,0.010976091027259827,-0.021768540143966675,0.21369475126266479,0.0034396648406982422,0.036415223032236099,0.93237602710723877,0.53971028327941895,-0.051468729972839355,0.001690983772277832,-0.01190793514251709,-0.0022654533386230469,1.5599212646484375
0.053000271320343018,-0.010731160640716553,0.27180922031402588,-0.4687422513961792,0.047303617000579834,0.055391952395439148,0.76353359222412109,0.81283020973205566,0.071594357490539551,0.042045354843139648,0.74932515621185303,0.31394112110137939,-0.04063868522644043,-0.065018177032470703,-0.88958740234375,-0.65784847736358643,-0.028447866439819336,0.059707045555114746,0.17156858742237091,0.073154807090759277,0.049348235130310059,-0.079962462186813354,0.049913942813873291,-0.25444501638412476,1.8861814737319946
0.041912674903869629,0.060459554195404053,0.28658497333526611,0.21761614084243774,0.087961375713348389,0.023174792528152466,0.20790225267410278,-0.043100327253341675,0.086960196495056152,0.017377704381942749,-0.010610878467559814,-0.49759697914123535,-0.076574087142944336,0.0072141438722610474,-0.40577703714370728,0.65299367904663086,0.03165733814239502,-0.046555787324905396,0.65017819404602051,-0.58747237920761108,0.090297460556030273,0.056098371744155884,0.037950500845909119,0.032153427600860596,1.3511497974395752
0.077966451644897461,-0.062919110059738159,0.17893782258033752,-0.47336238622665405,-0.0083991885185241699,0.063555270433425903,-0.98396289348602295,0.0065055489540100098,-0.025153398513793945,-0.004864037036895752,-0.60839849710464478,-0.26337814331054688,-0.030814528465270996,0.016454964876174927,0.54748046398162842,0.17934823036193848,0.096467018127441406,-0.068424850702285767,0.32952696084976196,-0.5984007716178894,0.021756291389465332,-0.050370626151561737,0.026399806141853333,-0.20375919342041016,1.5929977893829346
-0.03124392032623291,0.043326131999492645,-0.74477744102478027,0.8466460108757019,-0.067112505435943604,0.078568726778030396,-0.70963990688323975,0.15540388226509094,0.076666593551635742,0.030288241803646088,0.59868866205215454,0.15812098979949951,0.084954977035522461,0.086396872997283936,1.0838592052459717,0.45977115631103516,-0.059023499488830566,0.0044513344764709473,-1.4936984777450562,-0.01393592357635498,0.090988755226135254,0.08051009476184845,0.037942185997962952,0.052324652671813965,2.4202461242675781
-0.027604222297668457,0.0042479857802391052,-0.22095781564712524,-0.48640775680541992,-0.038376390933990479,0.047863602638244629,0.28114822506904602,-0.31251665949821472,0.087560057640075684,0.014552924782037735,-0.016286075115203857,0.067621231079101562,-0.0063853263854980469,0.036633431911468506,-0.053359657526016235,-0.36823868751525879,0.037596464157104492,0.082315027713775635,0.7009623646736145,0.72415685653686523,0.052563071250915527,-0.021058171987533569,0.0055415332317352295,-0.43620431423187256,1.3552371263504028
-0.096171021461486816,0.0046645402908325195,-0.2003631591796875,-0.35940447449684143,-0.016600310802459717,0.070798367261886597,0.34418007731437683,0.073454961180686951,0.082287430763244629,-0.03027188777923584,0.296894371509552,-0.028450369834899902,-0.044593930244445801,0.054770231246948242,-0.1482645571231842,0.095631659030914307,0.051618814468383789,-0.0057379007339477539,0.55632317066192627,-0.44127565622329712,-0.058350443840026855,0.022194623947143555,0.031108677387237549,-0.22093701362609863,1.0005428791046143
-0.024984657764434814,0.057172685861587524,0.25535005331039429,0.369698166847229,-0.049548447132110596,-0.044211268424987793,-0.19613297283649445,-1.0558500289916992,0.095431685447692871,-0.065021395683288574,0.10873538255691528,-0.41353243589401245,0.088821768760681152,0.059734106063842773,0.95631194114685059,0.46963632106781006,-0.013220310211181641,-0.01128995418548584,-0.41409897804260254,-0.50750172138214111,0.056392908096313477,-0.0094501972198486328,0.10264289379119873,-0.19206035137176514,1.7849977016448975
0.0078932642936706543,0.062607675790786743,0.166362464427948,-0.015470683574676514,-0.092625975608825684,0.00971221923828125,-0.43359914422035217,-0.1890910267829895,-0.064761877059936523,-0.094322621822357178,-0.90760922431945801,-0.29396149516105652,0.042863845825195312,0.066050410270690918,-0.13616460561752319,0.05734717845916748,-0.081469953060150146,-0.028792738914489746,-0.60871565341949463,-0.50019019842147827,-0.022001385688781738,-0.077385663986206055,0.1057898998260498,-0.22993764281272888,1.3836005926132202
-0.02608257532119751,-0.002872169017791748,0.12169772386550903,-0.62383753061294556,-0.059883475303649902,0.087858915328979492,-0.1788608729839325,0.30249300599098206,0.023181438446044922,-0.0091650485992431641,0.033192992210388184,0.89789092540740967,0.033845067024230957,-0.059652984142303467,0.11682355403900146,-1.0653328895568848,0.00063985586166381836,0.060489058494567871,0.16701805591583252,0.26158761978149414,-0.098401963710784912,-0.064194679260253906,0.089901328086853027,-0.11117416620254517,1.6232424974441528
-0.070319086313247681,-0.018359661102294922,-0.26213288307189941,0.061744421720504761,0.074501276016235352,-0.041481733322143555,1.1648027896881104,-1.1679573059082031,-0.089817225933074951,0.066727161407470703,-0.7576298713684082,0.4677979052066803,-0.022261321544647217,-0.08641350269317627,-0.13344323635101318,-0.44604682922363281,-0.02846863865852356,-0.037723183631896973,-0.089861154556274414,-0.47418200969696045,0.08755183219909668,0.065360367298126221,0.12778162956237793,0.13595247268676758,2.02927565574646
-0.096097007393836975,-0.00020903348922729492,0.075198531150817871,-0.18226562440395355,-0.0071485638618469238,0.029025793075561523,-0.44957590103149414,0.076317988336086273,-0.048730790615081787,-0.0094438791275024414,-0.038140177726745605,-0.64271539449691772,0.036448657512664795,0.055638313293457031,0.66788339614868164,1.2822029590606689,0.058459222316741943,0.030064105987548828,0.85430431365966797,0.5047607421875,0.026896119117736816,-0.043498516082763672,0.15538787841796875,-0.19655103981494904,1.9552029371261597
-0.045511946082115173,0.036041557788848877,0.72316592931747437,0.62244445085525513,-0.07125428318977356,0.068079650402069092,-0.50525283813476562,-0.041538417339324951,0.02254098653793335,0.040082454681396484,0.51780879497528076,0.6226116418838501,-0.074323475360870361,0.015787124633789062,-0.48258554935455322,0.093433946371078491,-0.06073746457695961,0.075682520866394043,-0.92328524589538574,0.38593888282775879,0.088183879852294922,0.02059781551361084,0.09995877742767334,0.10925630480051041,1.7682541608810425
-0.048095207661390305,-0.068738818168640137,-0.12611234188079834,-0.5621412992477417,-0.015324890613555908,0.043659448623657227,0.014389723539352417,0.16057337820529938,0.061998844146728516,0.013219356536865234,0.65952026844024658,-0.21577031910419464,-0.017267495393753052,-0.026929140090942383,0.093702197074890137,-0.033054649829864502,-0.054659232497215271,-0.011997222900390625,0.14254939556121826,-0.22109106183052063,-0.088053107261657715,-0.086459636688232422,0.043697953224182129,0.098959669470787048,0.98121351003646851
-0.010046035051345825,0.010187685489654541,0.012846827507019043,0.43800559639930725,0.082632213830947876,0.024397730827331543,1.1997795104980469,-0.31748268008232117,0.0038412213325500488,0.064862847328186035,-0.34873056411743164,0.57525765895843506,0.03631591796875,-0.089943170547485352,0.74481296539306641,-0.12734079360961914,-0.043046623468399048,0.02823173999786377,0.12235498428344727,0.21890360116958618,-0.077925652265548706,-0.031395435333251953,0.039001822471618652,0.16679134964942932,1.6967538595199585
0.035248309373855591,-0.063360750675201416,0.54610139131546021,-0.35406970977783203,0.10823053121566772,-0.006061166524887085,0.47627869248390198,-0.53970605134963989,0.022839933633804321,-0.028621137142181396,-0.15286922454833984,-0.25231331586837769,0.005064796656370163,-0.024261236190795898,-0.068857908248901367,0.2906394898891449,0.054598033428192139,0.093797087669372559,0.83630001544952393,0.40554767847061157,-0.079519271850585938,-0.054384350776672363,0.06686556339263916,0.18173223733901978,1.4350425004959106
0.047853767871856689,-0.038294017314910889,0.11083066463470459,0.32766520977020264,0.056107044219970703,-0.037742018699645996,-0.58051252365112305,-0.1421043872833252,0.053459435701370239,-0.082301676273345947,0.24621081352233887,-0.17189085483551025,0.07144659012556076,0.059955239295959473,0.49291455745697021,0.92325752973556519,-0.010049283504486084,0.00011909008026123047,-0.18207192420959473,-0.60440045595169067,0.081431254744529724,-0.042329311370849609,0.061620116233825684,0.1793210506439209,1.4601227045059204
-0.030362486839294434,0.083315849304199219,-0.49406266212463379,1.3237159252166748,0.084304511547088623,-0.08564642071723938,0.026220321655273438,-0.67177963256835938,0.011474102735519409,-0.049955606460571289,-0.38765597343444824,-0.0088605284690856934,-0.078250408172607422,0.023074746131896973,-0.83112442493438721,0.20573943853378296,-0.063281655311584473,-0.031761288642883301,-0.048483610153198242,-0.26415407657623291,-0.020277559757232666,-0.078268349170684814,0.059759616851806641,0.13630181550979614,1.8625696897506714
0.013550639152526855,-0.056344330310821533,0.13287162780761719,-0.34113925695419312,-0.05550316721200943,-0.073580414056777954,-1.2545096874237061,-0.49858349561691284,0.069747447967529297,0.041582405567169189,0.32085984945297241,0.59323388338088989,0.023389905691146851,0.033395886421203613,0.26594287157058716,0.36613959074020386,-0.058577775955200195,-0.011226534843444824,0.26705735921859741,0.12282043695449829,0.04790341854095459,0.021295726299285889,0.037740230560302734,0.18634295463562012,1.6628408432006836
0.060814976692199707,0.052133023738861084,0.023737430572509766,0.59679144620895386,-0.01464487612247467,-0.037873700261116028,-0.16162291169166565,0.43963867425918579,-0.062680184841156006,0.03995358943939209,-1.0163031816482544,-0.064155459403991699,-0.013274729251861572,-0.030862510204315186,-0.025833368301391602,-0.40655386447906494,-0.06086122989654541,0.063850164413452148,-0.018920004367828369,0.28383433818817139,0.062562286853790283,0.052837789058685303,-0.015593349933624268,0.17122125625610352,1.3851912021636963
-0.01348114013671875,0.043231785297393799,-0.30448818206787109,0.21994835138320923,-0.050171062350273132,0.040975570678710938,-0.064889848232269287,0.30820536613464355,0.001933753490447998,-0.015883803367614746,0.15867936611175537,-0.192840576171875,0.056455790996551514,0.030080914497375488,0.41310843825340271,0.30605053901672363,-0.056558370590209961,0.071367383003234863,-0.088926911354064941,0.15599274635314941,-0.089377939701080322,0.03674742579460144,-0.10318565368652344,0.17100250720977783,0.81690913438796997
-0.092086911201477051,0.046189725399017334,-0.55338114500045776,0.36235266923904419,-0.030839070677757263,-0.01222793385386467,0.39897558093070984,0.012007415294647217,-0.086319327354431152,0.069591283798217773,-0.56039857864379883,0.86001741886138916,-0.019043684005737305,0.065434545278549194,-0.81430590152740479,0.46996283531188965,0.0073362588882446289,0.071574658155441284,0.23632428050041199,0.096877217292785645,0.087582528591156006,-0.068666756153106689,-0.022707939147949219,-0.041482806205749512,1.6273220777511597
-0.048005819320678711,0.097324192523956299,-0.10173988342285156,0.52505505084991455,0.057590626180171967,-0.010929714888334274,1.0552425384521484,0.17189162969589233,-0.056228876113891602,0.059401124715805054,0.32505741715431213,0.31904518604278564,-0.071434497833251953,-0.034773603081703186,-0.52552992105484009,-0.52363264560699463,0.027870655059814453,-0.033169925212860107,0.23161947727203369,-0.74447476863861084,0.029000520706176758,0.059816852211952209,-0.025784224271774292,0.38559615612030029,1.7258890867233276
-0.073984861373901367,-0.037215568125247955,-0.10809087753295898,-0.77953195571899414,-0.051369383931159973,-0.0014903247356414795,-0.80769926309585571,-0.061718881130218506,0.037716329097747803,0.044185604900121689,0.89329993724822998,-0.068231463432312012,0.0048060417175292969,0.072091750800609589,0.14446504414081573,0.72947883605957031,0.031974673271179199,-0.067925065755844116,-0.30641859769821167,-0.38357293605804443,0.029910683631896973,-0.0055613331496715546,-0.077510431408882141,0.34270238876342773,1.7379071712493896
-0.001822352409362793,0.004867061972618103,0.25265055894851685,0.46844249963760376,-0.051326051354408264,0.017903745174407959,-0.11413094401359558,0.032512366771697998,0.08542335033416748,-0.06830240786075592,0.26493343710899353,-0.61697602272033691,0.031832218170166016,0.096985369920730591,-0.018984097987413406,0.34357523918151855,0.028410553932189941,0.080175131559371948,-0.047944396734237671,0.96103042364120483,-0.090314745903015137,-0.034327015280723572,-0.10630121827125549,0.24715495109558105,1.380871057510376
0.028491377830505371,-0.0043373405933380127,0.61772322654724121,-0.21108978986740112,0.049181282520294189,-0.023305386304855347,1.1150052547454834,-0.58729499578475952,0.041207551956176758,-0.065742224454879761,-0.21502965688705444,-0.071957826614379883,-0.017655253410339355,-0.010699093341827393,-0.26644653081893921,-0.77279984951019287,-0.077593564987182617,-0.021252930164337158,-0.61244809627532959,-0.34666788578033447,0.030830025672912598,0.015142202377319336,-0.1090327650308609,0.33703339099884033,1.8364542722702026
-0.036627650260925293,-0.0070092678070068359,-0.23284566402435303,-1.9788742065429688e-05,0.023620903491973877,0.053199350833892822,-0.23789404332637787,0.43644934892654419,0.086910247802734375,-0.092860877513885498,0.38603538274765015,-0.019872784614562988,-0.069835901260375977,-0.06086200475692749,-0.67155635356903076,-0.76904237270355225,0.077312469482421875,-0.052093505859375,0.9140857458114624,-0.37745678424835205,0.070906937122344971,0.028082191944122314,-0.083635538816452026,0.20171821117401123,1.6009018421173096
-0.083092093467712402,-0.0095486044883728027,-0.45174461603164673,0.34701931476593018,0.079343385994434357,0.0037436485290527344,0.46937090158462524,-0.42337417602539062,0.085052073001861572,0.0228232741355896,0.25677803158760071,0.91758328676223755,-0.041387617588043213,-0.029662668704986572,0.34619683027267456,0.48755848407745361,0.059578895568847656,-0.081832945346832275,-0.11357372999191284,-0.13849115371704102,-0.045059800148010254,0.064992904663085938,-0.13420951366424561,0.22890806198120117,1.4601893424987793
-0.039437055587768555,0.078851163387298584,0.36966526508331299,1.1899242401123047,0.077399812638759613,-0.065833926200866699,-0.11815804988145828,-1.0027139186859131,0.031800150871276855,-0.015174150466918945,-0.4829329252243042,0.030075550079345703,-0.06470566987991333,0.082519292831420898,0.16329830884933472,1.3138867616653442,0.047497272491455078,0.049049973487854004,0.23912990093231201,0.45600366592407227,-0.057033538818359375,-0.038917660713195801,-0.076667726039886475,-0.0037406682968139648,2.2067716121673584
0.040725946426391602,0.03437960147857666,0.53627127408981323,-0.30900895595550537,0.029217541217803955,-0.04145658016204834,-0.54916489124298096,-0.36455732583999634,0.053992331027984619,0.0071148872375488281,0.39222142100334167,0.43231844902038574,0.071929991245269775,0.083870768547058105,1.1927918195724487,0.22933769226074219,0.028685629367828369,-0.059122323989868164,0.21069025993347168,-0.09568631649017334,-0.090279757976531982,-0.076965451240539551,-0.053727447986602783,-0.039227426052093506,1.6524506807327271
-0.019436955451965332,0.032398223876953125,-0.51765900850296021,-0.50481516122817993,0.037879325449466705,0.05076897144317627,0.06664450466632843,0.33044099807739258,0.073333024978637695,0.010476231575012207,0.17153161764144897,0.038395464420318604,-0.022054702043533325,0.063667178153991699,-0.035457491874694824,-0.27352380752563477,0.026975393295288086,0.08766019344329834,-0.44571840763092041,0.74340838193893433,-0.034910500049591064,0.032926678657531738,-0.068474173545837402,0.10751050710678101,1.2398234605789185
0.019014060497283936,-0.038663268089294434,0.12727081775665283,-1.0194501876831055,-0.024484593421220779,0.012356400489807129,-0.10066795349121094,-0.56764143705368042,0.075215369462966919,-0.041930079460144043,0.41715055704116821,-0.65740698575973511,-0.054115653038024902,-0.084929823875427246,-0.48718374967575073,-1.276699423789978,0.064000785350799561,0.06228029727935791,0.2870485782623291,-0.02259451150894165,0.036274433135986328,0.041892886161804199,-0.079116225242614746,0.24044501781463623,2.0098574161529541
0.0087537169456481934,-0.071190118789672852,-0.22371959686279297,-0.12366271018981934,-0.087804950773715973,-0.076187968254089355,-0.14593786001205444,-0.93328285217285156,0.028958052396774292,-0.094683170318603516,-0.14799481630325317,-0.45965945720672607,0.01942327618598938,-0.10379564762115479,0.34797966480255127,-0.083886444568634033,0.024241268634796143,-0.080799579620361328,-0.48605799674987793,-1.1937925815582275,0.096281170845031738,0.058867573738098145,-0.13449978828430176,0.15233239531517029,1.7553138732910156
0.039346754550933838,0.054766297340393066,-0.20518451929092407,0.82088309526443481,-0.035119317471981049,-0.053188681602478027,0.51755791902542114,0.31071257591247559,-0.069809511303901672,0.044891357421875,-0.71840298175811768,1.1684088706970215,0.072283923625946045,0.017008304595947266,0.41484677791595459,1.2047284841537476,0.034529536962509155,0.05379939079284668,-0.053242325782775879,0.2750643789768219,0.056410998106002808,-0.0024394989013671875,-0.16865277290344238,-0.0019620954990386963,2.1726341247558594
0.041487038135528564,0.058646082878112793,0.035273551940917969,0.3877214789390564,-0.06801576167345047,-0.082649946212768555,-0.35924768447875977,-0.13591130077838898,-0.054091800004243851,0.039917469024658203,0.27597880363464355,0.010462164878845215,0.037646949291229248,-0.060390830039978027,-0.047534346580505371,-0.11923375725746155,-0.076237760484218597,-0.013986468315124512,-0.71494531631469727,-0.19077323377132416,-0.032692216336727142,-0.084963798522949219,-0.20595645904541016,-0.18052637577056885,1.0270826816558838
-0.0026746392250061035,-0.041437268257141113,-0.47312915325164795,-0.73528826236724854,0.054901227355003357,-0.068427562713623047,0.49623644351959229,-0.10902567952871323,-0.06067502498626709,-0.0097754001617431641,0.28936088085174561,-0.49943658709526062,-0.083974748849868774,-0.017440557479858398,-1.2389919757843018,0.27408042550086975,-0.015759885311126709,0.080153226852416992,0.26586222648620605,0.66852176189422607,0.068122506141662598,-0.027723908424377441,-0.21237778663635254,-0.0039101243019104004,1.8871630430221558
0.0044061914086341858,-0.045967578887939453,-0.25132155418395996,-0.092046916484832764,0.052901029586791992,-0.028464317321777344,-0.22920635342597961,0.48640206456184387,0.054452866315841675,-0.040974855422973633,1.4107639789581299,-0.099831387400627136,-0.024223506450653076,0.018640279769897461,0.20375239849090576,0.32072404026985168,-0.046998113393783569,-0.074799418449401855,0.031493425369262695,-0.92750871181488037,-0.0074742138385772705,0.021540045738220215,-0.19330906867980957,0.10708361864089966,1.8534023761749268
-0.02279990166425705,-0.055908799171447754,-0.38542181253433228,-0.03676372766494751,-0.041624307632446289,-0.053774833679199219,-0.66981536149978638,-0.4164499044418335,-0.037309169769287109,-0.052504897117614746,-0.086689591407775879,0.17130568623542786,-0.084428191184997559,-0.017999768257141113,-0.53876030445098877,-0.58999741077423096,-0.06882244348526001,-0.011413931846618652,-0.1320270299911499,-0.17298686504364014,-0.054424583911895752,-0.075618505477905273,-0.20375829935073853,-0.080091953277587891,1.2553528547286987
-0.045968562364578247,0.066961884498596191,-0.074257850646972656,1.0043318271636963,-0.022392749786376953,-0.070194005966186523,0.1331452876329422,0.084164291620254517,-0.039656639099121094,-0.078585505485534668,0.24003225564956665,-0.19242531061172485,-0.091039419174194336,-0.014055252075195312,-0.27447688579559326,0.0061693191528320312,0.070764780044555664,-0.040141463279724121,0.73842751979827881,-0.15951097011566162,-0.05938565731048584,-0.059235811233520508,-0.20737940073013306,-0.0051401853561401367,1.3655372858047485
0.063819348812103271,0.10045582056045532,1.0584441423416138,0.39065277576446533,0.079923510551452637,-0.078320860862731934,0.90513789653778076,-0.0011265575885772705,0.006827235221862793,-0.062767982482910156,0.40835076570510864,0.094050467014312744,0.046342253684997559,-0.083855509757995605,0.80376476049423218,-0.63599592447280884,0.10166645050048828,-0.040360093116760254,0.24220740795135498,-0.20037448406219482,-0.06229090690612793,0.061729788780212402,-0.17305642366409302,0.081772267818450928,1.8743723630905151
0.060891032218933105,0.012113690376281738,0.59657573699951172,-0.37064146995544434,0.077624708414077759,-0.047988533973693848,0.16888609528541565,0.022223114967346191,-0.029587745666503906,0.024554133415222168,-0.23083999752998352,1.0119882822036743,0.04819190502166748,-0.059473991394042969,0.0095018148422241211,0.086780428886413574,-0.062120318412780762,0.026332736015319824,-1.1705695390701294,0.27965939044952393,0.09373784065246582,-0.0029984116554260254,-0.16171926259994507,-0.099363207817077637,1.7676708698272705
0.05745232105255127,-0.034624040126800537,0.23943406343460083,-0.4348987340927124,0.071722477674484253,-0.019714236259460449,0.075943812727928162,0.2457427978515625,-0.085536479949951172,0.084596335887908936,-0.17100214958190918,0.82683742046356201,0.018136143684387207,0.045104682445526123,-0.26322430372238159,0.63247764110565186,-0.04487156867980957,0.036199331283569336,0.19581282138824463,0.32000923156738281,-0.095166444778442383,-0.0014213323593139648,-0.14672410488128662,-0.079504966735839844,1.3048710823059082
0.08845221996307373,0.063286274671554565,0.16191351413726807,1.0066889524459839,0.074781566858291626,0.027041494846343994,0.015126168727874756,0.65172123908996582,0.002839207649230957,0.068747997283935547,0.65622889995574951,0.22159087657928467,0.035359382629394531,-0.055683791637420654,0.38913470506668091,-0.31086194515228271,0.069837331771850586,-0.0051593780517578125,1.3558838367462158,-0.18136560916900635,0.042543768882751465,0.032429993152618408,-0.10931533575057983,0.052084088325500488,2.0281491279602051
-0.055434167385101318,0.088004663586616516,-1.1036801338195801,0.58598709106445312,0.05760270357131958,-0.064589917659759521,-0.38372406363487244,-0.41625356674194336,-0.073077201843261719,-0.061678469181060791,-0.17576432228088379,-0.90745222568511963,-0.029275417327880859,-0.043331027030944824,-0.84294140338897705,-0.071782350540161133,0.058632969856262207,0.023139715194702148,0.16439607739448547,0.33021056652069092,-0.061470270156860352,-0.026258945465087891,-0.11810570955276489,0.0089926719665527344,1.9080857038497925
0.011047720909118652,-0.042337007820606232,-0.10077548027038574,-0.70348656177520752,-0.045460671186447144,0.0025127530097961426,-1.2645320892333984,0.40097916126251221,-0.031976103782653809,0.015544533729553223,0.32546991109848022,0.44762802124023438,-0.072353601455688477,0.035882145166397095,-0.34875577688217163,0.41830432415008545,0.02583765983581543,0.093623086810112,-0.23343221843242645,0.6735539436340332,0.048689603805541992,0.017095908522605896,-0.13858447968959808,0.14119184017181396,1.8544436693191528
-0.058869600296020508,-0.010090172290802002,-0.40683716535568237,0.020473718643188477,-0.074231758713722229,-0.023196607828140259,-0.25765210390090942,0.17587065696716309,-0.049811363220214844,0.078255891799926758,-0.44558852910995483,0.30911850929260254,0.0069458484649658203,0.017171561717987061,0.67174875736236572,-0.20638513565063477,-0.031179666519165039,-0.0050211111083626747,-0.49349817633628845,-0.52135026454925537,0.022832512855529785,-0.0028082579374313354,-0.16926930844783783,-0.024144530296325684,1.2711677551269531
-0.08854752779006958,-0.065331310033798218,-0.52159404754638672,-0.60895454883575439,0.034363076090812683,-0.030540496110916138,0.66971862316131592,0.38252568244934082,-0.015564203262329102,0.032446697354316711,0.22339960932731628,-0.088093876838684082,0.067988991737365723,0.024143561720848083,0.67987114191055298,0.10892951488494873,-0.072793483734130859,-0.059927076101303101,-0.12028056383132935,-0.79177474975585938,0.064394593238830566,-0.029780015349388123,-0.14234116673469543,-0.12665629386901855,1.57537841796875
-0.067638576030731201,-0.075108706951141357,-0.16885420680046082,-0.17401552200317383,-0.015328094363212585,-0.012829065322875977,-0.38093829154968262,0.44796991348266602,-0.07675778865814209,0.032596811652183533,-0.043127596378326416,-0.11515140533447266,-0.018314123153686523,-0.088032633066177368,-0.5953366756439209,-0.55534499883651733,-0.035839200019836426,-0.061345696449279785,0.19788831472396851,-0.50297009944915771,0.087444782257080078,-0.022185325622558594,-0.13731592893600464,-0.013464093208312988,1.1968940496444702
-0.019443511962890625,-0.011749327182769775,0.32524380087852478,0.15490913391113281,0.087111659348011017,-0.051331207156181335,0.41215372085571289,-0.18417590856552124,-0.0088526010513305664,0.020442068576812744,0.53777825832366943,0.17430412769317627,0.078951358795166016,-0.024722695350646973,0.17943066358566284,0.55917119979858398,0.011102199554443359,-0.072601377964019775,0.76783138513565063,-0.28630721569061279,-0.042173027992248535,-0.052586257457733154,-0.14978212118148804,-0.029190182685852051,1.3118190765380859
-0.028662502765655518,0.025839447975158691,0.26401323080062866,-0.039873123168945312,-0.02093227207660675,0.038399159908294678,-0.85447442531585693,0.82919174432754517,-0.03725731372833252,0.081518828868865967,-0.21036148071289062,0.52526593208312988,0.035887479782104492,-0.049788236618041992,-0.0067626237869262695,0.21428608894348145,0.062433600425720215,0.028691887855529785,0.27092742919921875,0.87500119209289551,0.074842095375061035,-0.055674612522125244,-0.1870378851890564,0.011817336082458496,1.6606850624084473
0.022141695022583008,-0.066456377506256104,0.34065467119216919,-0.78006076812744141,0.055462770164012909,0.059400171041488647,0.33455777168273926,0.16142100095748901,-0.074873387813568115,-0.040437221527099609,0.086754679679870605,-0.83959066867828369,-0.075879454612731934,-0.009037017822265625,-0.73118066787719727,0.2181861400604248,0.078293561935424805,-0.014828801155090332,0.44866359233856201,0.31067025661468506,-0.08089148998260498,-0.063368558883666992,-0.22465240955352783,-0.027703285217285156,1.5961663722991943
0.088030815124511719,-0.10290145874023438,0.7406318187713623,-0.12872821092605591,0.0003868788480758667,-0.021843314170837402,-0.019663751125335693,-0.3812573254108429,0.0034375786781311035,0.034855484962463379,0.34661269187927246,0.2106858491897583,0.0064325928688049316,0.02858579158782959,0.73063069581985474,0.5626215934753418,0.037610054016113281,-0.048963546752929688,0.065865039825439453,-0.039373278617858887,0.037261724472045898,-0.0054731369018554688,-0.17586934566497803,0.25344306230545044,1.3612222671508789
0.067074805498123169,-0.019339799880981445,-0.33176702260971069,0.29451209306716919,-0.06130334734916687,-0.033268898725509644,-0.39431858062744141,-0.15124613046646118,0.013864576816558838,0.039860248565673828,0.16535305976867676,-0.3337523341178894,-0.03488689661026001,0.047057271003723145,-0.40613865852355957,-0.071792423725128174,-0.061234831809997559,-0.064665436744689941,-0.40606915950775146,0.027997672557830811,-0.080392599105834961,0.074742674827575684,-0.22617959976196289,0.26193183660507202,1.0021861791610718
-0.0041749328374862671,0.058900117874145508,-0.79729294776916504,0.65103846788406372,-0.04917636513710022,0.0023961067199707031,-0.26228064298629761,-0.007874608039855957,-0.0059901773929595947,-0.028796076774597168,0.17667031288146973,-0.20705905556678772,-0.0092760920524597168,0.055297017097473145,0.03397071361541748,-0.06077200174331665,-0.082370936870574951,0.0322418212890625,-0.33789658546447754,0.56763154268264771,0.021359831094741821,-0.061204075813293457,-0.16958403587341309,-0.11890166997909546,1.3071097135543823
-0.06176970899105072,0.041455268859863281,-0.28867316246032715,-0.073268622159957886,-0.025840878486633301,-0.04270443320274353,-0.15529090166091919,-0.0075898468494415283,0.032289639115333557,0.045090794563293457,0.18442201614379883,0.5380445122718811,-0.071524381637573242,-0.081035017967224121,-0.14666461944580078,-0.74703860282897949,0.052367061376571655,-0.046118617057800293,1.3702602386474609,0.14942699670791626,-0.040791451930999756,0.01226651668548584,-0.13304996490478516,-0.038222625851631165,1.7217798233032227
-0.015663959085941315,-0.066453695297241211,0.27573388814926147,-0.59622514247894287,-0.070257663726806641,-0.080192908644676208,-0.4911651611328125,-0.21766337752342224,0.045466780662536621,-0.063388466835021973,0.50757908821105957,-0.3825574517250061,-0.06055113673210144,0.018643617630004883,0.33653354644775391,0.28042715787887573,0.052699632942676544,0.046604037284851074,0.13434481620788574,0.52275919914245605,-0.010382459498941898,-0.084492325782775879,-0.14164352416992188,-0.1361057311296463,1.2977874279022217
0.030395165085792542,-0.0085759162902832031,0.62529420852661133,0.61335712671279907,-0.03831791877746582,0.028400957584381104,-0.19728749990463257,1.1337317228317261,0.058779865503311157,-0.036833405494689941,0.38484251499176025,-0.13229839503765106,0.058699414134025574,0.041317582130432129,0.78699636459350586,0.54870116710662842,0.070007577538490295,0.064367890357971191,0.25270676612854004,0.087018728256225586,-0.06830286979675293,-0.038137435913085938,-0.1877816915512085,-0.079711675643920898,1.8218019008636475
-0.060160070657730103,-0.013617277145385742,-0.39340972900390625,-0.14183668792247772,-0.010938644409179688,0.050995618104934692,0.29930230975151062,0.49643534421920776,0.034890979528427124,0.032987356185913086,-0.21279919147491455,0.54025405645370483,-0.02396094799041748,0.060882449150085449,-0.66745913028717041,-0.052440881729125977,0.0085312724113464355,-0.054500818252563477,-0.42392921447753906,-0.6107635498046875,-0.067966312170028687,-0.0015960931777954102,-0.22307884693145752,-0.045562118291854858,1.3862514495849609
-0.080026447772979736,-0.013353824615478516,-0.084151983261108398,0.02566903829574585,-0.064081847667694092,0.044148445129394531,-0.64569664001464844,-0.13640142977237701,0.091097116470336914,0.069232583045959473,0.086211919784545898,0.5926554799079895,-0.011712312698364258,0.086749553680419922,-0.17679893970489502,0.45959979295730591,-0.075744211673736572,0.065113306045532227,-0.52562510967254639,0.77817696332931519,-0.097767531871795654,0.049409389495849609,-0.23897433280944824,-0.029882431030273438,1.4281613826751709
-0.006001591682434082,-0.064962625503540039,0.80864495038986206,-0.48588156700134277,-0.092516779899597168,-0.00014716386795043945,-0.59907680749893188,-0.78746938705444336,0.029310643672943115,-0.057137966156005859,0.02456974983215332,-0.94243448972702026,-0.078862547874450684,0.080043196678161621,-0.83652794361114502,-0.088709652423858643,0.030989170074462891,0.024607300758361816,0.57754707336425781,0.48724687099456787,0.002464592456817627,0.049542546272277832,-0.22492480278015137,-0.10397481918334961,2.0325815677642822
-0.027118921279907227,0.024869322776794434,0.16546630859375,0.35575693845748901,0.074886798858642578,-0.073653213679790497,1.2731838226318359,-0.45310074090957642,0.067518472671508789,-0.019247889518737793,0.35007977485656738,0.078246116638183594,-0.044100403785705566,-0.010316252708435059,-0.24850058555603027,-0.39472949504852295,0.035399317741394043,-0.047853350639343262,0.41072595119476318,-0.29015254974365234,0.0034003257751464844,0.00060635805130004883,-0.19385051727294922,-0.15575301647186279,1.6322149038314819
0.027313709259033203,0.005602717399597168,0.37992718815803528,-0.086151123046875,0.077066302299499512,-0.08219301700592041,0.18017095327377319,-0.37463769316673279,-0.063436031341552734,0.038428306579589844,-1.2830392122268677,0.73121041059494019,0.015146732330322266,0.022083640098571777,0.43434888124465942,0.57031989097595215,0.097543835639953613,0.0082654953002929688,0.16434705257415771,0.11037540435791016,0.079316139221191406,-0.015738427639007568,-0.16436946392059326,-0.199729323387146,1.7779982089996338
-0.04460906982421875,-0.086770892143249512,-0.379649817943573,-0.75156581401824951,-0.046166300773620605,-0.07737431675195694,-0.65403854846954346,0.10149264335632324,-0.11126375198364258,-0.025977492332458496,-0.35437631607055664,-0.49198567867279053,0.049106121063232422,0.069585800170898438,0.30181175470352173,0.27093982696533203,-0.013657450675964355,0.023855388164520264,-0.99661886692047119,0.044155478477478027,-0.063592791557312012,0.008927464485168457,-0.18667912483215332,-0.086018085479736328,1.6611608266830444
-0.05583798885345459,-0.0098417401313781738,0.06879541277885437,0.10515809059143066,-0.049364089965820312,-0.085045218467712402,-0.32218515872955322,-0.28194451332092285,0.0089735984802246094,0.011490762233734131,1.1159224510192871,0.34572643041610718,0.0066026449203491211,0.013749659061431885,0.092022418975830078,-0.51022744178771973,0.015941977500915527,0.086699485778808594,0.074728012084960938,0.71266579627990723,-0.091634988784790039,-0.061452955007553101,-0.20900994539260864,-0.14195024967193604,1.5631003379821777
-0.046083927154541016,0.058847129344940186,-0.043089836835861206,0.75394564867019653,-0.051361680030822754,-0.021255671977996826,0.0087411403656005859,0.5584179162979126,0.091834068298339844,-0.072030201554298401,1.051630973815918,-0.73772704601287842,-0.054527997970581055,0.033073395490646362,-0.75657355785369873,-0.26071131229400635,-0.07175755500793457,0.090301841497421265,-0.65637743473052979,0.50685441493988037,0.072138190269470215,-0.088554218411445618,-0.17878291010856628,-0.096682071685791016,1.988592267036438
0.063354372978210449,-0.056858032941818237,1.0545895099639893,-0.93387699127197266,-0.088642597198486328,-0.024399638175964355,0.0052439868450164795,0.54280102252960205,0.052264213562011719,-0.080993682146072388,0.15998345613479614,-0.54375362396240234,0.015469789505004883,-0.042453914880752563,0.47166436910629272,-0.28345978260040283,-0.00024318695068359375,0.040483251214027405,0.24044327437877655,0.16783952713012695,0.081179618835449219,0.01752086728811264,-0.24846160411834717,0.15574026107788086,1.7636795043945312
-0.029228568077087402,-0.059158466756343842,-0.84490567445755005,-0.020071268081665039,0.030770838260650635,0.077614963054656982,0.77574169635772705,0.66084158420562744,0.045603036880493164,0.072465866804122925,-0.26096844673156738,1.3803191184997559,-0.030616044998168945,0.039781354367733002,-0.57993084192276001,0.14865243434906006,0.035887718200683594,-0.049854114651679993,0.18308199942111969,-0.53815007209777832,0.018987894058227539,-0.007647782564163208,-0.2590167224407196,-0.03153538703918457,2.1215877532958984
0.057960748672485352,-0.043259486556053162,0.3601459264755249,0.2314993143081665,0.066672384738922119,0.016889512538909912,0.69819504022598267,-0.68684995174407959,-0.061437726020812988,-0.038828372955322266,-0.56586760282516479,-0.71584916114807129,-0.09570765495300293,0.083811372518539429,-0.33541464805603027,0.47268533706665039,0.019927978515625,-0.014636218547821045,-0.11335784196853638,0.17135131359100342,0.019735455513000488,0.052562445402145386,-0.27329254150390625,0.07787322998046875,1.5713920593261719
-0.058332204818725586,-0.086699068546295166,-1.1299976110458374,-0.014556050300598145,0.0047040581703186035,-0.070800602436065674,0.026975035667419434,-1.22926926612854,0.048077821731567383,0.075249135494232178,0.98333406448364258,1.1287530660629272,-0.072769999504089355,-0.049637675285339355,0.30463641881942749,-0.5203251838684082,-0.051433086395263672,0.034088492393493652,-0.6877281665802002,0.42009484767913818,-0.084844112396240234,0.02450716495513916,-0.32709616422653198,0.012049436569213867,2.4886519908905029
-0.033392429351806641,0.014545291662216187,-0.08958733081817627,0.98767900466918945,0.077734947204589844,-0.032138347625732422,0.78274989128112793,0.34753423929214478,-0.026579022407531738,-0.025668561458587646,-0.18808510899543762,-0.53535580635070801,0.074284791946411133,0.078726351261138916,1.234074592590332,1.2020554542541504,-0.073952198028564453,0.0084270238876342773,-0.41367948055267334,0.14508497714996338,-0.021380305290222168,-0.04491502046585083,-0.31361347436904907,-0.092861175537109375,2.3098759651184082
-3.8862228393554688e-05,0.068095624446868896,0.3945012092590332,0.58903831243515015,-0.065807640552520752,-0.042185962200164795,-0.96004736423492432,0.16816402971744537,-0.066322684288024902,-0.01007080078125,-0.16218245029449463,0.12990915775299072,0.061561346054077148,0.044067740440368652,0.52021324634552002,0.040786147117614746,0.069713354110717773,-0.075775384902954102,1.0535091161727905,-0.24841439723968506,0.014917731285095215,-0.05593264102935791,-0.25398153066635132,-0.12421774864196777,1.7477104663848877
0.054075121879577637,-0.063184916973114014,0.5125967264175415,-0.51598525047302246,-0.09631839394569397,0.047513782978057861,-0.67190039157867432,0.49417650699615479,0.072652101516723633,0.086022257804870605,0.96390849351882935,0.69683492183685303,0.044975638389587402,0.028617382049560547,-0.38388776779174805,0.0074023008346557617,-0.032027244567871094,0.048424482345581055,-0.43708443641662598,0.53741097450256348,0.051115870475769043,-0.031642913818359375,-0.25585061311721802,-0.063233554363250732,1.8376743793487549
-0.05348891019821167,-0.09241795539855957,-0.58106327056884766,-0.75241732597351074,0.019249677658081055,0.0079102516174316406,0.78166210651397705,-0.37437263131141663,0.095380306243896484,0.087122082710266113,0.19626057147979736,0.40563291311264038,0.019341111183166504,-0.037449359893798828,-0.31300556659698486,-0.24868619441986084,0.044937849044799805,-0.076580047607421875,0.6865391731262207,-0.61211228370666504,0.047967731952667236,-0.09012150764465332,-0.23939454555511475,-0.2089003324508667,1.7359042167663574
0.0011429786682128906,-0.10226666927337646,-0.060949206352233887,-0.053266346454620361,-0.019709184765815735,0.076097667217254639,0.032336831092834473,0.14474347233772278,-0.042647302150726318,0.10298669338226318,-0.60925072431564331,-0.27725929021835327,0.070320606231689453,0.085191249847412109,0.14714288711547852,0.72362273931503296,0.057235777378082275,-0.084440112113952637,0.36814522743225098,-0.083741307258605957,-0.014616966247558594,-0.0058614015579223633,-0.21516871452331543,-0.052325785160064697,1.1248948574066162
0.053422510623931885,0.084068536758422852,0.1614757776260376,1.1774711608886719,0.03430764377117157,-0.055612146854400635,0.69887685775756836,-0.58795678615570068,0.012283444404602051,-0.044110417366027832,0.38872623443603516,-1.340914249420166,0.059010207653045654,0.0015568733215332031,0.22534501552581787,-0.29429352283477783,0.01316535472869873,-0.095784664154052734,-0.22249341011047363,0.0094612836837768555,-0.010222375392913818,0.057401776313781738,-0.16526925563812256,-0.025696992874145508,2.1079065799713135
0.058495700359344482,0.07980191707611084,-0.052192568778991699,-0.017965316772460938,-0.0027193562127649784,0.025461435317993164,-0.15384137630462646,0.69122761487960815,0.076624423265457153,0.019518375396728516,0.21695137023925781,-0.14090783894062042,0.023536443710327148,0.024650335311889648,-0.34167647361755371,0.24149098992347717,0.064139336347579956,-0.0091726779937744141,0.35159635543823242,0.26294946670532227,0.024243563413619995,-0.028364896774291992,-0.14065229892730713,-0.082714557647705078,0.99465084075927734
