1.000000000000000000e+00,0.000000000000000000e+00,0.000000000000000000e+00,0.000000000000000000e+00,0.000000000000000000e+00,0.000000000000000000e+00,0.000000000000000000e+00,0.000000000000000000e+00,0.000000000000000000e+00,0.000000000000000000e+00,0.000000000000000000e+00,0.000000000000000000e+00,0.000000000000000000e+00,0.000000000000000000e+00,0.000000000000000000e+00,0.000000000000000000e+00,0.000000000000000000e+00,0.000000000000000000e+00,0.000000000000000000e+00,0.000000000000000000e+00,0.000000000000000000e+00,0.000000000000000000e+00,0.000000000000000000e+00,0.000000000000000000e+00
9.765000635813878560e-01,1.323883779056510834e-01,-1.000000000000000056e-01,0.000000000000000000e+00,-7.647103799632329335e-02,-2.554366746808417465e-02,0.000000000000000000e+00,0.000000000000000000e+00,2.314806650884716072e-02,-5.658837288152316486e-02,0.000000000000000000e+00,0.000000000000000000e+00,4.432444291038682010e-02,-7.663123177980692147e-02,0.000000000000000000e+00,0.000000000000000000e+00,-8.626804546460783985e-02,7.468146527259797440e-02,0.000000000000000000e+00,0.000000000000000000e+00,8.444355595924439573e-02,2.074735423432112064e-02,0.000000000000000000e+00,0.000000000000000000e+00
9.319212364211473254e-01,9.886366160938747649e-02,-1.970269036271320440e-01,-1.821182750296594655e-02,-3.094153308868508728e-02,-5.060463060467028373e-02,7.647103799632329682e-03,2.554366746808417812e-03,-3.377186966511507016e-02,1.530201707476017831e-02,-2.314806650884716332e-03,5.658837288152317006e-03,-7.859740321753905246e-03,-2.551356671443989754e-02,-4.432444291038682531e-03,7.663123177980692667e-03,-7.042625916239840522e-02,1.149053181246554867e-01,8.626804546460784678e-03,-7.468146527259797614e-03,4.304315300541822209e-02,-7.830674007595458952e-02,-8.444355595924440613e-03,-2.074735423432112150e-03
8.814064389747204853e-01,1.584566955830450929e-01,-2.880856749437654130e-01,-3.778284291740666156e-02,-1.092791389740568747e-01,-1.172725949144234336e-01,1.056657940034663908e-02,7.979203163568484095e-03,-7.057908233423015876e-02,6.343770152802839790e-02,7.953905429046617508e-04,3.978260114380125986e-03,-1.317886351469874269e-02,-6.016157562190235092e-02,-3.999937904725061645e-03,9.946305721021023172e-03,7.083430134566902348e-02,2.884829766503427262e-02,1.598706676648066483e-02,-1.848313401215398444e-02,-1.860855720460644069e-03,-3.418039803246684244e-02,-1.259287750696532447e-02,5.348929382184050563e-03
7.592264420185047546e-01,1.618807480781613295e-01,-3.725523122416884436e-01,-6.771955752749478363e-02,2.113433962771323060e-02,-8.760138807572218078e-02,2.103184770047894850e-02,2.018221892871796194e-02,-3.186048121977147485e-03,6.416258381023388913e-02,7.650504209912000787e-03,-2.350743995969911335e-03,1.814592204166493722e-02,2.165569878357122280e-02,-3.151756591202583332e-03,1.570157108012489727e-02,1.042583147856546433e-01,2.239831496920478143e-03,9.723185135237628895e-03,-2.045775968024030750e-02,-3.932931077600143599e-02,-8.259820952471230715e-02,-1.259432707916062488e-02,8.107397357454099868e-03
6.629466730927043860e-01,1.862563243297385707e-01,-4.427858861824064962e-01,-1.020126580840220176e-01,-1.398344170832913416e-02,-1.295111652604987174e-01,1.778370404924540377e-02,2.986251340144020772e-02,-1.064352534675214873e-02,-7.651461261801439928e-04,8.038340778526432279e-03,-8.371896039649717736e-03,7.896051692409383760e-02,-4.115238186589906255e-02,-5.727547628474525393e-03,1.328142775251613290e-02,6.478020691126215591e-02,2.828259560820838014e-02,2.541305088396930180e-04,-2.007073697416892830e-02,-1.793313687326280118e-02,-1.043206217783866491e-01,-8.986100442107959954e-03,1.569038630558469705e-02
6.614868260192195981e-01,1.013098234386363011e-01,-5.012484635504969033e-01,-1.420223434263157281e-01,-1.218251928038218829e-01,-4.085087841211568205e-02,1.758617775515537024e-02,4.351193756379123645e-02,-8.526263911795801953e-02,-5.541235454403920652e-02,9.468939721067694271e-03,-7.843470054207759765e-03,1.140031494706498505e-01,2.803147223185321196e-02,-1.424839485098374978e-02,1.702907864572652738e-02,6.155570759666668945e-02,4.456998585289409509e-02,-5.227357991498973386e-03,-2.276129734070986982e-02,-3.481336789598944020e-02,-1.330550174627590510e-01,-7.917075414328574035e-03,2.557780340731572247e-02
6.616081453610145324e-01,2.463532759428328223e-01,-5.572110967590051533e-01,-1.761954151955836823e-01,-2.479675117136671825e-02,-5.041692657185531390e-02,2.749527290295187068e-02,4.820046014429727604e-02,-1.208166940128632683e-01,1.921627903970076628e-02,1.832625736975513481e-02,-1.782472325488240750e-03,1.282472450470041048e-01,9.860995204063416342e-02,-2.640678198977625818e-02,1.341125155831272495e-02,1.076150790037594396e-01,1.439811312956302825e-01,-1.021843996559864721e-02,-2.733642563580435808e-02,-1.148575388891482085e-01,-1.592900070374431432e-01,-5.658388643711007547e-03,3.833021381615153711e-02
6.174810392759900735e-01,2.376183668726058462e-01,-6.111377338623303901e-01,-2.274429148640558229e-01,-1.383191002027477773e-03,2.494701093760663679e-02,2.740662029942672606e-02,5.430915151082620768e-02,3.077133176495855382e-03,-1.107494159004057677e-02,3.038237752625211688e-02,-2.781630702052737339e-03,1.468162479689812117e-01,1.694881035900151767e-02,-3.973390527502646680e-02,2.153483927799586597e-03,4.721501458422577152e-02,4.541326421549579662e-02,-1.955683885287600593e-02,-4.207236671892813917e-02,-8.417377894022945450e-02,-1.212873697244793852e-01,3.956465229555292465e-03,5.373898682566728702e-02
4.271738021506199523e-01,2.945759485467689953e-01,-6.577671091222464517e-01,-2.801793651708904265e-01,4.528590134292519165e-02,2.142501945359876273e-02,2.467337948254152633e-02,5.283897701882224462e-02,-1.318955131386701646e-02,-6.750446323525327585e-02,3.002368099314174296e-02,-1.458916174143652829e-04,8.093169938954407339e-02,2.523327998247490087e-02,-5.427503955720794360e-02,-1.530778546928635627e-03,4.325467836211316364e-02,1.641483367519672998e-01,-2.206422664561187227e-02,-4.732409865867723969e-02,-2.446604981799690298e-02,-1.721812476376671786e-01,9.676755994292671192e-03,6.572962931242963547e-02
4.037511771199158717e-01,2.732983404056043009e-01,-6.824526335104853514e-01,-3.406018454176758525e-01,-3.009900204478138663e-03,2.658031674065095343e-02,1.736337195557776172e-02,5.159423858799046941e-02,-1.455088247134937035e-02,-1.146130808084856872e-01,3.116281292343669670e-02,8.098538327836366305e-03,7.303669988617714215e-02,1.058611159437136962e-01,-6.195389478276800560e-02,-6.743660355825984408e-03,-4.262825712347053514e-02,1.820955032872149937e-01,-2.389878912523641860e-02,-6.454130630391451129e-02,2.974244922880692199e-02,-1.390669684698454256e-01,8.794337141512734851e-03,8.301941504096030378e-02
3.803395181431861172e-01,2.996001332776913606e-01,-7.016372754923773103e-01,-3.997476793140644080e-01,-1.769726295830802154e-02,-8.209150930235398214e-02,1.499039415400320492e-02,4.947820050531824554e-02,-2.419750613585915783e-02,-7.121605175894654693e-02,3.202098535428903048e-02,2.105910767596978414e-02,1.687961073567021408e-01,1.085474625051710967e-01,-6.853616682529477255e-02,-2.036871283232907781e-02,5.881337095060334974e-03,1.840680204845098200e-01,-1.627741688242969470e-02,-8.353718231501526537e-02,-7.495787827294944639e-02,-6.745843500852943819e-02,1.636747494447025886e-03,9.684615712688007805e-02
3.455427371804519754e-01,2.843863893693250322e-01,-7.154198953134920380e-01,-4.621092034634969870e-01,-7.962860596242560263e-02,-2.276643292509429595e-02,1.420616907346120353e-02,5.812452217607892713e-02,-1.533971286669349732e-01,-8.308327710981200376e-02,3.319394507538771244e-02,2.964189328428799494e-02,1.253888783107970917e-01,1.515846290529820617e-01,-8.397579284004905165e-02,-3.450483760241281062e-02,4.162422993579342062e-02,9.161908874843460726e-02,-1.260983008024871635e-02,-1.022329361660631319e-01,-1.370810846366717628e-01,-9.907895897137988794e-02,4.306187272629089825e-03,1.030699448623171727e-01
1.590398926316228256e-01,1.788055072702149917e-01,-7.225357249773761703e-01,-5.232461851278237264e-01,-1.386257140343031546e-01,-3.487222103631094916e-02,1.918998413403704556e-02,6.074546131007408506e-02,-2.034178315230867340e-01,-5.058052652644199482e-02,4.685273726019911766e-02,3.941625302243170759e-02,1.736660685847485619e-01,1.487233245742043963e-01,-9.427550318830923981e-02,-5.362440746112362433e-02,1.301947420474461603e-01,8.144942295138894728e-02,-1.160964747999908460e-02,-1.113849143763094712e-01,-1.244544594015809108e-01,-6.254770607941215199e-02,1.286180601121800215e-02,1.125497553682354851e-01
7.692137087655678829e-02,1.246764495615556023e-01,-7.079165954487685042e-01,-5.737980018569708296e-01,-1.236216597889784191e-01,3.366916261469857230e-02,2.991211668054799891e-02,6.480849272211648693e-02,-1.759645754522357608e-01,-1.498485899403842747e-01,6.494241351926866024e-02,4.655868372996050525e-02,2.166727720070783236e-01,2.301237194540137754e-01,-1.083879405453698069e-01,-7.285091584603636816e-02,1.122563588722722411e-01,1.412725485825331584e-01,-1.901762132113522102e-02,-1.194131608028664165e-01,-7.456520982038747358e-02,-3.341738738712378420e-02,1.963002193106874391e-02,1.187428416665026326e-01
-3.031100322900326036e-02,1.656872892216341986e-01,-6.826627692946243275e-01,-6.178949152571390213e-01,-3.273113400391443328e-02,1.733276691408713877e-01,3.886497976767452206e-02,6.252527945785579799e-02,-5.993684882485912635e-02,-8.428256035210592023e-02,7.981885456015180846e-02,6.448301383745480564e-02,1.655949847870515357e-01,2.693373103421016213e-01,-1.257569809780442749e-01,-1.007994728780420568e-01,1.314608511904879762e-01,9.477431372646785701e-02,-2.418635368855871423e-02,-1.337420933468189965e-01,-1.000380818954172552e-02,-1.395123255670860096e-01,2.105915841007018757e-02,1.223208894870900926e-01
-2.860542582791436583e-02,1.045211504535210612e-01,-6.446501280434975278e-01,-6.645622733749957378e-01,-7.900731681700604025e-02,1.015736118138104022e-01,3.878654870263932575e-02,4.673566726547027927e-02,-5.061659590185117741e-02,-1.065588362310121440e-01,8.210845233563249246e-02,7.647885787824129644e-02,1.038140736946748799e-01,2.500272131651209429e-01,-1.365201368574643082e-01,-1.333590013705727717e-01,2.692318911433676243e-02,1.094951837931682770e-01,-3.053075243395632354e-02,-1.435889589640530761e-01,9.122187073561327519e-02,-4.661405402883665727e-02,1.584531378753398917e-02,1.365572070220638645e-01
-1.528458555130966512e-01,4.032221292887751968e-02,-6.047241394199929232e-01,-7.029318672942896917e-01,-1.316876469244288028e-01,7.625128917045098653e-02,4.412144041497680080e-02,3.821594594178146648e-02,-1.616676442722783658e-01,-1.324248976394768185e-01,8.285520618248032321e-02,9.074144453692298273e-02,-3.603068890504212973e-04,1.408808674176748044e-01,-1.394189541070797456e-01,-1.643198914687787615e-01,-3.571998738610544094e-03,1.095058859070491691e-01,-2.589216923575129309e-02,-1.551620617962999604e-01,-1.285610281649460229e-02,-8.096484539086845622e-02,-1.665817257232009990e-04,1.411557065631582342e-01
-1.635639174891571068e-01,-6.021919185738681957e-02,-5.507147717951681454e-01,-7.326569701667108303e-01,-1.697127087855607452e-01,1.031762938237936050e-01,5.511480814705299602e-02,3.254684711469292557e-02,-2.204293471084750322e-01,-2.077436486804177529e-01,9.399313485549876113e-02,1.075389027614493814e-01,-2.010375717317997718e-02,9.329699460910373388e-02,-1.303425888094218721e-01,-1.843173867240988917e-01,-1.099162017194330043e-01,1.191971944695835728e-01,-1.765744117758635823e-02,-1.664334462548771043e-01,6.687985307377219968e-02,-1.064690267794723422e-01,-5.899592234643974767e-03,1.483643619475952247e-01
-2.691184921379335404e-01,-7.751765667820971484e-02,-4.944919055095610694e-01,-7.494568343369976127e-01,-1.488449888498118712e-01,2.337908524289440959e-01,7.012410579213115835e-02,2.476727117824772603e-02,-2.221520840655693552e-01,-2.386475329135810397e-01,1.101024972049471917e-01,1.323174587162168625e-01,8.261498765628250140e-02,2.111139676878901750e-01,-1.183539601816119835e-01,-1.989805230469806063e-01,-3.567903252284121418e-02,-1.847957305807179651e-02,1.720921152809608973e-03,-1.781942170861472718e-01,-2.184381146144540042e-02,-1.306969103250295861e-01,-1.992896147821192343e-02,1.577934161195038154e-01
-2.659482231904442551e-01,-1.027122062248453371e-01,-4.272284524574664899e-01,-7.616262142563514637e-01,-6.798063706395428285e-02,1.533792543143466247e-01,8.333998561109084990e-02,4.721124959201569021e-03,-1.457261264393647782e-01,-2.813808142330568307e-01,1.250515203348457893e-01,1.608331241678139512e-01,-4.129570285553051806e-02,2.320893917692901376e-01,-1.159827112482862688e-01,-2.247377970065429498e-01,-1.154733158372043406e-02,3.956365757941156247e-02,1.413968138217942122e-02,-1.751503455152924882e-01,-8.689246800133174076e-02,-7.998985860266422110e-02,-2.546745277930413318e-02,1.688888268627175282e-01
-2.739949264994598344e-01,-1.546429349163231937e-01,-3.600959647016054310e-01,-7.678553068819314875e-01,-1.201819098585749646e-01,1.589848545725181528e-01,8.938397453259226688e-02,-6.501729020032232312e-03,-6.962117212455418147e-02,-2.944270777061822053e-01,1.308467188214121335e-01,1.941878492435192283e-01,-1.003550463228649325e-01,2.205861317591394366e-01,-9.995426199643782372e-02,-2.523141971312606868e-01,-4.620779066914013772e-02,-4.375143210221141277e-02,2.391651846341346851e-02,-1.773121797864580795e-01,-1.046360759306926846e-01,-7.718601575893772881e-02,-2.501834157066266592e-02,1.745689680237117736e-01
-2.196457042580689523e-01,-2.788767093455834511e-01,-2.922673388439963049e-01,-7.655140212823190460e-01,-1.900216948815209861e-01,1.039932560312007981e-01,1.011685418473491915e-01,-1.791464616815677258e-02,-2.147445053046105334e-01,-2.489085966187584154e-01,1.273365847898459413e-01,2.289275610882206824e-01,-5.287026967813195089e-02,1.353528144543785505e-01,-7.674838056162952560e-02,-2.777713488203210623e-01,-1.046127017849727281e-01,3.570363448942528994e-02,3.720598951023446066e-02,-1.706428335388299466e-01,-1.334572857233079779e-01,-9.088908602262257830e-02,-2.308014082887749341e-02,1.799556660398371477e-01
-2.584526068726470949e-01,-3.652771551560046182e-01,-2.304127091226560453e-01,-7.473908362683305828e-01,-2.023320733137773386e-01,9.690631091988348433e-02,1.204312208992862065e-01,-2.317124394349826325e-02,-8.242755019591103960e-02,-4.406247148535977765e-01,1.366330535211434105e-01,2.587244021266503213e-01,-1.154695538165570468e-01,1.300731040241448755e-01,-5.716959173770175956e-02,-2.933925184750693083e-01,-9.135944807328594264e-02,-6.604813630691281495e-03,5.592147870883068528e-02,-1.712996668009838519e-01,-1.403319351218028088e-01,-9.488527798664551927e-02,-1.853977602776526665e-02,1.867754929433761146e-01
-3.336318499697080719e-01,-3.440099045661050292e-01,-1.659640711532107960e-01,-7.176645083613818477e-01,-2.143173604639828922e-01,4.054564314201682812e-02,1.410663215818012128e-01,-2.672846215582621102e-02,-1.436480428688465538e-01,-3.888593687610311100e-01,1.311581063515574463e-01,3.079695024919236745e-01,-1.372006584972717269e-01,6.845712223535904695e-02,-3.067603130790410790e-02,-3.074147299980336534e-01,-5.848327417951577900e-02,-1.110063186381317346e-01,7.322769006249504886e-02,-1.667908431526597679e-01,-1.109828437567618453e-01,-6.792901888111918529e-02,-1.367938671419349252e-02,1.941782363900962649e-01
-3.905269757582581214e-01,-5.091715941576432369e-01,-9.587737732603079932e-02,-6.870451069384362341e-01,-9.112319086946733815e-02,1.926147230659399912e-01,1.629482731991847289e-01,-2.360126703245358018e-02,3.440090213805011010e-02,-3.969159581485974808e-01,1.293903692195734478e-01,3.514589521231744618e-01,-1.142088114383364716e-01,8.635740355616203234e-02,-1.477119372125877683e-03,-3.138704485245497611e-01,-1.481318594926440968e-01,-2.780570576789868908e-02,8.691422521502245591e-02,-1.510093274966565480e-01,-1.796465255755450574e-01,-1.541970837210326351e-01,-1.215232942571706047e-02,1.990809338902243819e-01
-3.769146954426990104e-01,-6.642063678589712472e-01,-2.206058270606707505e-02,-6.366149228090335344e-01,-1.767677835457212576e-01,1.785375930820647106e-01,1.722189457272191859e-01,-3.461227833688590438e-02,1.415612847906931593e-02,-4.210423263892160151e-01,1.076660265491043156e-01,3.953951673591138971e-01,-2.134712568883681549e-01,1.742771124309135389e-01,2.556171085824793937e-02,-3.206239105380020993e-01,-3.491103756306994377e-02,-5.153691211186459814e-02,1.086955245745131193e-01,-1.429655781976041373e-01,-1.259675961469469141e-01,-1.269014083285675831e-01,-4.012229733342346019e-03,2.126558294341859834e-01
-4.895567682717937297e-01,-5.870391821164727686e-01,4.742714155042210278e-02,-5.673245915615852120e-01,-2.111671340740136904e-01,1.442945485651724591e-01,1.905438881685748709e-01,-4.368593713969179393e-02,-5.683252705989997461e-02,-4.374298955432994740e-01,8.591658275330465999e-02,4.403899023359899023e-01,-9.310303962464358540e-02,6.876467185639661972e-02,6.269415491518706696e-02,-3.347826241869762409e-01,-1.171661286375177136e-01,-3.122355625275673868e-02,1.186190070447554479e-01,-1.315156473093381517e-01,-2.814818199926875930e-02,-3.576065350877645488e-02,-1.965822326187674843e-03,2.238213782143163022e-01
-3.265993122131362614e-01,-7.470384003817561736e-01,1.243002921376400727e-01,-5.027271114560565302e-01,-7.301591988177585923e-02,1.009758344213090575e-01,2.126458145647541764e-01,-4.836745577259395079e-02,-7.646387782705156566e-02,-3.579480110410397375e-01,6.916394234815027853e-02,4.856614332033545312e-01,-4.285681885102252120e-02,1.203298421490984482e-01,8.826251534591718351e-02,-3.364552778241619024e-01,-8.745763269956141617e-02,2.497951798605591023e-02,1.361367612470090194e-01,-1.216749030766890727e-01,-3.743322575764230359e-02,-2.560235601212400292e-02,-1.026936914641130363e-02,2.259050463029182165e-01
-4.661500161870894554e-01,-8.117939702972752913e-01,1.811862723781542950e-01,-4.187093243163979017e-01,-1.809717882112934495e-01,9.352363099765727272e-02,2.210277132747283935e-01,-4.758880579473115380e-02,-6.537967536565365834e-02,-2.911965986149696595e-01,5.222747460691089250e-02,5.218695803913863118e-01,-1.756081582014653586e-01,4.762030228290400902e-03,1.087301174404690096e-01,-3.420025142062744217e-01,-7.567789996420351550e-02,4.574449032147792638e-02,1.500851330523083338e-01,-1.166446280996645685e-01,-1.280467603101012042e-01,-2.961787581696233643e-02,-1.769629256347709373e-02,2.265469667199555837e-01
-4.081510756083748248e-01,-8.162686389883899718e-01,2.474946690085831624e-01,-3.259105633662268131e-01,-1.018184425453133590e-01,-4.143916226186827867e-02,2.401142487945875648e-01,-4.565295630322935283e-02,-6.422378041049603414e-02,-3.733970215736243659e-01,3.248749077785169359e-02,5.503347235844195939e-01,1.831754771282592675e-02,-9.710541638503416423e-03,1.426211827770473839e-01,-3.349405526683765788e-01,-4.600576046513148165e-02,7.261757333309599993e-02,1.625184638413091909e-01,-1.130285430420163023e-01,-1.685129047413757020e-01,5.997803216913634439e-02,-1.604750779895654234e-02,2.272170991563487730e-01
-2.450627881461804325e-01,-9.151150478033028834e-01,3.029751293155621417e-01,-2.299450574178760198e-01,-1.859279495806407528e-02,4.676486053510098967e-02,2.510702514277099451e-01,-2.928371836896839428e-02,1.234081253720764604e-01,-3.546680707380171493e-01,1.133934918900617386e-02,5.858608746236487752e-01,1.327388545363771336e-02,-6.281855441972453158e-02,1.565573107477437886e-01,-3.247899380263935543e-01,-7.752922017575714086e-02,2.171619561940944104e-02,1.717272807187929795e-01,-1.115039899492337866e-01,-1.540929149769008077e-01,4.160309937730860552e-02,-1.039570783132598777e-02,2.190054590773388155e-01
-2.883035316719066987e-01,-8.777887016121452834e-01,3.370287058747089004e-01,-1.219338366929638845e-01,9.398228434675701126e-02,5.903444383971284681e-02,2.528213816320220020e-01,-2.129203899918219456e-02,8.666007270786862948e-02,-1.806831888434544953e-01,-3.020692016669217911e-02,6.182410712563930488e-01,3.202142854532904342e-03,-2.376237951339457699e-02,1.704061795284857184e-01,-3.086987286530468166e-01,2.743322015771387096e-02,5.835914929180245625e-02,1.839552473094181462e-01,-1.044408451010882949e-01,-1.072264687704305441e-01,9.144900469936123599e-02,-5.812759343743716459e-03,2.129635426620601069e-01
-2.591863610218874681e-01,-9.292015641952373617e-01,3.698227811259943154e-01,-1.663479059430725271e-02,1.015128997449903786e-01,9.847507981518337228e-02,2.429066671728179472e-01,-1.449003080735243934e-02,2.602410422470006202e-01,-2.758237965388178892e-01,-6.942977216438450672e-02,6.309549261092118888e-01,-5.059127655790018885e-02,4.412511956846272565e-02,1.843757157028143856e-01,-2.959246987156402553e-01,-1.274362829875182457e-01,5.341153254421545510e-02,1.852595276062531937e-01,-1.004779107480382599e-01,-1.052888895775207084e-01,-7.203761341892778169e-02,-5.644548072231562845e-03,2.022025926175769761e-01
-3.691841574018623895e-01,-7.926581013176602353e-01,3.942642878040362175e-01,9.478026651921722667e-02,9.323372967249236865e-02,5.269186816691308339e-02,2.319624068627409719e-01,-1.216752744194646643e-02,1.519966863209021857e-01,-1.286705442801341359e-01,-1.263985811478939292e-01,6.511530729600074618e-01,-9.159232656182417220e-03,-1.423296859543149440e-01,2.030022980623289175e-01,-2.893243104189995307e-01,5.900111724191869911e-02,-6.594614168121434861e-02,2.018455548937755084e-01,-9.598004614742890184e-02,-1.809655242757098326e-01,1.390493028427046696e-01,-5.136001910368306195e-03,2.078657212877595972e-01
-2.104111645776307882e-01,-8.131310811453477116e-01,4.240126190961444608e-01,1.930622206940116881e-01,1.729968463220275532e-01,9.851308089313347283e-02,2.217987596913625625e-01,-5.825431432929529738e-03,1.284353728142261231e-01,-2.323280244804413197e-01,-1.731924320991809485e-01,6.536769863702673877e-01,4.848952200474107577e-02,-1.381591332905714731e-01,2.170413766573258407e-01,-2.631932707453039089e-01,-8.621531304247725958e-03,2.955771103595462856e-02,1.994608158254940478e-01,-7.874961901073546100e-02,-2.387027970055231041e-01,9.223591227208782772e-02,2.655412150122660186e-03,1.924101611706869330e-01
-3.139056469150818263e-01,-8.028644641738669208e-01,4.328107369708604213e-01,2.942584567657924310e-01,9.087489228412348741e-03,4.066166245354900510e-02,2.034067390360463912e-01,-4.610411598207251986e-03,1.212790549991415029e-01,-2.257985761346776310e-01,-2.174640918908218035e-01,6.642238678333267643e-01,4.287376468509417754e-02,-2.543803608484851986e-01,2.239286079893805792e-01,-2.369439476255848220e-01,6.752997724907089383e-02,1.343926673436297570e-01,2.029963336171805577e-01,-7.129553323634502116e-02,-9.833995776917903164e-02,3.283246731714467570e-02,1.694060838441593941e-02,1.821197103475365731e-01
-3.400933423660639221e-01,-9.025282491688619846e-01,4.468710033573805029e-01,3.942350041265803018e-01,1.253511154240229686e-01,6.008359077123175129e-02,2.014598324616979907e-01,1.467545963609534834e-03,3.213400238991269697e-01,-9.398833737966387492e-02,-2.612687573098675387e-01,6.718504614684299714e-01,9.736712677874084787e-03,-1.142906089282181015e-01,2.300291243885607129e-01,-1.988935606936917955e-01,1.170103685512327019e-01,1.494627407253597551e-01,1.985239797269059969e-01,-7.419556876869325135e-02,-1.481862238213125516e-01,1.440988191477047820e-01,1.761225230800419345e-02,1.785441254391201549e-01
-2.091722437936409940e-01,-7.896399468558416013e-01,4.584906059700919467e-01,5.042541889908341846e-01,-7.257640930890763009e-03,1.549064256675486140e-01,1.875964382915502049e-01,5.468619310448532417e-03,2.834931095351292951e-01,-6.764887806514580104e-02,-3.251858412692576472e-01,6.640701082099679242e-01,1.365256105921729690e-01,-1.546010227399048087e-01,2.375130916765222922e-01,-1.747858639010221871e-01,2.009435320819648874e-01,5.479404922710461034e-02,1.892756725343255064e-01,-7.880695113747775149e-02,-1.381275290218428875e-01,1.912858429930427706e-01,2.344215127482898731e-02,1.638975856980855461e-01
-3.442898143633452701e-01,-7.669388195862948399e-01,4.514744539193826234e-01,6.028768527208175909e-01,3.749846505408625796e-02,2.006345382606652128e-01,1.868813299786543092e-01,-7.269467955089191705e-04,1.722240319892800187e-01,-8.226539944679683164e-03,-3.845330485293854128e-01,6.505256986039225087e-01,1.247081704690241044e-01,-1.553268346886267637e-01,2.310726630870987841e-01,-1.464251645209720676e-01,1.313661967454692325e-01,6.712347380421643250e-02,1.719209990141597755e-01,-7.438264807221793562e-02,-2.359676213550851998e-01,1.402832839705456802e-01,2.895822541657394264e-02,1.449135268375050800e-01
-2.012342825901133336e-01,-6.713750362724568710e-01,4.531092818392954968e-01,6.982659706930649524e-01,6.999912611270052432e-02,1.794235911831071617e-01,1.820031717917622305e-01,-1.149228168200331843e-02,1.394520879716976969e-01,8.095805099217143197e-02,-4.317099918694000671e-01,6.281721202603411935e-01,9.179163979422672037e-03,-3.286297950017409431e-01,2.244437343338845925e-01,-1.184888820896060208e-01,1.613040402357835690e-01,1.958030713698936387e-01,1.614121763360242545e-01,-7.208190154667554195e-02,-1.704680639060338065e-01,1.537967098659302478e-01,4.516801327715435493e-02,1.314223278679878815e-01
-3.917469672415047066e-02,-8.261643743764893744e-01,4.356846789009591325e-01,7.835856379590329102e-01,2.032248856293803474e-01,1.241606273353086654e-01,1.744407024323049726e-01,-2.031203306985092383e-02,2.341400437512613786e-01,1.737449955167288673e-01,-4.742041388339195973e-01,5.946932640412870841e-01,1.498943684864803283e-01,-1.863500962557738394e-01,2.280197428143892202e-01,-7.372603131063988624e-02,3.060439243206229953e-01,1.779253292176572465e-01,1.478606341819377890e-01,-8.318605346281320034e-02,-1.704727150511326783e-01,1.546361573794735600e-01,5.539775769881356143e-02,1.174699614208655069e-01
-5.585033879565731718e-02,-6.658460912079975369e-01,3.979197522770112072e-01,8.829860861470337774e-01,4.857614272773069786e-02,7.462164466362244952e-02,1.540413844034670410e-01,-2.392661278440227218e-02,9.397289653503669571e-02,1.380588537566349583e-01,-5.242373991105385711e-01,5.500310914802700735e-01,1.628381701566880002e-01,-2.159370230213755737e-01,2.152758966734697188e-01,-4.329223441810058776e-02,2.358248836203037380e-01,2.291059583206734862e-01,1.204717519810619142e-01,-9.310715768707700235e-02,-8.181441888994696321e-02,1.462846877244476373e-01,6.625807516616814830e-02,1.040293119364549129e-01
-3.798170602217131736e-02,-6.064287819252853762e-01,3.571145300869008055e-01,9.638572931949884737e-01,8.829978634635868295e-02,1.456859281787392102e-01,1.494138020498896879e-01,-2.357922767384325324e-02,7.712113703761887262e-02,1.699708766666544468e-01,-5.577211408075455346e-01,5.067276754258819293e-01,1.727516179384764039e-01,-2.811726304643405450e-01,1.998036080303098594e-01,-1.072312882613969676e-02,3.389377493034565481e-01,2.010194184456388644e-01,1.007688102156330395e-01,-1.094465524444661608e-01,-7.683323149087109560e-02,7.794171760440969654e-02,6.885329419880867330e-02,9.204764094193493285e-02
6.019129912141232830e-02,-4.870093900214194083e-01,3.107549862665126561e-01,1.036253619113321589e+00,1.201084592819732233e-01,1.013538309802767545e-01,1.408254145006637703e-01,-3.057056467528319540e-02,-9.086706710895438299e-02,3.026904961408155015e-01,-5.871575940203507260e-01,4.588377388186269945e-01,1.766088742995810257e-01,-2.366484781047793473e-01,1.818167245915467967e-01,2.739716320121241000e-02,2.283552087532282893e-01,1.986836225741230311e-01,7.168990787047145596e-02,-1.238553072664237004e-01,-1.202064636961494570e-01,4.315919882032910604e-02,7.153007087680481046e-02,8.710398505411331982e-02
4.140070609254627165e-02,-5.084077025379115655e-01,2.512667476753183138e-01,1.093951447012418532e+00,2.308589804587831418e-01,2.288483125099317061e-01,1.294573526050859236e-01,-3.351222837437115021e-02,-7.419013432004506470e-02,2.372499345795555659e-01,-5.972302458538639724e-01,3.965103719768646728e-01,1.120002664132992570e-01,-2.384521749574152194e-01,1.616604740777458082e-01,5.993302554892700890e-02,3.429713928862954675e-01,2.543179505049261158e-01,5.456699690997319357e-02,-1.393867919785339304e-01,-1.806115016525473849e-01,6.801352575899530239e-02,7.877333920546310264e-02,8.580250092836905207e-02
3.529264525211376485e-02,-4.264077223342262468e-01,1.911589341805993159e-01,1.150471245436565093e+00,3.894088163274625480e-02,2.841073212999375985e-01,1.072313619290900244e-01,-4.975034318814500200e-02,-1.071560874263108309e-01,3.333902017880635005e-01,-6.058082944565575945e-01,3.406145128767373853e-01,7.604401816131391156e-02,-2.610563499699882217e-01,1.464726734126002849e-01,9.144415747060291588e-02,1.820111477082057838e-01,1.767114147676281388e-01,2.686153999890728353e-02,-1.612364529788465617e-01,-2.810083901218838887e-01,1.198685239100608785e-01,9.207670099867297508e-02,8.238390068071506367e-02
1.112973636450931697e-01,-3.071224614754917703e-01,1.292257364362550676e-01,1.195449714051361578e+00,1.293304178715259101e-01,2.811102036476116894e-01,1.051431916697700836e-01,-7.251847497384725227e-02,-2.284627261900248063e-01,4.157807461740119503e-01,-6.082566023708066982e-01,2.750263302057952552e-01,2.193009522272496015e-01,-1.727556026220789520e-01,1.334080878246516888e-01,1.242640724053434009e-01,2.777935132951663277e-01,3.018137774238500715e-01,1.651132245804109999e-02,-1.765671040929816804e-01,-3.153956842277137462e-01,2.594100341566971113e-03,1.155068646667912480e-01,7.446267682283963518e-02
5.526750623537808604e-02,-2.974483861079767477e-01,5.784119968214843088e-02,1.225139462961593484e+00,1.369932579750002266e-01,1.227584900070837481e-01,9.516133608389490406e-02,-9.494887063553437978e-02,-2.284632228848804680e-01,2.798615052526467473e-01,-5.952972973584306215e-01,2.014860207529950431e-01,9.395126422716049142e-02,-2.616361320947838687e-01,1.044670836263793950e-01,1.473997103217640214e-01,2.996864631156901937e-01,1.934195879213213010e-01,-2.590247450608861371e-03,-2.048271810204841115e-01,-2.291267827381994193e-01,7.100890095164211213e-02,1.426236854033454682e-01,7.948343231281539134e-02
7.611692579271280013e-02,-2.793399670668524348e-01,-8.972020491898817507e-03,1.250126861029758674e+00,1.305591034144225615e-01,2.126965395862479014e-01,8.559085497113952390e-02,-1.019007271766173978e-01,-1.200002288191359678e-01,3.315639477815605640e-01,-5.787615404364651051e-01,1.426403319739866504e-01,8.770283579524555673e-02,-1.279446528979068243e-01,8.709084752217433056e-02,1.778400092323164927e-01,2.291582261908884088e-01,3.520466031155663478e-01,-2.235671921922399372e-02,-2.230216687930779984e-01,-2.908195793380945471e-01,-8.232048970820288192e-02,1.606949686863753113e-01,7.897993998276743588e-02
3.901574161425788029e-02,-1.407391562967523768e-01,-7.869648835742799886e-02,1.269825105468262105e+00,-5.544615251921208854e-02,1.807747587251026244e-01,7.706913835423491455e-02,-1.182790105088182692e-01,-2.160532096309548677e-01,4.176794688821950374e-01,-5.702487276248759951e-01,7.981338952654556951e-02,9.184951581993186509e-02,-2.029142767028759009e-01,6.893393312962639574e-02,1.938573674554784076e-01,2.114376230098170828e-01,2.418947654539824743e-01,-3.404239186478990459e-02,-2.579484723424504966e-01,-2.827152407294659109e-01,-1.592337995850428012e-01,1.848479675915061515e-01,9.471120705172680898e-02
1.768671301005907137e-01,-1.518094429066074030e-02,-1.452559744111120155e-01,1.272073137916719832e+00,-1.029340070681342006e-01,2.437391939376509775e-01,8.801553672484055402e-02,-1.317868463148482716e-01,-2.381516896394643701e-01,2.968777705009800760e-01,-5.490592829166921485e-01,9.189712668595348410e-03,2.482414783037818484e-01,-1.224282389184363773e-01,4.967894538742011201e-02,2.163689419777827250e-01,1.377374025997410156e-01,3.969408954323635497e-01,-4.214628409947690502e-02,-2.822235895573839137e-01,-1.637657929530661471e-01,-8.738533870983074270e-02,2.072577203470065688e-01,1.192369093044299694e-01
1.332880986712223770e-01,9.122355468459553141e-02,-2.252976597604779974e-01,1.258441345218911600e+00,-9.732259666051422398e-02,1.383520069123924667e-01,1.043142565281461598e-01,-1.509625946834771970e-01,-1.968935409781379653e-01,3.864922056431377984e-01,-5.222799140316541910e-01,-4.785998738654125700e-02,9.041864164370749801e-02,-1.635928683956702212e-01,1.378524146621189217e-02,2.297340939264580495e-01,5.602506900190847017e-02,4.166144275379624062e-01,-4.162245963755224765e-02,-3.222550665789691293e-01,-1.284677674414135828e-01,-1.936091325840974542e-01,2.164132318935146349e-01,1.375393798481822361e-01
6.223198080048272102e-02,1.205672619318758909e-01,-2.998047923910736046e-01,1.230273577918106653e+00,-5.959039093718360852e-02,1.691215425229955494e-01,1.209038855161240211e-01,-1.586696060787329277e-01,-3.016491537515998966e-01,2.210386107593902694e-01,-4.969561472769204458e-01,-1.121839174571201136e-01,1.787868765256834802e-01,-1.587167215513877461e-01,-6.767171771050734322e-03,2.453474399926600658e-01,1.747333626186941546e-01,3.439535324671718630e-01,-3.093990454636672341e-02,-3.639784098479278418e-01,-5.614306794882427398e-02,-2.034828347926869174e-01,2.210717126691175427e-01,1.668054892328868499e-01
-1.411332389838482887e-02,2.507539576630842260e-01,-3.653412770862971559e-01,1.195641721979164185e+00,4.678745762814394415e-02,1.436216559894488709e-01,1.340001923843004705e-01,-1.685805478936685253e-01,-3.553544490582281057e-01,3.703477697845074523e-01,-4.581157899020612545e-01,-1.583023355588582815e-01,1.189371995546339850e-01,-1.705268267878465860e-01,-3.680479594197554744e-02,2.593538147927546000e-01,3.788875110522225975e-02,3.063040509731890793e-01,-3.011984454093924457e-02,-3.976444419527251362e-01,-5.730145554878642022e-02,-1.829479903911826744e-01,2.170132957656039918e-01,1.971082766813398446e-01
-8.677496379816623806e-02,2.170871000731650347e-01,-4.211126330526350769e-01,1.144947865865492354e+00,-1.041157585439583255e-01,1.286983491036020888e-01,1.368699810670462869e-01,-1.752284677128732315e-01,-3.772755608942250372e-01,3.077180952595581775e-01,-4.118534541363532697e-01,-2.171327774639076613e-01,6.523283613652247626e-02,1.957675554241888882e-02,-6.136682273714584579e-02,2.729601580527308835e-01,1.244502561750879081e-02,2.888767318774684290e-01,-1.394622488730915336e-02,-4.272949704429521156e-01,-1.000563859353729643e-02,-1.463917319996445865e-01,2.115890512262657841e-01,2.249669375383818726e-01
-1.945562975773289516e-01,4.607937988449868350e-01,-4.667493119374969135e-01,1.095163066518036743e+00,-6.439630293677273132e-02,5.788604371159433021e-02,1.551428100040437574e-01,-1.801999191775841003e-01,-4.479776592372511357e-01,2.972259885781060040e-01,-3.607616372409311878e-01,-2.670330566279434104e-01,-6.201358847229790361e-03,-1.620166081277393810e-01,-8.108200858130623634e-02,2.662498945175565956e-01,1.658501174116971122e-01,1.533289545938174014e-01,6.145506780819341708e-03,-4.542137013293286452e-01,-8.128468807760594328e-02,-2.531078606890806437e-01,2.000836152688304503e-01,2.487266373567311728e-01
-1.666875145468609265e-01,5.193517608711406552e-01,-4.988477011020817642e-01,1.019048300391733441e+00,-4.423917109338593168e-03,-8.875815603725534242e-02,1.695770646540811222e-01,-1.771504569500453874e-01,-3.146401467312266442e-01,2.850260174764662757e-01,-3.004364292683160409e-01,-3.130324043234948839e-01,-5.232041005123173882e-02,7.712845887912544995e-03,-9.319722835039417896e-02,2.767603450209327187e-01,7.106316947372889881e-02,1.497019947807567142e-01,1.211020285848671968e-02,-4.664107633911354633e-01,-1.094140842210723219e-01,-2.699746902362357148e-01,1.945962075178031825e-01,2.824377385590468026e-01
-4.032548346650558502e-01,5.884823895557643736e-01,-5.297477831411406823e-01,9.359557616582461215e-01,8.933901628734106093e-02,9.603809468758370271e-03,1.777724910435911632e-01,-1.587377620312344084e-01,-5.296806146872079513e-01,1.211800798320942646e-01,-2.515333177359949657e-01,-3.545251653306835671e-01,-5.317788695522943088e-02,1.013602877848408246e-01,-1.011477363560931569e-01,2.696298705858645728e-01,1.828550270666032262e-02,1.720221023779648362e-01,2.812298618734351829e-02,-4.778725055225081508e-01,-1.843500549983134174e-01,-1.944597565896357128e-01,1.902794819739524468e-01,3.173525797008978078e-01
-4.657138672052578698e-01,6.984799870617797168e-01,-5.326664105103224855e-01,8.449312540334817934e-01,3.970955257295349927e-03,-1.324781005698818515e-01,1.756248967436943309e-01,-1.498684359566781477e-01,-4.379182970737243719e-01,2.039567857781163784e-01,-1.793674452953023524e-01,-3.769428433408828494e-01,-1.287467162012646549e-01,1.157337123214464691e-01,-1.086083590787786379e-01,2.527837041968352128e-01,8.950327660977178135e-02,1.075728377497300881e-01,4.988375135972995811e-02,-4.906985259177470415e-01,-8.443089581431584278e-03,-1.833160146248669908e-01,1.917469396844942997e-01,3.442837018321989739e-01
-4.355419232935454077e-01,7.290832604371894066e-01,-5.247943091786956282e-01,7.433290198121985659e-01,-1.237353947871631249e-02,-1.546771526023500709e-01,1.815864195922887170e-01,-1.269529835348482960e-01,-3.651021944902068661e-01,2.082741716912393792e-01,-1.157126433167845608e-01,-4.039097053694346018e-01,-2.133612048552787355e-01,2.629601687158454604e-02,-1.076278534114650659e-01,2.342341482765050442e-01,-1.154120194429185398e-02,3.606101223666713373e-02,6.502498389449380689e-02,-4.959175399534377360e-01,-9.257359025436120992e-02,-7.526881628967506399e-02,1.742752751512534892e-01,3.700056177305114935e-01
-4.667961320659372304e-01,7.754484496924748393e-01,-5.149357848612313715e-01,6.396910233389425660e-01,9.973108297336401307e-02,-8.909780787243332112e-03,1.880056624113173869e-01,-1.016639468016715814e-01,-3.107769105968595236e-01,1.221671384670499488e-01,-5.839502713172637499e-02,-4.279747279816910610e-01,-2.646727426417775364e-01,2.059555300939564515e-01,-9.726954092872673596e-02,2.247927051366553075e-01,7.569005971536552080e-02,4.758514135225967723e-02,9.043585988231547801e-02,-4.931998796825496356e-01,-1.614667853402245168e-01,-1.520654193059430836e-01,1.640463788727091199e-01,3.838936757550519552e-01
-5.385842068759001400e-01,7.358956455748745240e-01,-4.968593614980335582e-01,5.325525425266455226e-01,2.333282725392862855e-03,-1.738038978997270834e-01,1.819168233127165246e-01,-9.078999564353092133e-02,-4.109706255823341037e-01,8.564597994869857511e-02,-5.670335869005539708e-03,-4.404286983021379331e-01,-3.317016921980450173e-01,1.935125003101828001e-01,-8.137509559925779068e-02,1.979592583787641302e-01,-3.673001923457817897e-02,-3.320746133649145858e-03,1.068301248762292960e-01,-4.903878858898828574e-01,1.172896436908221762e-02,-2.424735654215617320e-01,1.600798869380019029e-01,4.048661752527602520e-01
-6.109393593489590435e-01,7.371435876563928735e-01,-4.663887797126657908e-01,4.309358636002309506e-01,9.682088666127589005e-02,-1.899856470539948439e-01,1.850649434891969425e-01,-6.379718600275466334e-02,-1.981861195685001298e-01,3.403183876406234987e-02,5.736453256391114280e-02,-4.465309582691739942e-01,-2.308253393525175612e-01,1.672902019338574908e-01,-5.754236949033589982e-02,1.733277436698996421e-01,4.844542279851367372e-02,-2.441568477760936232e-02,1.342244044902092537e-01,-4.816875398471719971e-01,1.774386294094395383e-02,-6.800548000265632664e-02,1.377755751094799641e-01,4.345515559090436519e-01
-7.687122577059430917e-01,7.333506071729345432e-01,-4.238191587181564524e-01,3.313428656647084969e-01,4.436401494214382846e-02,-2.805899591045580843e-01,1.774023376027702992e-01,-3.519783868808837313e-02,-2.437622175107144740e-01,-1.004305724979014519e-01,9.903164316913706799e-02,-4.442990632468442613e-01,-4.657260232694407365e-01,1.335622351653962536e-01,-4.272085834074447475e-02,1.526571374570882822e-01,6.820328864112065737e-02,-1.005589106907516517e-01,1.524977780828183915e-01,-4.695695973268747547e-01,1.993916626574681120e-02,-1.634915816468905103e-01,1.135325012737836148e-01,4.454959664732032754e-01
-7.066023982109470580e-01,5.929251098252101837e-01,-3.607847508173395723e-01,2.348667153402245189e-01,7.127859088726860859e-02,-3.029991257565480267e-01,1.736109221950293269e-01,1.902675915032632503e-03,-1.230399718592184027e-01,2.747059287038194908e-02,1.448857427546196286e-01,-4.265627329733029383e-01,-5.386526870334811257e-01,1.202019964996892537e-01,-3.473684919756305292e-03,1.362251992576422877e-01,6.605229814962333690e-02,-1.627807740503650902e-01,1.680788791663752058e-01,-4.490041064571800300e-01,-5.229918314954069836e-03,-7.725492488634010113e-02,8.867669194931863952e-02,4.647151867128495595e-01
-7.536711756411678120e-01,5.022714304465047963e-01,-2.995563489525692735e-01,1.561689548981354259e-01,1.054727805746528968e-01,-1.986649254680763477e-01,1.653066688312643251e-01,4.082438616546169019e-02,-1.135829263649518334e-01,-3.294750481312450768e-02,1.774998737482962607e-01,-4.194467151398046934e-01,-4.669002981139731556e-01,2.295096649218097973e-01,4.363876326441329390e-02,1.231834306770789034e-01,1.832260681712943318e-01,-2.328895409790664728e-01,1.827552732874545283e-01,-4.215697268328139624e-01,7.554275859875678178e-02,-9.807231437990551748e-02,6.553689846431703936e-02,4.739549089496097323e-01
-8.726219438348117308e-01,4.794028017543419673e-01,-2.300889536582731432e-01,9.007181241427514307e-02,2.126975222698757606e-01,-2.197438321787959226e-01,1.516991678816159705e-01,6.865718448204688462e-02,-7.049368540521613880e-03,-5.977737189549635344e-02,2.086112018168380100e-01,-4.047113302603107532e-01,-5.438666358420863878e-01,9.412607939216724451e-02,8.393097941517893568e-02,1.016350560719594676e-01,2.707427230515696559e-01,-2.995151299885101537e-01,1.842585325174042887e-01,-3.865655593144592395e-01,6.021459560148470502e-02,-1.572397804828890300e-01,3.400453153681023966e-02,4.840680576246518263e-01
-9.077924269858935746e-01,4.211885485440738930e-01,-1.458723306859373015e-01,3.012799232102367220e-02,2.469817170952306462e-01,-3.005611224475836507e-01,1.260698592755273018e-01,9.774774692093693429e-02,-7.965835507429342571e-03,-1.239213580477645238e-01,2.281425293939493004e-01,-3.858376121139483472e-01,-5.213110631301320907e-01,2.196844107516480182e-01,1.327403658918394902e-01,9.576303629453224164e-02,1.861742593493255216e-01,-3.227881844438311165e-01,1.752600057604112582e-01,-3.450421878920770791e-01,4.077235362621265541e-02,-1.509005248005944599e-01,3.698534105297367897e-03,4.984668362410258902e-01
-8.745139128694670028e-01,4.135319603143345901e-01,-5.568241546973810158e-02,-1.943280687458450590e-02,2.666674705396569478e-01,-1.745355106831109060e-01,9.572515743140026789e-02,1.334642314173435651e-01,-3.547468967968592235e-02,-6.103881975853724107e-02,2.467052153704503981e-01,-3.596958070944665242e-01,-6.324351200787646787e-01,2.119900462782364492e-01,1.792820774166225539e-01,7.979905786492563768e-02,2.089055220464087759e-01,-2.604837043681004216e-01,1.727094424505387915e-01,-3.018977400953946066e-01,1.961726796118084537e-01,-1.352145262471217135e-01,-2.519045141033737084e-02,5.106348559718706381e-01
-9.054230011429297287e-01,4.244219798415562739e-01,3.308232595539487703e-02,-6.343399734859753170e-02,1.967913164985430619e-01,-1.851421336032708087e-01,6.182478180909967147e-02,1.548465654460190744e-01,1.151911849902054474e-01,-1.215169697128226783e-01,2.666030928866546246e-01,-3.390820257409616345e-01,-5.506011757624633685e-01,2.352702464531790105e-01,2.374400789656948563e-01,6.701850239433512768e-02,2.348848735308823876e-01,-3.332765511189746954e-01,1.657560765501966960e-01,-2.653794137897923511e-01,1.308746685087583406e-01,-3.202202294300784957e-02,-7.004457583624143502e-02,5.197218103064064065e-01
-1.040726475842840726e+00,2.349326019574043412e-01,1.265730553554896276e-01,-1.038357556965026074e-01,2.418816196140493036e-01,-3.022823853904433311e-01,3.405991448571733804e-02,1.754704656672626817e-01,1.183284776144973155e-01,-1.458032546405682583e-01,2.702852774916073009e-01,-3.115593550247386379e-01,-6.408788762335488887e-01,-1.979055927404374526e-02,2.876878776959260198e-01,5.488175433039873402e-02,4.598814318028744408e-01,-2.811598593114995048e-01,1.544320495039105678e-01,-2.221551396685204904e-01,4.103557423629138057e-02,6.864403302191335321e-02,-1.085413051818005514e-01,5.162023022566192276e-01
-1.020879449561415520e+00,2.196944309871324275e-01,2.350207642237157057e-01,-1.203875474412367252e-01,3.639911764771570635e-01,-2.639601126255366470e-01,9.333960610385209911e-04,2.062991389860513169e-01,2.009137672090969828e-01,-3.251359814536347592e-02,2.722620894580008999e-01,-2.815964356670239699e-01,-6.668623900030372642e-01,9.300913676037980693e-02,3.472539102997464489e-01,7.082552910938869073e-02,3.746775069895355581e-01,-3.249805853124947408e-01,1.185293882468998056e-01,-1.849750090605449260e-01,2.542629362138396076e-01,8.023937930768251792e-02,-1.376392261549694851e-01,5.007236803711506701e-01
-9.460600089333366380e-01,2.316527185850211779e-02,3.416311487288107296e-01,-1.299192940172003707e-01,4.078699945955980288e-01,-2.817972114072313516e-01,-4.573077256157246501e-02,2.314561123696309008e-01,3.056078544405265163e-01,2.032516492626999793e-03,2.644780019983908881e-01,-2.630508750719147693e-01,-6.396495182603507690e-01,1.009510953988752152e-01,4.082542544250813976e-01,7.835220086233615766e-02,4.611724176730703784e-01,-3.056694792114486026e-01,8.952186586382765432e-02,-1.454299119124692341e-01,9.226127373377293606e-02,1.174738511117901230e-01,-1.871088231116574685e-01,4.827349349562775616e-01
-9.119488274440425979e-01,-1.024669635714968996e-01,4.405693097303446382e-01,-1.144370086532841835e-01,3.365722452394735997e-01,-2.877872685724357504e-01,-9.774311098525530206e-02,2.559194375382083941e-01,4.101125454783333124e-01,4.979828394950913673e-02,2.453507398566808773e-01,-2.484625857037239816e-01,-6.953080341634627626e-01,-3.215417276221470277e-02,4.657789159540189350e-01,8.807131869206956398e-02,4.747680229153858900e-01,-3.201557788067443400e-01,5.007902546363561525e-02,-1.095048730587396685e-01,1.117642328159401399e-01,1.430080279469355120e-01,-2.191754289518120236e-01,4.586747127575253602e-01
-8.284708660618933518e-01,-1.182745870893958662e-01,5.347099337413486753e-01,-8.156778572104803060e-02,3.072707992153414502e-01,-2.631513781031205590e-01,-1.435181428160917927e-01,2.782427685370970627e-01,3.179742422696593129e-01,-1.774604127750287197e-02,2.151667169744666264e-01,-2.396929698892529548e-01,-5.359163133987900896e-01,-1.458632258319767228e-01,5.280276606064697731e-01,1.139010987492126009e-01,5.321928713203739614e-01,-3.790670073428007436e-01,7.735845468560269451e-03,-7.431654253907357677e-02,2.011089311080682951e-01,1.432192029337157890e-01,-2.517960104287273460e-01,4.306163237673182875e-01
-7.871535491219185943e-01,-1.491436543033531348e-01,6.182815857399721615e-01,-4.264100591551625574e-02,2.350824301512536851e-01,-2.965472782936163232e-01,-1.871879415250978229e-01,2.956870255801527514e-01,3.637370505818978139e-01,8.915280912622506465e-03,1.939484897917558293e-01,-2.257246136204407172e-01,-5.643400871569839161e-01,-2.069417477557902729e-01,5.726648472495289299e-01,1.540364617160477900e-01,4.504014486111456717e-01,-1.772691565128004798e-01,-4.183588991277806951e-02,-3.556207059932402215e-02,2.633623838160099040e-01,2.001070126738589972e-01,-2.917524612028541964e-01,4.010894317055353486e-01
-7.248217541755035409e-01,-2.601270674705562502e-01,6.952649440435493267e-01,3.286136439724966773e-03,3.198911493091891600e-01,-2.705838795704417765e-01,-2.242342967274700560e-01,3.141904824029938537e-01,3.963794742003569627e-01,1.774640540946540723e-01,1.675915482106283272e-01,-2.155646070349787891e-01,-5.429867805967890648e-01,-2.773595748267671524e-01,6.178703482680145687e-01,2.022493950321830325e-01,5.366314961719834686e-01,-2.215738643320703527e-01,-8.484685608888403729e-02,-1.969406121639083462e-02,7.349313567928131286e-02,1.626610188542103597e-01,-3.362169182071640394e-01,3.640707113541186701e-01
-6.308377433946947832e-01,-1.924407979739163888e-01,7.632514853799488019e-01,6.385382132209521666e-02,3.251440694591642977e-01,-3.494168567272065706e-01,-2.704508619988698070e-01,3.281399923756902481e-01,5.168785452193336294e-01,2.485461942901101562e-01,1.376293390081824997e-01,-2.236335130395574744e-01,-3.849853086305149996e-01,-1.891384019768964364e-01,6.582612177052111768e-01,2.594517598663131919e-01,6.061464784365425684e-01,-8.521943229720474466e-02,-1.370019389903741613e-01,-1.633385974494073328e-03,1.988453000056660813e-01,1.340821220789218393e-01,-3.595764539971414986e-01,3.288160421696610380e-01
-5.362836999178905995e-01,-2.780030441875260272e-01,8.184039749042435474e-01,1.206564440626681500e-01,2.049647145380395219e-01,-2.362985718006604119e-01,-3.175984503007560078e-01,3.475875352500894522e-01,5.855933713774732485e-01,7.689223205212411538e-02,9.620518391316039419e-02,-2.402503730712504948e-01,-3.264610123548340459e-01,-3.585509795857340087e-01,6.797555956167886659e-01,3.094842116998354209e-01,5.752795499672304080e-01,-5.669144614740959098e-02,-1.966816958941718096e-01,8.564259606037524265e-05,2.041974879676781984e-01,2.607780383000125601e-01,-3.935724412426155894e-01,2.954772681575278392e-01
-4.043874370230063353e-01,-3.086772310238805606e-01,8.609326148271514434e-01,1.884040803611982118e-01,2.909496493788547022e-01,-2.397472820709992958e-01,-3.534014495066754580e-01,3.532574267451720762e-01,5.520339021924141054e-01,2.429082777754572597e-01,4.899401598391801838e-02,-2.416583157418042693e-01,-2.901183008688593690e-01,-4.018528115520275668e-01,6.927755031624750481e-01,3.772150809227644008e-01,6.378265490239546365e-01,-1.526721992458156818e-01,-2.529883808698794034e-01,-4.026706933546287705e-03,1.122186676248770054e-01,1.301009120095091010e-01,-4.262338835574676632e-01,2.479860203862928048e-01
-2.728854501943085986e-01,-3.530753630384602104e-01,8.866375483602305652e-01,2.609119428595852996e-01,2.447317579905252949e-01,-3.360674693110904943e-01,-3.978618158515968006e-01,3.574563805512962489e-01,4.679783967161796898e-01,3.015215717086960900e-01,5.502985894051990595e-03,-2.620068965796856775e-01,-3.106707503725161246e-01,-4.951681861573298260e-01,6.987117630014963998e-01,4.495015791092711321e-01,6.903532305625004195e-01,1.738409441160009006e-02,-3.149944105403911232e-01,-1.315482642320705067e-03,-2.094348026928778000e-02,2.646683130955730379e-01,-4.471321946330352737e-01,2.122341543397205377e-01
-2.006678290674409615e-01,-2.224407583289927937e-01,8.954263065248653231e-01,3.386861237881877984e-01,6.963852095475600579e-02,-2.163915674886712215e-01,-4.376321728415813461e-01,3.690501798411612855e-01,5.363277679984903568e-01,3.507044287658826476e-01,-2.829956702027026233e-02,-2.902528187001551796e-01,-1.673451998845082445e-01,-4.041717704533809852e-01,7.030714786754369561e-01,5.309644052030547678e-01,5.701396064309219858e-01,5.129964266222870883e-02,-3.820015760055743836e-01,-1.871033490602180480e-02,9.700957852044139740e-02,2.861604718358181643e-01,-4.528061363516528992e-01,1.622090481784104199e-01
3.449903882972298053e-02,-3.466803545208334558e-01,8.930708375681843947e-01,4.033492952398343157e-01,1.528131758409945751e-01,-1.323020849349551276e-01,-4.602219543934146784e-01,3.666263719070847471e-01,4.244534469138497301e-01,4.111185860194276342e-01,-6.732176563124074586e-02,-3.249220228931707366e-01,-2.948333377414386058e-02,-3.101983118261630867e-01,6.890203358320735605e-01,6.030368008442528183e-01,6.377446993465752945e-01,8.833302348936468429e-02,-4.357048113660548783e-01,-4.272061364043102522e-02,-5.657069067159249676e-02,2.692636595103374830e-01,-4.677522860804194660e-01,1.100642694078014933e-01
5.377900677500341287e-02,-2.301721335522831646e-01,8.639976659491817035e-01,4.799163710944995831e-01,1.164325155544286977e-01,-2.690229976844075166e-01,-4.908679081688839263e-01,3.546853310184416852e-01,4.225228387309349354e-01,4.734887451946664383e-01,-9.318928779061343148e-02,-3.673571879758720238e-01,-7.482223437640067587e-02,-2.635108813285342855e-01,6.576864066117505958e-01,6.645640036691116137e-01,5.716445477099967309e-01,4.328833779074371668e-02,-4.946399010005495533e-01,-7.295527812474050799e-02,5.780244880677411212e-02,1.801302717675004050e-01,-4.646541245390257702e-01,5.919081692192612598e-02
1.240415778515462919e-01,-2.324500364233704208e-01,8.293699804566605494e-01,5.429097274779257631e-01,2.150900955583405494e-02,-2.221843548555835768e-01,-5.170910134058327445e-01,3.549667662281104086e-01,3.193380733872005495e-01,4.533875806230679428e-01,-1.165922715006727506e-01,-4.170513435193982654e-01,9.403692834954299751e-02,-1.440782888185550004e-01,6.280218685535486900e-01,7.194808526864761022e-01,5.769262371715330184e-01,4.087145719886606243e-02,-5.450941825639690208e-01,-1.014279169635930733e-01,-6.628447861259044449e-02,3.085377271958842371e-01,-4.704826501161784580e-01,1.770176833685842971e-02
2.617082247400944750e-01,-1.520185624300891269e-01,7.847991507780298637e-01,6.040163295872971183e-01,4.358241789143049022e-02,-3.360692413404121615e-01,-5.336723669020599914e-01,3.492585111987138169e-01,3.143494681258536261e-01,4.988964694508473685e-01,-1.270596688028801657e-01,-4.655895649377183032e-01,8.152792588007075347e-02,-1.272774907590042137e-01,5.789252455175253331e-01,7.606370396409669610e-01,5.420008408080313478e-01,1.698845609848575466e-01,-5.943463096669054924e-01,-1.319905401846779014e-01,-4.653219038866479584e-02,2.709651863417227857e-01,-4.618029191314376170e-01,-3.665935837358182126e-02
3.178204917877583968e-01,-2.289708780046346981e-01,7.237005534310073651e-01,6.544825246161214416e-01,-1.035781830138024356e-01,-2.159421311129677279e-01,-5.520738714300043037e-01,3.541497241072368296e-01,2.726499678259127202e-01,5.893997269833455288e-01,-1.345491821827821122e-01,-5.188967748465714847e-01,1.794813557485527844e-01,-2.404642160323615108e-01,5.293387521841554921e-01,7.974151314518934663e-01,6.279645377680974638e-01,1.470294796471585119e-01,-6.382791296758100197e-01,-1.777133404583716159e-01,7.122946009900901765e-02,2.300653183220677800e-01,-4.524491273710439243e-01,-8.649286320453192234e-02
5.776585149458101087e-01,-1.997513591317260084e-01,6.548617577208710738e-01,7.092910680024518966e-01,3.825530368172586071e-02,-2.234830573246965046e-01,-5.558878951049178729e-01,3.460826437847013826e-01,1.525713389895538841e-01,5.258423848909785647e-01,-1.351711161055454968e-01,-5.812946045578003540e-01,1.212296810198795899e-01,-1.154105189926773745e-01,4.684369199359333935e-01,8.428167992834608713e-01,4.252614826197822495e-01,9.107690135518367591e-02,-6.882607826256049721e-01,-2.230505072005076750e-01,8.894041351878886892e-02,5.121432875181339273e-02,-4.524515693227573188e-01,-1.314607042019947103e-01
6.777492500479181947e-01,-8.228794743668235712e-02,5.577424728868726200e-01,7.574127997420205816e-01,-1.251054673387207994e-01,-2.180487165107389269e-01,-5.734603270891738269e-01,3.386302512761590888e-01,2.151511196692475203e-01,7.362768597430899842e-01,-1.206782742051143997e-01,-6.369788261887698866e-01,7.960885803217233880e-02,-9.930346921687542572e-02,4.114819158700282475e-01,8.724015565265110794e-01,4.696477335111755025e-01,1.082957608649375431e-01,-7.154060803780555311e-01,-2.649955014485961269e-01,-4.945115380573864017e-02,2.014585902652728244e-01,-4.519888452938883305e-01,-1.582633718351095786e-01
5.862632235379106049e-01,1.081834225890181134e-02,4.488261786899602757e-01,7.886586104438558786e-01,-1.349888516176039888e-01,-1.965840087534825309e-01,-5.742165809550093813e-01,3.298069855126714578e-01,-9.129890015508485002e-03,5.861595226592878349e-01,-1.097645450531961608e-01,-7.126387978624851849e-01,1.327290404786414246e-01,-1.220694492135848547e-01,3.575726353545378156e-01,8.973588988687429824e-01,3.420246198989135844e-01,1.695113880169522302e-01,-7.447349398791854869e-01,-3.097509541076094441e-01,-2.359162462806843608e-02,1.535378867926802393e-01,-4.363569538745837306e-01,-1.999004462472133703e-01
7.641040032135980598e-01,6.210764466116921317e-02,3.481832965959424930e-01,8.049827025707837480e-01,-1.620482352075498234e-01,-2.493686696086689358e-01,-5.735410040557491484e-01,3.188546185564468116e-01,4.768365670691222802e-02,7.037384792592389360e-01,-7.272815606946333999e-02,-7.722728578500782648e-01,1.422174202034673096e-01,-1.426541105992906178e-01,2.974461207263907614e-01,9.217564263548601033e-01,3.938876738342964035e-01,4.780956936556680914e-02,-7.588930550380934559e-01,-3.618076181997871843e-01,-3.583371209497030613e-02,1.739916766127060921e-01,-4.213378106883293173e-01,-2.357086362121490475e-01
7.618073045125709486e-01,3.404677676118853524e-01,2.295716496591327649e-01,8.110711884208307021e-01,-1.840269886138025113e-01,-3.412609483260058418e-01,-5.696190382536062691e-01,3.132825585530544799e-01,-9.246045882843154096e-02,5.596109614179203273e-01,-3.863830084092655798e-02,-8.414514162272677122e-01,2.252127122337682918e-01,-9.838248609647785858e-02,2.355321315485034983e-01,9.450703129326006868e-01,2.428867518262396163e-01,2.818336875248073081e-02,-7.755604834384023372e-01,-4.020738155415193860e-01,-6.708373333126811666e-02,5.568223766920318840e-02,-4.034073058435987957e-01,-2.725921829039485433e-01
8.956968722332819821e-01,3.442765570821391119e-01,1.116259652288172366e-01,7.833871794543206812e-01,-2.039200761724594690e-01,-3.340894556188483411e-01,-5.632465370161230389e-01,3.171294850353147399e-01,-4.557512943387895255e-03,5.207442725207171996e-01,1.269379371350418811e-02,-8.940908843403184703e-01,3.134251120030046023e-01,1.404951007985670228e-02,1.645450037439569191e-01,9.607327912837370087e-01,1.621991297068860471e-01,7.445987122432065619e-02,-7.750215305849752490e-01,-4.409553625463031867e-01,-2.077884242345889587e-01,-1.071854116474722229e-01,-3.806293093580575548e-01,-2.965232811533590196e-01
7.498129705564255953e-01,4.017908904947787851e-01,-1.759703027489481486e-02,7.496293646037673897e-01,-1.370183417520791647e-01,-3.158351807766616171e-01,-5.551157415102246917e-01,3.205521957738511341e-01,-5.180071902980702692e-02,3.820456904631251982e-01,5.753349733030348190e-02,-9.399629458188973885e-01,2.350162795734528631e-01,1.710584921695927352e-01,8.440006525739107701e-02,9.615242941240416119e-01,1.208619311004603819e-01,4.246406354625330282e-03,-7.644835984169912058e-01,-4.841954857470708862e-01,-2.932417069367801443e-01,-1.182079155124517583e-01,-3.427326830463465757e-01,-3.028857517224329832e-01
6.818708022662594015e-01,4.137629066086113694e-01,-1.297476709371995496e-01,7.039042160057563668e-01,-2.817870402742648217e-01,-4.371515424167330410e-01,-5.538959937081269214e-01,3.225324956481272487e-01,-1.925319544870963406e-01,3.455695635243530850e-01,1.090993370361290071e-01,-9.694494451759405607e-01,4.008199641717642425e-01,2.483368384212178148e-01,1.255603395943215989e-02,9.426243673336118789e-01,1.881142894091088202e-03,-2.533105159333876033e-02,-7.477272816530912136e-01,-5.196207817897008363e-01,-2.329460920031166671e-01,-1.790425696281931212e-01,-2.962104583710695183e-01,-3.062217318493051788e-01
8.195182376196263885e-01,6.391092352484983863e-01,-2.321313741299202149e-01,6.516895406235050370e-01,-1.869749151330578341e-01,-3.141301548436787328e-01,-5.383054564446991819e-01,3.366927503165273450e-01,-6.303451736513529524e-02,2.404203850334553638e-01,1.758833527117827922e-01,-9.925402367526506842e-01,3.412960275377588393e-01,3.335471654445546497e-01,-7.448081226233561891e-02,9.125415755925874173e-01,-6.643317421803143774e-03,-1.150171253566681651e-01,-7.174155988081387658e-01,-5.510343061415793331e-01,-1.037577428369757526e-01,-1.816770246861237614e-01,-2.558417784931185102e-01,-3.011399145342453787e-01
6.048652629813870973e-01,7.225318081431795214e-01,-3.450452347721550406e-01,5.721740524186091914e-01,-3.294940838142714767e-01,-3.093332016001412721e-01,-5.329974647667685694e-01,3.392379491082839760e-01,-1.119389299502148716e-01,3.186869932242341052e-01,2.304497943393112036e-01,-1.001651068898266939e+00,3.283928335004842602e-01,2.411041089056007447e-01,-1.535269217164287603e-01,8.697968644375240199e-01,-1.704503911499566926e-01,-1.297054116434853133e-01,-6.848781515208964832e-01,-5.717760877194479896e-01,-2.239217739184727052e-01,-1.207673020447062734e-01,-2.288961901308533831e-01,-2.938187863585048909e-01
5.677785112890013641e-01,7.944088653077358009e-01,-4.318359315530242437e-01,4.791965754292103474e-01,-3.433473009514159124e-01,-4.136931654793154500e-01,-5.135972029358975011e-01,3.415515592525844024e-01,-2.146161531889840268e-01,2.706829600913354117e-01,2.900197529826688547e-01,-1.015818208490484098e+00,3.118441212002502905e-01,3.273944486981757440e-01,-2.286644832116946913e-01,8.326318475077190140e-01,-1.465585631847959591e-01,-2.732097657370253230e-01,-6.351312519194494133e-01,-5.893017141548912985e-01,1.026211804323667875e-02,-8.620885072642363312e-02,-1.904661763084209425e-01,-2.912942472593083587e-01
6.398369582985257153e-01,8.701863489941326080e-01,-5.097533975972208253e-01,3.752946454994643410e-01,-3.576215808027164433e-01,-3.461772591450874015e-01,-4.930475585470637245e-01,3.552515226418363481e-01,-2.308676616748838450e-01,1.977314162538256759e-01,3.601907823051994639e-01,-1.022134261020691381e+00,2.017008558759831871e-01,4.888635238493267421e-01,-2.998307768107170701e-01,7.833327896308168725e-01,-1.143823502242268114e-01,-2.220249130562773066e-01,-5.872119618048579071e-01,-5.898937943246169713e-01,-1.781627572278574878e-01,-1.668413217704452778e-01,-1.758195552175018384e-01,-2.903301631301486996e-01
4.585105258404610917e-01,8.802087502880929781e-01,-5.892241701971249190e-01,2.605875553934983158e-01,-1.797372460110680525e-01,-3.977773800193840636e-01,-4.718798293384490750e-01,3.631364622530318109e-01,-1.289389083623426191e-01,1.957365672094670273e-01,4.318638215187929341e-01,-1.017626205602044864e+00,1.955583094305065328e-01,5.725390635103760895e-01,-3.570876676818121043e-01,7.146549155554148269e-01,-1.601106074181647410e-01,-2.906299337923281545e-01,-5.427794353057767696e-01,-5.932176491270558794e-01,-1.047628170099281081e-01,-1.562725588438053648e-01,-1.424696539000530615e-01,-2.805804641710591407e-01
3.516338833270150066e-01,9.359205185420924611e-01,-6.443627432064364946e-01,1.416408948234861853e-01,-4.106972299924330772e-01,-2.856083755079901754e-01,-4.690245475434840494e-01,3.771849516734946395e-01,-2.283148343135285585e-02,1.833538332285765127e-01,4.926732036041981955e-01,-1.009382462228734401e+00,1.741961449359734904e-01,5.400442332669043166e-01,-4.099581910451867706e-01,6.351900419302090040e-01,-1.346026679655956404e-01,-3.417479838452762708e-01,-4.938856484159924176e-01,-5.874506658540820103e-01,-1.203642587791658447e-01,-2.345845795672033274e-01,-1.171524022765198653e-01,-2.702899049835000844e-01
3.397993337419650817e-01,9.520159073718722498e-01,-6.825548768167531977e-01,1.512218175520949059e-02,-4.328129886413019656e-01,-4.093220093343107879e-01,-4.437896886228522297e-01,3.800709969914976005e-01,-2.091321990993259133e-02,4.151970350090179729e-02,5.420829777661505533e-01,-9.969277681321492279e-01,1.333214573816987325e-01,6.125127278512648710e-01,-4.564112802937795865e-01,5.568405534393467970e-01,-2.073325027084069183e-01,-4.034250947968788248e-01,-4.481341054777487343e-01,-5.741763288140517840e-01,-8.439137970078415540e-02,-3.274911356227843684e-01,-9.094450741209081368e-02,-2.509732401602338125e-01
3.428316998026874063e-01,9.425230074619753706e-01,-7.130338166558618518e-01,-1.141170195150695982e-01,-2.944968622680921855e-01,-3.726767688439109327e-01,-4.166440156691932351e-01,3.965653496029999392e-01,4.890018850548447094e-02,-1.452552814562999700e-02,5.903736812676392276e-01,-9.679101236158565991e-01,-2.398723617636136507e-02,7.649277036858641576e-01,-4.945911383168306585e-01,4.694223059431400502e-01,-8.221363018739819006e-02,-4.127790250123030691e-01,-3.960547895941399221e-01,-5.525417739118971827e-01,6.864280531706737354e-02,-3.077340781456098240e-01,-6.945781831857954225e-02,-2.211829664820177399e-01
1.098049318248445899e-01,9.329265854411510350e-01,-7.371990258109633043e-01,-2.431173523443603268e-01,-4.103332762997912719e-01,-3.177726432976166193e-01,-4.043193632408767502e-01,4.106423529272255624e-01,8.653467395707792331e-02,-1.062315439607930262e-01,6.299390987586699353e-01,-9.310672739531906661e-01,-2.016211446460922097e-02,7.401969356708357761e-01,-5.124549267912921202e-01,3.654085859393249036e-01,-1.073649242054505321e-01,-4.315085548308735253e-01,-3.578877527918002399e-01,-5.275167324694560733e-01,6.335175460222540467e-02,-3.407033548861444494e-01,-6.488989911871176353e-02,-1.924854917222265926e-01
-1.101567599965648236e-01,7.881175315385208213e-01,-7.314958108095183098e-01,-3.715559717399648521e-01,-3.522117116775349555e-01,-1.901321689753243949e-01,-3.811879125823863235e-01,4.197541332020139904e-01,5.516930513953660631e-02,-1.523041314040491645e-01,6.636623433841406516e-01,-8.833158073699397539e-01,-1.349529877957281743e-01,7.748925852367067879e-01,-5.254173260878081120e-01,2.636276907038980211e-01,-1.659125931162226675e-01,-5.074401407308868350e-01,-3.186878991727717381e-01,-4.988766269481127447e-01,6.318962936757957505e-02,-1.829122080632658298e-01,-6.124846014416759910e-02,-1.604427418854600107e-01
-2.081596684044990930e-01,8.812987224400563591e-01,-6.974447241850684209e-01,-4.844297609048870412e-01,-3.326707833640766276e-01,-3.314775481099297427e-01,-3.644658789825778733e-01,4.171954149544134238e-01,1.120722938859027018e-02,-2.989191222694524974e-01,6.979373189124146171e-01,-8.295775692488268627e-01,-1.798542368308726491e-01,6.740078478188998856e-01,-5.217583155379442728e-01,1.583668112662431071e-01,-2.793703461598293636e-01,-5.872105117058675772e-01,-2.753018035223139814e-01,-4.608724154286843455e-01,-1.659177630379599089e-02,-1.906761875644478188e-01,-5.920698120480992477e-02,-1.441976775947164113e-01
-2.717227901177282079e-01,6.525912986465525201e-01,-6.481923180473508905e-01,-6.042249924622907775e-01,-3.218011625331532177e-01,-3.196982450821114763e-01,-3.496748888669329869e-01,4.296187630741756802e-01,5.680167320199940029e-02,-2.773519547822766440e-01,7.337225366538262517e-01,-7.598081854635522214e-01,-1.523285240355859993e-01,6.278155247449800358e-01,-5.083973667736128021e-01,6.403225120304699425e-02,-1.415474064138232679e-01,-7.516950815426581833e-01,-2.227302180435110079e-01,-4.129703860183233655e-01,8.055702676009703078e-02,-3.009931704801042662e-01,-5.000794758529033407e-02,-1.271759162554689515e-01
-4.259338677158172048e-01,7.754547423419373420e-01,-5.869330882847446640e-01,-6.979537171905555448e-01,-2.982535141102026777e-01,-3.351891663003808697e-01,-3.366808357216655168e-01,4.415223250865525917e-01,2.153767960832794204e-01,-3.025340114268397773e-01,7.612557070668062309e-01,-6.908506581659271673e-01,-2.508334475919899997e-01,4.997400143768898628e-01,-4.931809937582676828e-01,-2.443083672519080762e-02,-7.729076449398458726e-02,-6.598708457150529449e-01,-1.866506645187690494e-01,-3.463039989402400542e-01,1.705289613965868534e-01,-1.367738265625799143e-01,-5.142760414213970455e-02,-9.877105268888715373e-02
-5.270072598594617297e-01,6.774553753440989423e-01,-5.059733388576729274e-01,-8.003383448508487596e-01,-1.772618798100879522e-01,-2.882324997191291205e-01,-3.267144766329944661e-01,4.555470007269082910e-01,2.857037866640107504e-01,-3.898012814120793146e-01,7.693305545164453862e-01,-6.184353797075367032e-01,-3.648219405724206776e-01,5.494250795819126676e-01,-4.638096817611575551e-01,-9.877844903515220487e-02,-1.017238184431566717e-02,-8.019186591637409434e-01,-1.605369004403810473e-01,-2.874412030383987626e-01,1.661048969809842402e-01,-1.992880616835473462e-01,-6.324817918684901008e-02,-8.703571436920343185e-02
-5.113539018551243043e-01,3.617201687380292574e-01,-4.103191356253067523e-01,-8.882589543900819562e-01,-3.226442394459878571e-01,-2.088925446778452932e-01,-3.296068273067908061e-01,4.652842475843894654e-01,4.088485984616410107e-01,-4.922213389500517122e-01,7.667211839650858174e-01,-5.373430344953999960e-01,-4.975891019822131223e-01,4.614295305685588988e-01,-4.195252348016008104e-01,-1.761706735388607892e-01,3.681238603860326197e-02,-7.840828394092554943e-01,-1.442249309887311259e-01,-2.134417666793610724e-01,-1.290017198284817979e-02,-2.634918883233164921e-01,-7.513629063142707176e-02,-6.970991173190581314e-02
-4.191534867649520657e-01,3.655924821725562435e-01,-3.124540092785717538e-01,-9.393013338633269260e-01,-3.278503257100731094e-01,-2.259012376123155919e-01,-3.184271519854520727e-01,4.668829895851940304e-01,3.521185956485142765e-01,-3.773973012349483014e-01,7.477808773081867644e-01,-4.466437358761978227e-01,-5.779751564027755251e-01,2.765288792759782455e-01,-3.583913019367134800e-01,-2.420788490852721631e-01,1.199567810740235357e-02,-8.699266334476443152e-01,-1.363930630098768582e-01,-1.408758122419341841e-01,1.167008770472455353e-01,-1.220181104563313745e-01,-6.991143041528928570e-02,-4.666287853917072681e-02
-5.510903888082042679e-01,8.721844999012937083e-02,-2.218803924356546053e-01,-9.855460755543047346e-01,-1.805507303693941190e-01,-9.167482949898300704e-02,-3.068760341751776144e-01,4.707286031779868152e-01,4.505184020699039005e-01,-4.210702970042760618e-01,7.301211217110880058e-01,-3.689338903367510025e-01,-5.179532230902975654e-01,1.445342773506182177e-01,-2.863220840454686611e-01,-2.860460996684821566e-01,4.891458907474906942e-02,-8.490880107665786936e-01,-1.297370222700462983e-01,-5.978816085567188743e-02,1.909851069889086650e-01,-8.586481862590086833e-02,-7.882535793854723860e-02,-3.764699806533826354e-02
-5.280076681054528542e-01,-4.183254674117216354e-02,-1.163777058217133620e-01,-9.991610451308686747e-01,-6.471191369676931870e-02,-3.275376201152743749e-04,-3.103180931978569146e-01,4.617020497364979215e-01,4.753307845278942345e-01,-5.682795670479467987e-01,6.988669212670656217e-01,-2.882191752192677092e-01,-4.649303690770196784e-01,7.608067162451498389e-02,-2.185176379020387083e-01,-3.129559341284842700e-01,1.339705903318925695e-01,-9.340091815035707068e-01,-1.308468271600435051e-01,1.904137311343179900e-02,1.060547037819502131e-01,9.180564604885425861e-02,-9.556052433858017170e-02,-3.274591367070808778e-02
-5.827596116855704445e-01,3.356487110266026530e-02,-1.316361036323518419e-02,-9.945394420354274345e-01,-1.438694414212642603e-01,-6.043390609856994639e-02,-3.248736967499959438e-01,4.434258385670393765e-01,4.733489010933951135e-01,-6.063073991743228586e-01,6.613122938745791268e-01,-1.948407368644130278e-01,-5.483047202762650896e-01,-7.799851918265160444e-02,-1.550997452162802548e-01,-3.294808239711832232e-01,8.964976671769578354e-02,-9.043525491209802869e-01,-1.443755015657936791e-01,1.058166446942260253e-01,2.154548365488002382e-01,-8.827559267055601344e-02,-1.039421035617811712e-01,-4.647465263769211263e-02
-6.293445528706520520e-01,-2.696404427098788581e-01,9.465271775918476793e-02,-9.923535517105758208e-01,-9.521090224365742760e-02,-6.367824539673590245e-02,-3.305139770651637221e-01,4.305502951491220198e-01,6.195807895937410770e-01,-5.195816262494075133e-01,6.195461586014570088e-01,-1.001089466532401190e-01,-4.263700664327493284e-01,-1.688235874870730180e-01,-8.291779496000616090e-02,-3.273410624141756542e-01,1.165676435594549254e-01,-9.040451577639700975e-01,-1.577031213990537084e-01,1.884127743632805774e-01,2.586204502289282114e-01,3.128341034793362396e-02,-1.225287414361554278e-01,-4.252653865780555570e-02
-5.508720714895817272e-01,-3.656076192488046384e-01,2.063470294141316330e-01,-9.544990554409649164e-01,-4.129545822875466121e-02,-3.082134387307630674e-02,-3.403446671078232399e-01,4.177989229638663926e-01,6.296270347105723530e-01,-5.751308902018540392e-01,5.587060782262484038e-01,-1.671703571689590884e-02,-4.670957555370183201e-01,-6.196500013108408034e-02,-2.348548791352429027e-02,-3.125425259789698651e-01,9.165059315444688826e-02,-7.966391087079260913e-01,-1.777469811846137671e-01,2.698007249937444674e-01,2.891099815336630185e-01,1.079945617593576768e-01,-1.455124661323985436e-01,-5.148323737517372656e-02
-4.464550687044100963e-01,-5.012254628598400430e-01,3.076156224195014111e-01,-9.017291672895887400e-01,-6.460826947189088343e-02,2.049198281822858236e-01,-3.548715218268777560e-01,4.013524355700924806e-01,5.955672242466553135e-01,-4.558715449237345507e-01,4.930933983898823647e-01,6.868461340213435906e-02,-3.361325456366159870e-01,-2.045135852264918785e-01,3.891313402056886112e-02,-3.055664958487757099e-01,4.743089040785221366e-02,-8.282906007634562862e-01,-1.992216565039368892e-01,3.389441610904112001e-01,7.335177606229681402e-02,3.234357725555976615e-02,-1.709565160370603298e-01,-6.919822006403904269e-02
-5.396634886645029772e-01,-5.353214826498366996e-01,3.951872666686720992e-01,-8.306902286792793300e-01,1.055982948260571208e-02,1.206825779169601737e-01,-3.661586960669911406e-01,3.607118904921736702e-01,7.214711711031963626e-01,-4.243166042133592053e-01,4.270485187749450962e-01,1.383652761670742248e-01,-2.522914540034733033e-01,-2.629532084275845727e-01,8.747971018653133424e-02,-2.812759979938355692e-01,1.321082961588921911e-01,-6.383972435394824618e-01,-2.195790482240986830e-01,4.097539783595992580e-01,7.015022734315028152e-02,5.531340770905873033e-03,-1.737852385580799519e-01,-8.050305174576982692e-02
-4.331629025456488757e-01,-6.535528595305246657e-01,4.880013324980585487e-01,-7.523294047970378040e-01,-2.210520529860053596e-02,2.081459041172047386e-01,-3.828712993858220393e-01,3.281869927732823378e-01,7.426925137717685921e-01,-3.954215753074880602e-01,3.453595597320913702e-01,2.011718576794862545e-01,-3.691581178856767065e-01,-2.931504035843739975e-01,1.261515935673158395e-01,-2.488776817378967887e-01,1.192306463896993796e-01,-6.309167212487035714e-01,-2.517986979837609218e-01,4.601208710052079320e-01,6.480253371823570252e-02,5.734837294381171791e-02,-1.757139922433671453e-01,-8.919689114405332520e-02
-2.034834629902730896e-01,-6.810359689104737990e-01,5.656901370264019180e-01,-6.580180777150207438e-01,-1.059260124355437260e-01,3.465509233922504095e-01,-3.945958027213009589e-01,2.862873099165902935e-01,7.088401549990095418e-01,-1.948850416935296870e-01,2.589341077197844787e-01,2.566352032472869471e-01,-1.835880642371280347e-01,-4.230811003775905577e-01,1.746580128404443544e-01,-2.117383719775519368e-01,2.056626416576924909e-01,-6.689767637659438382e-01,-2.850345616386527059e-01,5.078235940702211515e-01,1.051445634991311495e-01,1.292788919216253107e-01,-1.766636147103861632e-01,-1.031141789312542550e-01
-1.395146645991310053e-01,-8.059920394556296941e-01,6.152368239430876518e-01,-5.576826398928238504e-01,2.178231212381168125e-02,3.432142612325755349e-01,-3.957815027246133210e-01,2.302251448558534364e-01,8.087079033403659079e-01,-1.577503098832164774e-01,1.736742244672870306e-01,2.874013729952831775e-01,-1.662761851088948584e-01,-3.694354333906008647e-01,2.024582478718749134e-01,-1.594251893509724960e-01,1.643019392014852254e-01,-3.837367548729323508e-01,-3.290787827567946411e-01,5.573822683363903741e-01,9.352615993492437163e-02,1.229754851383353803e-01,-1.809494177420657712e-01,-1.241850242435439261e-01
-1.597215063304626981e-01,-9.155662733244732676e-01,6.530882332605677520e-01,-4.430128362261468444e-01,-8.490923022041763080e-02,3.877150108096279468e-01,-4.069426813537393994e-01,1.747870061534543551e-01,7.780615568984857733e-01,-1.053792868323385895e-01,7.742882458518579591e-02,3.100223994953704709e-01,-1.000599299563036115e-01,-5.516916467110259958e-01,2.257525417765257614e-01,-1.114200354645785151e-01,5.612836036307307375e-02,-5.131097372357362740e-01,-3.711770406575369829e-01,5.759178256753429981e-01,-1.959261176871919530e-02,1.640566290749643774e-01,-1.829988244918926699e-01,-1.447073684087767098e-01
4.550902558359716521e-02,-1.022977342932636535e+00,6.870219560464252417e-01,-3.162177731595155472e-01,-1.708921449219872324e-01,2.927580114765810926e-01,-4.046082272051751416e-01,1.146891847846148865e-01,5.555114792061510709e-01,2.449306543326484203e-02,-1.627717425828250492e-02,3.224790976216702076e-01,-5.441468502623283965e-02,-4.308666601062405288e-01,2.398927714202362949e-01,-4.432995883157740680e-02,8.124728568295908060e-02,-3.736460101877069340e-01,-4.031173966393545305e-01,6.051816436520857101e-01,-2.993060897179684529e-02,1.046013834600307280e-01,-1.727030100978470817e-01,-1.693118684675463392e-01
2.282668319939796242e-01,-8.664884849250680254e-01,6.939156782453300698e-01,-1.777841460896425196e-01,-8.794514689726301571e-02,3.271395299411670732e-01,-3.907013691599582894e-01,6.457762667995370354e-02,6.181812931078802809e-01,-6.782073962724269323e-02,-8.776375101093222830e-02,3.172109528128032596e-01,2.257712589348696494e-02,-4.580257431851302297e-01,2.460439858048582007e-01,1.096277120670197808e-02,7.162393680786507955e-02,-2.401019831182126807e-01,-4.388259105801838311e-01,6.187283546579356308e-01,6.452626861805219050e-02,1.461198845547451997e-01,-1.602139702274521516e-01,-1.873055228623821122e-01
3.686267033675616478e-01,-9.350422721860702779e-01,6.756063747992190338e-01,-5.551916443567736503e-02,-1.916645148158304390e-01,5.001681279631566834e-01,-3.826838223002222428e-01,1.203174983584091862e-02,5.181463522969009805e-01,8.452060333288644034e-02,-1.648098900423265734e-01,3.176519943565077053e-01,1.522104732709171349e-01,-4.720570676723630510e-01,2.417079889361782585e-01,6.893277830048859245e-02,2.481772118884870149e-02,-2.573480128331943062e-01,-4.740232654526261857e-01,6.170604723058683572e-01,-1.550669740379235495e-01,2.321350132655728982e-01,-1.563536150826109472e-01,-2.087178297468147981e-01
5.132723464913603317e-01,-9.525981855429865863e-01,6.372949450260304571e-01,7.192883972784991364e-02,-1.194926741057531772e-01,5.311838905876326011e-01,-3.617311951523237146e-01,-5.709086023630213780e-02,4.768741892045085251e-01,3.492777893177222148e-02,-2.313943913467789437e-01,2.990246568944622818e-01,9.403749584654602645e-02,-5.423878879148833487e-01,2.215528325556083700e-01,1.277290764674228196e-01,-5.687776003070172531e-02,-1.230176837599436940e-01,-5.042377394659313117e-01,6.153772247089411840e-01,-1.093212649961021465e-01,2.695185410680857041e-01,-1.294931578319556686e-01,-2.384062537691467309e-01
6.102314017293197779e-01,-9.460097533939736403e-01,5.784196943699541071e-01,1.984330797712179351e-01,-1.478620024349629747e-01,3.582248752758472321e-01,-3.446888481795784553e-01,-1.278423697072474108e-01,3.363751873128361658e-01,2.333515857781141289e-01,-2.925104509202550718e-01,2.821614289210442883e-01,1.830854321185425015e-01,-5.004054386755000250e-01,2.044166273882074558e-01,1.921897814656760295e-01,-1.594567711315097169e-01,7.837472457884409049e-02,-5.260106904147157092e-01,5.987688698820973210e-01,-1.482284873297676497e-01,2.966333182036891003e-01,-1.058982374557677630e-01,-2.703122734150750217e-01
7.000481878629553067e-01,-8.929762437276634879e-01,5.039243486416993267e-01,3.205623650668582569e-01,-2.744839193513636810e-01,3.617449339763774696e-01,-3.213972944159687040e-01,-1.800096088975659259e-01,2.995000395828563700e-01,2.086645114106208676e-01,-3.383571878759811802e-01,2.425216001418165901e-01,4.078210131009191719e-01,-4.092865446282044628e-01,1.752767805278916957e-01,2.511984034066498395e-01,-7.251046177698480810e-02,1.551936784074051667e-01,-5.365641406244987532e-01,5.610419947231068960e-01,-1.173247887588456939e-01,1.706612640164829608e-01,-7.697293236482759260e-02,-3.035575905318373402e-01
8.605818175577067963e-01,-7.268353078796184752e-01,4.148380300402056964e-01,4.329226626045478699e-01,-3.431781411310182439e-01,4.433920169592855398e-01,-2.829944078301357413e-01,-2.310455118933291696e-01,2.822151227958944464e-01,2.362207906886228115e-01,-3.782594531814563732e-01,2.033175221427482582e-01,4.796549212454913613e-01,-2.720889496299990773e-01,1.209104540523819465e-01,2.992783300214775788e-01,-4.575295958799688312e-02,9.478546668186879631e-02,-5.538703093127947952e-01,5.153434793774637201e-01,-1.365070255727769410e-01,1.484874619453612210e-01,-4.966494529688167403e-02,-3.225600973045396058e-01
9.460721133227666391e-01,-6.685172543911850340e-01,3.046657817160239867e-01,5.235384930156994354e-01,-2.715741114717140636e-01,3.736967621388620486e-01,-2.354233782958288779e-01,-2.880183454828442180e-01,2.775256490426586398e-01,1.718152478593528709e-01,-4.142349799376481845e-01,1.596177623479017871e-01,5.017134759044916681e-01,-2.168588240453751814e-01,5.730848502314665055e-02,3.306352779780443729e-01,-2.860625622927203127e-01,2.684083628213679296e-01,-5.714718105434013484e-01,4.751098999130426992e-01,-1.765840694770373087e-01,2.498685371269172006e-01,-1.966389865384121985e-02,-3.378687953439166169e-01
9.503044290704644181e-01,-6.684310113473787007e-01,1.821246741793025870e-01,6.022790337889090129e-01,-1.693431960974222661e-01,2.049290264581509757e-01,-1.924759149583788742e-01,-3.353009519034644281e-01,2.139342319412601556e-01,3.240028543467878275e-01,-4.473442102698628742e-01,1.208417919881399627e-01,5.347431215750378941e-01,-2.531295969187108974e-01,-9.662411661996390955e-03,3.531109080003628220e-01,-3.078809858837897595e-01,2.564617150180452110e-01,-5.629318643009731948e-01,4.168894065216702249e-01,-2.733617669892943192e-01,1.252453970344944989e-01,1.491921501726260757e-02,-3.617282630227132145e-01
1.089372352344554429e+00,-5.912914635503350169e-01,5.600813306333818353e-02,6.744263591265073909e-01,-3.438049860013933090e-01,2.921903795309267471e-01,-1.576677908222594016e-01,-3.632763926106070129e-01,-2.287049910152091914e-02,1.405636646230143671e-01,-4.719596693566479040e-01,6.544215649164453197e-02,5.498979743448687563e-01,-3.132369376610418810e-01,-8.063668619677638594e-02,3.757431132430800735e-01,-3.270868722194325007e-01,3.351756127103032168e-01,-5.493679891908392898e-01,3.606510420430377728e-01,-3.371343832196337376e-01,1.095024584276821367e-01,6.015113898694048056e-02,-3.712569330124654843e-01
1.012178192666022714e+00,-4.454424103823296788e-01,-8.681724383490155295e-02,7.321384151145418073e-01,-3.569831310942319091e-01,1.359031047970037931e-01,-1.042391622794822115e-01,-3.980726484576008195e-01,-1.406511311846950218e-01,1.927503185647665152e-01,-4.699862575673868781e-01,2.750751236122685184e-02,6.511834911488505462e-01,-1.543943435062056224e-01,-1.538097006040108072e-01,4.007154873000102202e-01,-3.728156747349625766e-01,2.485767875699461116e-01,-5.311713142434377755e-01,2.975662406939492133e-01,-2.830362290465340269e-01,2.055632285093234868e-01,1.119523430044293416e-01,-3.769025568128686610e-01
1.047630693771376631e+00,-3.035112459901873061e-01,-2.239032705483645080e-01,7.678032690889470269e-01,-2.970357870578175796e-01,2.245000265370046821e-01,-4.809522024743897312e-02,-4.143663602098224819e-01,-8.611471475355955696e-02,3.118012156213190167e-01,-4.543605930025198525e-01,-1.531128779452847061e-02,6.948346811989731808e-01,-1.570246374401341738e-01,-2.378971972333053519e-01,4.060091119179854435e-01,-4.414619970631666890e-01,2.400126507451528779e-01,-5.053779423418542915e-01,2.444393237520860185e-01,-4.321092267918695828e-01,1.094759018307027987e-01,1.583017131784757725e-01,-3.895430110386638445e-01
1.212362058669648190e+00,-2.897714465027636521e-01,-3.654539701151725550e-01,7.822355039394143228e-01,-2.707729393835301424e-01,7.753355710153246594e-02,2.514437554072553038e-03,-4.366262051117439369e-01,-1.786118665555679885e-01,1.362287730905550887e-01,-4.421565594966888058e-01,-6.899130985147911010e-02,6.408707837694985754e-01,-1.110914279365689677e-01,-3.260891127873448703e-01,4.073511186529994998e-01,-4.993058393652604621e-01,4.161532755521478721e-01,-4.702386612981532821e-01,1.937825574942136087e-01,-3.791458086457684118e-01,1.667415756698452656e-01,2.198981874239464007e-01,-3.901910201705864334e-01
1.086606836561760936e+00,2.397144228790207277e-02,-5.233135134514310671e-01,7.881645294643518929e-01,-4.049506914012780401e-01,1.158116028588759283e-01,5.128944022520988411e-02,-4.415338882926660435e-01,-3.904410572294350623e-01,1.788296782851904188e-01,-4.181093525022180346e-01,-1.041727006411685419e-01,5.442229281932109419e-01,-1.099387813596195695e-01,-4.084018502209645352e-01,3.997056674693692524e-01,-4.725593669090221161e-01,2.847572405624059222e-01,-4.270147940694434263e-01,1.275748452809490896e-01,-5.263997766919144006e-01,-3.678147966900187360e-02,2.758467359690454090e-01,-3.934983725963961954e-01
1.184996876723657167e+00,1.012909277832648447e-01,-6.679087572806186035e-01,7.548319833400998213e-01,-3.872137094334519580e-01,1.139992688971571966e-01,1.134223583041340244e-01,-4.478132202763341341e-01,-4.089323991351104248e-01,-1.111283003450078133e-02,-3.712794982992231874e-01,-1.421991006135500391e-01,5.836434999886239705e-01,-1.660616921311146646e-02,-4.801567016812115507e-01,3.878991866785975740e-01,-5.156660214904702499e-01,3.718687536782623315e-01,-3.834424004663245511e-01,7.706879710018224583e-02,-5.369019597052010484e-01,-4.258766390309969008e-02,3.463365386807042978e-01,-3.736504957216466583e-01
1.053552882204057850e+00,2.003740903869287993e-01,-8.197844041231500123e-01,7.067844780712793096e-01,-4.090919986487338011e-01,5.189573106213295206e-02,1.737066968104269138e-01,-4.507823285506717403e-01,-3.755164874015654020e-01,-1.054157858124651348e-01,-3.210012590475032068e-01,-1.586654623853837043e-01,5.577393147186456845e-01,1.863459605671111130e-01,-5.548193688067996066e-01,3.632646497961516396e-01,-6.063946828383096621e-01,2.422274989944225299e-01,-3.333191815993972185e-01,2.033315282469758123e-02,-4.270521785346085841e-01,1.504324812498486486e-03,4.164503029328029404e-01,-3.498402224491983237e-01
1.017448391481748482e+00,3.147938426027662717e-01,-9.551799127164277703e-01,6.415752815664816922e-01,-4.017326529271777469e-01,6.656596464256445134e-02,2.359508843276787726e-01,-4.445246484946561716e-01,-5.338287849590457324e-01,-1.937384739197425265e-01,-2.735590255740972809e-01,-1.630985945639588652e-01,6.787576977282168134e-01,1.857977704803442931e-01,-6.252013193026262350e-01,3.147754316526091833e-01,-6.837652464280250530e-01,2.232279968349264176e-01,-2.716139579902299706e-01,-2.059222211569182448e-02,-4.082280743120713096e-01,-9.108480283878746253e-02,4.739581258476425196e-01,-3.271007602280967541e-01
1.033235825614116976e+00,2.834836127457402988e-01,-1.082878472492046384e+00,5.585972254109928814e-01,-3.559466991321011964e-01,-4.653931984774013070e-02,2.967600982550415156e-01,-4.366775865302100490e-01,-4.682764070686891156e-01,-2.179981362107448195e-01,-2.103607169901890450e-01,-1.563125375741667988e-01,4.644096897957193937e-01,1.814044491434511353e-01,-7.048351924138327451e-01,2.631430830026951773e-01,-6.742885991772643584e-01,2.731013431660851420e-01,-2.005209502700267543e-01,-5.629404528910549044e-02,-3.609171306450366101e-01,-1.227002502098170633e-02,5.280943744081928459e-01,-2.923842173346018480e-01
9.498270403454684985e-01,3.839165601202587097e-01,-1.207233592271321099e+00,4.729167945347222957e-01,-2.759639224880149899e-01,-1.047784117521605995e-01,3.522215793459938515e-01,-4.145448554213381764e-01,-4.312435120600790484e-01,-4.295237609683716928e-01,-1.544489064980329174e-01,-1.439999530774165037e-01,4.635223117388517222e-01,2.649847405294328273e-01,-7.599703925069959398e-01,2.083116047435843443e-01,-7.443413905999953784e-01,2.724722191137121663e-02,-1.290431417540056080e-01,-9.322529610026025759e-02,-2.344870389044641235e-01,-9.012901724456763575e-02,5.754357540521994885e-01,-2.630732818781720828e-01
7.710323944610452118e-01,5.622738455494029619e-01,-1.318212094363222064e+00,3.715427787122611569e-01,-2.617655685155346190e-01,-1.694850587767910421e-01,3.982385423280854209e-01,-3.839680310250117579e-01,-5.898694506619674982e-01,-5.026929298395372836e-01,-1.032010770852237469e-01,-1.078310375713682767e-01,3.800230582206556296e-01,1.453150977779342490e-01,-8.119465420839628855e-01,1.427218859558146424e-01,-6.799960323966439679e-01,1.119415779211795636e-01,-4.916884696913879915e-02,-1.017864310893930729e-01,-1.621259652570752607e-01,-7.914634576592430304e-02,6.083815092878341879e-01,-2.238048024992912721e-01
6.653387086195585720e-01,5.618843847511745260e-01,-1.405578302411417013e+00,2.474457491159997857e-01,-1.966123717886490707e-01,-7.585940846479630184e-02,4.410283546282530165e-01,-3.448226481190322379e-01,-5.469083247051367280e-01,-5.521773963310283584e-01,-3.820865688408137117e-02,-6.202202539396947656e-02,3.999924887291442244e-01,3.251981875390297372e-01,-8.519871315339155871e-01,8.692305420085641443e-02,-7.847901744336436280e-01,7.471061557037453338e-02,2.419895744549032182e-02,-1.147915165510801083e-01,-2.223062124806380047e-01,-1.533586017404298119e-01,6.319330538183779433e-01,-1.842408842171685823e-01
3.991507381785283637e-01,5.775235293723508523e-01,-1.475659428131920858e+00,1.198162050417223290e-01,-1.493139562744310034e-01,-9.414054129657620229e-02,4.750895269019027589e-01,-3.131558132305594655e-01,-5.000274367146544385e-01,-6.266057486632230500e-01,1.980460371322275218e-02,-8.317937402903020916e-03,3.324032362973124433e-01,3.352790866992840235e-01,-8.910002998655293105e-01,1.149238312019282282e-02,-8.305967160179072994e-01,5.551265179811929601e-02,1.082357608329307941e-01,-1.203438973692512320e-01,-2.987880421089870731e-01,-1.490055702806353799e-01,6.593883631681213275e-01,-1.363310483062890877e-01
4.223697164051641861e-01,6.889536565774130317e-01,-1.512338075303239160e+00,-1.206711749238981168e-02,5.225955168902238213e-02,-2.507133126638481091e-01,5.026338330882340610e-01,-2.781643233788304026e-01,-5.565629567248915333e-01,-5.403744751430473725e-01,7.009759452941635716e-02,5.537934766378052598e-02,2.523867474172793446e-01,2.487052925063865105e-01,-9.192602913237970519e-01,-6.641648815258864580e-02,-8.392282262089878486e-01,2.257527024787360850e-02,1.966057020887206908e-01,-1.197627431865949943e-01,-1.736230586255328168e-01,-3.598756373718974277e-01,6.919382294872588046e-01,-8.778969332789998692e-02
1.938917089361736901e-01,7.820172991645530924e-01,-1.544551530583006427e+00,-1.560957095130331707e-01,7.070912101247212034e-02,-1.690886295000843531e-01,5.081090359635938025e-01,-2.263638138062618044e-01,-5.284158915635100984e-01,-6.656377401007691486e-01,1.225631009139082073e-01,1.125576711149668674e-01,1.934242218094101295e-01,3.194225434033490796e-01,-9.354681449620597666e-01,-1.365878941694281534e-01,-7.583198527176543413e-01,-1.556755007789265566e-01,2.852592581085480750e-01,-1.114968439489925772e-01,6.654531972947043406e-02,-2.970337725786815763e-01,7.093548217627420049e-01,-1.684509264547176532e-02
2.144272698443711045e-02,7.571642112368889288e-01,-1.546553935132172208e+00,-3.101351915191510322e-01,-2.110006676799450198e-02,-1.233979779455506159e-01,5.091291317559489826e-01,-1.827762616641669391e-01,-4.306247496406411246e-01,-6.900931606345973579e-01,1.690435146361928265e-01,1.845151456020169556e-01,2.695401140802883289e-01,1.113247684523401559e-01,-9.421891376586135625e-01,-2.141998002227189501e-01,-8.805830919510077015e-01,-6.166825476238882442e-02,3.648585117318245419e-01,-8.104864043205838031e-02,-1.599217519463760895e-02,-3.714819621681834105e-01,6.991179852471669509e-01,4.823938915539139477e-02
-3.490953476835158553e-01,7.714020935884685626e-01,-1.523638596855533267e+00,-4.608291198855243298e-01,2.759221697906139720e-02,-1.656497289133204431e-01,5.171561855976961608e-01,-1.439786406464913515e-01,-3.794262159990199890e-01,-8.852241353082495046e-01,2.018767556353593395e-01,2.607812593464481354e-01,6.528595273796246323e-02,2.881213893802980208e-01,-9.526202087895837556e-01,-2.708525611500752772e-01,-8.217269116675800511e-01,-1.133919406440340449e-01,4.546739181267407393e-01,-5.623242241060106422e-02,5.859509189792291850e-02,-3.239628375591031006e-01,6.939620396475737474e-01,1.198540699048471492e-01
-5.249253838177120324e-01,6.264438542770498497e-01,-1.456318243655847500e+00,-6.108682810888842463e-01,1.204830807129318726e-01,-2.083779405624261727e-01,5.183345925711650981e-01,-1.007984090064066168e-01,-3.464338948850316791e-01,-7.810189668840609167e-01,2.255928524584613903e-01,3.577180480178066002e-01,1.050931033343096010e-01,2.055787406459381739e-01,-9.397435315245225018e-01,-3.453507153639345795e-01,-6.293764455395134405e-01,-2.358797864792751553e-01,5.368099562739886421e-01,-2.193195541303333274e-02,2.134704799491661253e-01,-1.785536461107461170e-01,6.778181034703255614e-01,1.860142005175984825e-01
-6.304696641474814012e-01,6.548749237336495277e-01,-1.364372929750837349e+00,-7.421288860110922814e-01,1.284100175713348835e-01,-1.874498671760823909e-01,5.080692220079605637e-01,-5.355581134645490127e-02,-1.310646925248583616e-01,-8.662177995296009847e-01,2.410412849950132885e-01,4.448097031243806176e-01,1.210495039960024673e-03,1.260370173456745180e-01,-9.272230187018137837e-01,-4.104900488352112298e-01,-7.170719124938048639e-01,-2.405812363630047412e-01,5.974933972164991891e-01,2.848818574868486331e-02,2.639278694552936733e-01,-1.118931310131965340e-01,6.429970853060824609e-01,2.364183301195573184e-01
-8.326742198539209827e-01,5.368075683312588664e-01,-1.255918525195608426e+00,-8.708422784634233249e-01,3.382024208637054441e-01,-1.850601249463211251e-01,4.947257520417427390e-01,-9.210886763403237920e-03,-1.003266580108023442e-01,-8.540290814765689742e-01,2.305254786417053336e-01,5.406468199748305503e-01,-7.342144608680843676e-02,-2.557746754331778616e-02,-9.011528883547513802e-01,-4.666466811960292560e-01,-5.654520601494633647e-01,-3.895523634372683452e-01,6.640608762437070212e-01,8.208208389742178979e-02,3.329560393078353497e-01,-1.120103626598573932e-01,6.008407067266416934e-01,2.781106930526102139e-01
-9.222990699767784628e-01,3.740257435960728238e-01,-1.121518543661279566e+00,-9.815534923307961401e-01,2.052664242216405144e-01,-1.645689372031922393e-01,4.582809167345713863e-01,3.395517977183512559e-02,-1.354062437521214857e-01,-9.309834318410140641e-01,2.122354231519321399e-01,6.341449513594379361e-01,-1.072694514767476015e-01,3.304355530681603315e-02,-8.649893440390474808e-01,-5.059954866578975086e-01,-5.007054384033073902e-01,-3.865826579298249910e-01,7.123863672152885851e-01,1.535495435943949605e-01,3.959985138740254595e-01,-1.591973334924502992e-01,5.499708317886512488e-01,3.174585605283957723e-01
-1.127932576628018158e+00,3.795264962347825732e-01,-9.734878697939798320e-01,-1.068612981872341328e+00,3.345467271937326847e-01,-3.796527470558107298e-02,4.332101258076709316e-01,7.299076068278428919e-02,3.788201938200158603e-02,-1.032361181409730877e+00,1.929176396165067364e-01,7.338463657924932937e-01,-2.622855883601228344e-01,-5.849933042600639899e-02,-8.237095231690382269e-01,-5.491628015848681876e-01,-5.255199768466543020e-01,-4.236587202822031939e-01,7.503820091397934711e-01,2.266779387419547709e-01,4.218717624573817826e-01,-1.201366169847306042e-01,4.911569155724203051e-01,3.587501938032285898e-01
-1.229878558977136160e+00,1.960610624233606325e-01,-8.014867689745810431e-01,-1.148318526438204978e+00,3.309160545705214784e-01,-7.612917755992253122e-02,3.934262859436343240e-01,9.787597571963957410e-02,8.515447493636008058e-02,-8.102675708565107993e-01,1.514332583215742822e-01,8.421036415583550427e-01,-2.316790933747304160e-01,-1.259210766333104803e-01,-7.650385981714493688e-01,-5.808540099751813290e-01,-4.898575883955434418e-01,-4.068904332323247663e-01,7.869856854586059214e-01,3.049477944615128222e-01,5.353765366708415074e-01,2.455802165110201885e-02,4.280687169411692694e-01,3.929536561297834463e-01
-1.266150603562940180e+00,2.055214263063549415e-02,-6.163990649453643389e-01,-1.200627283149007907e+00,4.971772869362178771e-01,-6.519512566873161830e-02,3.530158683509193596e-01,1.244440743237808927e-01,3.466498971362925730e-01,-7.966232806622096652e-01,1.000964985972342264e-01,9.254139882130340000e-01,-2.982487455793926823e-01,-2.441016368191565034e-01,-7.082179022753808395e-01,-6.026878758954945514e-01,-3.138804498111532615e-01,-3.144101628660403991e-01,8.159026925526712271e-01,3.828734169252344666e-01,6.258415071908404181e-01,-3.549628963061644826e-02,3.523222105144020455e-01,4.093371622572283264e-01
-1.523857454745458195e+00,-2.485655442384055447e-01,-4.262361339062179511e-01,-1.225854818108625732e+00,4.907062784309091930e-01,1.108002455404765441e-01,2.949098971269017433e-01,1.477436152812002246e-01,3.929002085881033723e-01,-7.525698159265342690e-01,1.878706243625099387e-02,1.004287825023294944e+00,-5.006768837703248209e-01,-1.664947978208576873e-01,-6.440084965607149048e-01,-6.097419510209631799e-01,-2.109720842349359915e-01,-4.592845822675882816e-01,8.231665699389238977e-01,4.525034954585243074e-01,5.368054978672979205e-01,9.962052936223547706e-02,2.671864355115738943e-01,4.278571474666241214e-01
-1.399012666832641028e+00,-4.132992537182433868e-01,-2.102328654472529479e-01,-1.214556607924663911e+00,3.537882404199873543e-01,1.000710102847378602e-01,2.366544028721407900e-01,1.504088350704200217e-01,4.430473231711667959e-01,-6.722350484112575852e-01,-7.056315134297815039e-02,1.074221340433276994e+00,-5.436243040802823945e-01,-2.776892691962566939e-01,-5.596055691572325852e-01,-6.213196287709237264e-01,-1.940966219438820528e-01,-4.261212752421220662e-01,8.166316527069868991e-01,5.365483808861656323e-01,6.274075159756032916e-01,1.778632307856461980e-01,1.905637478210050195e-01,4.285162589106495390e-01
-1.415448929233347863e+00,-7.416117295275326260e-01,-8.621856874535170634e-03,-1.176113605930015682e+00,4.524712470923742402e-01,1.584029630766203567e-01,1.923211628882041113e-01,1.512333315917222254e-01,3.913643824744334476e-01,-5.772993195989478687e-01,-1.678491194851535473e-01,1.131242244508073647e+00,-3.750865969611443251e-01,-4.375932374570344896e-01,-4.708580599450146731e-01,-6.175083696603568262e-01,-2.472975517516884381e-01,-3.627586553625599119e-01,8.042703649875700966e-01,6.164282688732311000e-01,5.923406275556585276e-01,2.801420598046082122e-01,1.053255188348716787e-01,4.175365548947088112e-01
-1.438376971415905592e+00,-7.530467515439318582e-01,1.914647677034945761e-01,-1.095052801034359202e+00,4.616765079250687576e-01,2.510014967657538398e-01,1.383548617389289692e-01,1.440148079099197176e-01,4.216790375881135366e-01,-5.260148604960482865e-01,-2.621962457268329771e-01,1.173576255703784543e+00,-5.681953755366572212e-01,-5.441627742617372032e-01,-3.997068431217937756e-01,-5.933170572801802489e-01,-1.231233817962874982e-01,-4.430578398155311515e-01,7.933337751584271791e-01,6.888594355421608917e-01,6.597319747269611012e-01,2.347331989843455813e-01,2.467111997457197350e-02,3.921584944539385775e-01
-1.305320436858925293e+00,-9.674164510674954087e-01,3.885663057894048755e-01,-1.003403298769988128e+00,3.326382288524111219e-01,4.474441817648966424e-01,8.416327644275209408e-02,1.248976710730868578e-01,4.578863594402333703e-01,-3.224360861933359135e-01,-3.610922239812514589e-01,1.205826163727355738e+00,-3.870109401181848763e-01,-5.988711204613966776e-01,-3.108911250921526093e-01,-5.550811852547737901e-01,1.160275669244295732e-01,-4.141782256130983053e-01,7.664459200566307029e-01,7.683253245916829011e-01,5.305676018078651079e-01,3.581907827865070115e-01,-6.095780550595602393e-02,3.674685165249561014e-01
-1.384737497290818409e+00,-1.048074575921420948e+00,5.665763250338737844e-01,-8.810860578928279008e-01,3.588177338661022175e-01,5.231877641571757165e-01,4.416388154999859039e-02,8.356044317629450491e-02,6.373094093026023810e-01,-2.816825605440711477e-01,-4.645964954877936925e-01,1.212599157438443376e+00,-5.271674331479329068e-01,-5.949496788093026067e-01,-2.426487297512348040e-01,-5.071959308516070797e-01,2.906374766542778598e-01,-3.127393965401793485e-01,7.118586785549104734e-01,8.430709678279777464e-01,5.244070544550675228e-01,5.139401109130644629e-01,-1.319089074589711863e-01,3.263283064875319717e-01
-1.138845398880919291e+00,-1.246539302505429880e+00,7.453360412248403177e-01,-7.426127466546026401e-01,3.984761265808438035e-01,5.058752725076827161e-01,3.851469568538071382e-03,3.291726464318242562e-02,4.682473699083016250e-01,-1.745135207373158803e-01,-5.857349543185809138e-01,1.210107339101903934e+00,-4.211949998546127283e-01,-7.920880421147118433e-01,-1.631972341116423308e-01,-4.566075076417856482e-01,2.962599641978560516e-01,-3.608634813655551277e-01,6.364334875241750566e-01,9.044923681085027534e-01,5.413248498256997276e-01,5.161407170983687287e-01,-1.997559580099367571e-01,2.663411184087786654e-01
-1.103194643311488754e+00,-1.478419473267152284e+00,8.915064273789933269e-01,-5.762660914459236672e-01,2.641701943971611066e-01,5.040418857285541288e-01,-3.765711388592098835e-02,-1.768383779713059156e-02,5.091970688100279085e-01,-5.451851488868334622e-02,-6.890884742951360886e-01,1.190889940277379822e+00,-4.834447027700188859e-01,-8.056317980112476240e-01,-9.735380332242807300e-02,-3.826693512435113687e-01,4.330826838800959089e-01,-3.195749608240612272e-01,5.578615442470984398e-01,9.665925714584776562e-01,4.745229850577920017e-01,5.522865455553639391e-01,-2.658888745811600618e-01,2.031336246746009155e-01
-8.334219706021458451e-01,-1.543278222153759094e+00,1.024928544257703189e+00,-3.804988914465934902e-01,3.256292011136627806e-01,5.010731032393218598e-01,-6.296007538618664245e-02,-6.985052229325920681e-02,6.122587838879118838e-01,4.425756867741770240e-02,-7.949372862897637892e-01,1.154653025089058316e+00,-2.902706920838253324e-01,-8.156796812492650428e-01,-2.937261136833435246e-02,-3.045631428879178038e-01,4.848769521095495638e-01,-2.275796405459818428e-01,4.630086762021879965e-01,1.020269600035266233e+00,3.240815450945932485e-01,6.190171809555674587e-01,-3.217862265054758364e-01,1.334166125767846378e-01
-6.663030911710215998e-01,-1.474560461891883500e+00,1.120806554295218804e+00,-1.728305791817681958e-01,1.721854527239177479e-01,5.069045751244420916e-01,-9.165703026067566206e-02,-1.226535901770345049e-01,4.575330450120485559e-01,2.833873891569911874e-01,-9.086306648894965088e-01,1.103500444221106269e+00,-3.150210111104424504e-01,-7.908640450595573190e-01,1.498337314723308632e-02,-2.225581304436274610e-01,5.173453566909045342e-01,-1.610045261455851917e-01,3.608980590365120644e-01,1.059695610183471359e+00,2.556878500718496317e-01,6.564950995869985872e-01,-3.588241166676531813e-01,5.468117598460507656e-02
-5.061800255057630205e-01,-1.553097550061070642e+00,1.189047934085796898e+00,3.143997370733209173e-02,3.325691918579455897e-01,4.587377834236318619e-01,-1.022049076529592815e-01,-1.771378845049633166e-01,5.560546571864677379e-01,3.911577746720037996e-01,-1.003599230470423320e+00,1.023099654412119808e+00,-1.634815276768830095e-01,-9.038512511884265743e-01,5.745990538207322584e-02,-1.413398385436174243e-01,5.652229129384186423e-01,4.594208291762551244e-02,2.542162040282274216e-01,1.087140493858758106e+00,1.866888583600473939e-01,8.588599346086542852e-01,-3.848763480607053644e-01,-2.915334028249704640e-02
-3.175955564901348782e-01,-1.751209369129154370e+00,1.230693439828058233e+00,2.456850568162423643e-01,2.836340592208435041e-01,5.201268993133735252e-01,-1.260159364947490424e-01,-2.269905513944789621e-01,2.881349465249415376e-01,4.668153998501294866e-01,-1.103829882537169516e+00,9.277000285723289164e-01,-1.606114927894612687e-01,-9.022951296978308777e-01,8.047883954038997922e-02,-4.721654584740320182e-02,5.585965457269987944e-01,2.535263992030803437e-02,1.420464997054843026e-01,1.088414429133461203e+00,2.135217894121435867e-01,8.716177960525059998e-01,-3.996972662478750493e-01,-1.339975396784054695e-01
-4.938717991897785542e-02,-1.597871363934754152e+00,1.242566618442804360e+00,4.804773815843016438e-01,4.631629270576917423e-02,5.669320499202847863e-01,-1.423059169060615359e-01,-2.838556165588195235e-01,2.817126407384388243e-01,4.238649529362739088e-01,-1.171899810028747657e+00,8.203446178727517024e-01,-1.832156720896836455e-01,-9.021194517065553864e-01,9.838659693981978427e-02,4.730937912004528484e-02,6.100776729678112353e-01,1.896988187471437270e-01,3.117501192472673516e-02,1.086161182926007385e+00,2.240713355418219588e-02,7.786915733919463900e-01,-4.118952367442623164e-01,-2.402012808856923143e-01
7.939711841673487147e-02,-1.586058478717688569e+00,1.215868779144006595e+00,6.990633603961431408e-01,3.455781214396591583e-02,3.668752254542189117e-01,-1.319347235124705420e-01,-3.458569680598301277e-01,1.304841558262269663e-01,5.782058596295620578e-01,-1.233564587834685478e+00,7.145680758691177470e-01,-1.256919029325434256e-01,-8.693055471443070781e-01,1.137424240196709818e-01,1.421192936015800157e-01,5.366400230727201848e-01,3.633737457460947673e-01,-8.404169160975062669e-02,1.061973731193202264e+00,-4.075169634695027798e-02,6.840253137108043280e-01,-3.996242346431397863e-01,-3.370572452329362867e-01
2.573304510168309966e-01,-1.404589162130541746e+00,1.165588606738364730e+00,9.137783546809412627e-01,1.436950474234887642e-01,3.557132063775278463e-01,-1.173689844202779470e-01,-3.869505466192537657e-01,1.353108522623615029e-01,6.459322041626491817e-01,-1.274462025682850053e+00,5.909499566616800426e-01,-1.834746127148487171e-01,-7.438979007383004216e-01,1.185353043124021538e-01,2.338206981614253943e-01,5.514372916148996273e-01,4.885278747417566847e-01,-1.899938722420553006e-01,1.014839784619073315e+00,-1.710501791467475829e-01,6.985781391021077535e-01,-3.762971733582830547e-01,-4.232328357809780894e-01
5.196437662840908134e-01,-1.482839604886628138e+00,1.087150643623362667e+00,1.106508094512645091e+00,3.970785340062174540e-02,3.716257656369951756e-01,-1.117641489398948917e-01,-4.259475153541462111e-01,-6.790360563757322221e-02,7.526379301275348821e-01,-1.309439783771635168e+00,4.592956455009095662e-01,-7.968947520539226836e-02,-7.859734092940772188e-01,1.245162896004777808e-01,3.126482935683713715e-01,3.912613728293187765e-01,4.437553153746526258e-01,-2.944216224833168805e-01,9.502151270108039061e-01,-2.545586913210692304e-01,5.028108159208111161e-01,-3.358001120968212572e-01,-5.091666940520828133e-01
6.776269004779682525e-01,-1.304663975218016914e+00,9.733856679373826815e-01,1.301961262511278195e+00,-1.134922009904670015e-01,4.061070578537576692e-01,-9.385620269683747630e-02,-4.660140209459520122e-01,-3.259075007373741784e-01,7.555670430059360232e-01,-1.317330993354573154e+00,3.160516630405976746e-01,-4.956300926171153254e-02,-8.320560524878877207e-01,1.161614052448163154e-01,3.954896967142035868e-01,3.200696941173243326e-01,5.866184978001990347e-01,-3.789673111078046830e-01,8.852772220693161387e-01,-2.074907440809699022e-01,5.307667902598648402e-01,-2.829310559813338344e-01,-5.729744490969541637e-01
7.651355049693451260e-01,-1.051523043402845081e+00,8.348113855653098714e-01,1.472721472978232526e+00,-1.243689353320446833e-01,2.253209254161321895e-01,-5.874733271557989328e-02,-5.083884399445030011e-01,-2.654091484115002619e-01,7.464017367012931725e-01,-1.292249134573725700e+00,1.730148974184152200e-01,-1.825895963713406733e-01,-7.270549932898486833e-01,1.007262393513285864e-01,4.820076895945208384e-01,2.467093757630615392e-01,7.195545182494155201e-01,-4.526376700341365744e-01,8.022531803468485601e-01,-3.872073015723633826e-01,5.120247158038613300e-01,-2.319250700282740607e-01,-6.365510409897854327e-01
9.530725504433904538e-01,-9.341284626787232925e-01,6.798578151826371041e-01,1.610212293922380855e+00,-1.489977729916615590e-01,2.100479341717600978e-01,-2.066227813035578439e-02,-5.306742490449551930e-01,-3.965377505699486660e-01,7.578801093538769518e-01,-1.266260193133174505e+00,3.303324667648299684e-02,7.999739808900674376e-03,-7.473755388836754721e-01,9.438737822370765751e-02,5.567188913666095695e-01,2.092249817571069370e-01,8.407418806990438753e-01,-5.143841780529521124e-01,7.027892422803289074e-01,-3.997748669264088450e-01,3.901165932151071103e-01,-1.601035906431997891e-01,-6.953207555224968361e-01
1.210450612846019514e+00,-6.255301982359264823e-01,5.002386558003587558e-01,1.727401122619802276e+00,-2.480461573186619195e-01,1.282292434917834401e-01,2.075662219949484660e-02,-5.493999296893528062e-01,-4.776200731844798542e-01,6.872664497757552393e-01,-1.220359056190008840e+00,-1.059315844578258003e-01,7.638239110539402077e-03,-5.660420741538606526e-01,6.531370071672649991e-02,6.326813892477111123e-01,2.090987918523554978e-01,7.509423039139888623e-01,-5.670511710858088250e-01,5.887556829917632850e-01,-3.450977554885795717e-01,1.776575160138995357e-01,-8.455026446449971644e-02,-7.379617873189607824e-01
1.133419041736204003e+00,-4.498153068007689215e-01,2.901731136701340419e-01,1.804067475763313944e+00,-1.206084579785521027e-01,6.248920049340002392e-02,7.275350483496019482e-02,-5.577673033858648877e-01,-6.704594916007339256e-01,6.412664930614466741e-01,-1.159724991467081967e+00,-2.346864971583270121e-01,-1.249054466051574830e-01,-5.581942311790379918e-01,3.267972495322169629e-02,6.885913852655543010e-01,1.850054353047571598e-01,8.908609296670236821e-01,-6.137064984841587023e-01,4.817935034585396070e-01,-4.444057849437084151e-01,1.720805922424885059e-01,-1.281489014386876651e-02,-7.553339548234073719e-01
1.136428349840458152e+00,-1.793209422402035347e-01,8.530704292610866157e-02,1.852238091823674271e+00,-3.033561753364331093e-01,2.077455904779560575e-02,1.120987321738002723e-01,-5.569227358242913040e-01,-7.748861186754647523e-01,6.658417138595783547e-01,-1.073781828852931941e+00,-3.550238130091735722e-01,-4.177913112167172538e-02,-5.730936936835928641e-01,1.072306260533400363e-02,7.417453360163559495e-01,4.284475832476832696e-02,9.904418785463936503e-01,-6.523425614242225334e-01,3.591857809800214074e-01,-3.583989046273443613e-01,-9.560187562947616846e-03,6.926821814860247006e-02,-7.684727907154403903e-01
1.273466109343129427e+00,8.263437848227483951e-02,-1.209789523277117335e-01,1.862871150381462781e+00,-2.450579581390391615e-01,6.298466151714976480e-02,1.694315698044080165e-01,-5.499553325338174536e-01,-8.035456267524250240e-01,6.801395889855548216e-01,-9.719471553872292002e-01,-4.727948812030328130e-01,-7.977196767505349839e-02,-3.386247634863890354e-01,-2.205275923074662484e-02,7.949661267390997210e-01,-1.564609265706208840e-01,1.023490066660369457e+00,-6.704245448774888150e-01,2.254625682454689251e-01,-3.854720080265808813e-01,-8.939503480503262212e-02,1.428925692772117229e-01,-7.592836956506606727e-01
1.319066011473698063e+00,4.087643591995275827e-01,-3.402121307698806607e-01,1.836983840666644330e+00,-1.368756299993392211e-01,-6.955540782267946587e-02,2.202308549893796374e-01,-5.444011974532645404e-01,-9.193910675469455507e-01,5.041417952829339022e-01,-8.620243226398418557e-01,-5.861976743321315464e-01,-5.723636355456811209e-02,-3.264196349257092455e-01,-5.347173481801898581e-02,8.227784659936032696e-01,-2.150973793001781098e-01,8.125881726654660131e-01,-6.618132488961174786e-01,8.836855451312886078e-02,-2.990521994641457959e-01,-2.300073868014546608e-01,2.183085026509420379e-01,-7.385070419565282762e-01
1.266385920940301224e+00,6.997936333727420299e-01,-5.613518782540252161e-01,1.767742394003819273e+00,-1.928719166823001097e-01,-7.285998866336282354e-02,2.596191690608930513e-01,-5.231014201798775964e-01,-9.715457456662347502e-01,5.801774461283641937e-01,-7.355623687499662777e-01,-6.758276210258358230e-01,4.864187610750576179e-02,-1.713223770707813232e-01,-8.833160309230572715e-02,8.476345305228902838e-01,-2.753520290586378150e-01,8.333722692210645544e-01,-6.405742936629987838e-01,-2.635279441284990587e-02,-2.625097826519930400e-01,-3.412552945322169795e-01,2.835793155771725860e-01,-7.000481863511468505e-01
1.005220779254065055e+00,9.309865586582423136e-01,-7.724023188596550460e-01,1.658832208376401773e+00,-1.788587447867048263e-01,-1.111841470741796872e-01,3.033024464074555726e-01,-4.996451275096466804e-01,-9.817411215930441637e-01,4.539402180575767831e-01,-6.002156469082257084e-01,-7.662137062013900657e-01,-1.281634410014236558e-01,-1.441584754067316565e-01,-1.347981720735065836e-01,8.550924127867449709e-01,-3.017297660562734962e-01,8.863647926183166881e-01,-6.077371330841125907e-01,-1.413815100774185596e-01,-2.389538032108214638e-01,-4.438766206982114326e-01,3.428766276715314865e-01,-6.474582673402585753e-01
9.307750596097135176e-01,1.156468762527271155e+00,-9.506050919104377384e-01,1.516985835862128651e+00,-1.335065540748615331e-01,-3.239269145314135900e-01,3.441457358489176666e-01,-4.703302109100711559e-01,-1.124199908670468595e+00,2.837594742385580737e-01,-4.601978458767059799e-01,-8.366820918514251693e-01,-7.748107948256119371e-02,-8.885375134744144532e-02,-1.636655546012319440e-01,8.574766569209927303e-01,-4.727940742803166119e-01,7.178497535842329746e-01,-5.667464418535090864e-01,-2.593597423955320003e-01,-1.878818374088682686e-01,-4.266440812438770935e-01,3.968335673885282633e-01,-5.819850557041791328e-01
9.320097766329502598e-01,1.180552510587220771e+00,-1.113198901138627406e+00,1.344613086010894687e+00,-2.212034515623845510e-01,-3.621503673216655561e-01,3.787414827805569151e-01,-4.178925470285665411e-01,-1.088903897935660670e+00,3.322719954285933697e-01,-3.033022353106956670e-01,-8.827302418432492193e-01,-1.209888442082416027e-01,-1.093451233132415601e-01,-1.975398680474578228e-01,8.528800003956538145e-01,-4.467581384970506497e-01,6.422373305953421596e-01,-5.030376885609654236e-01,-3.577128823647295341e-01,-1.270354604903075058e-01,-5.501069146078635397e-01,4.420911272813447535e-01,-5.159597903220628501e-01
5.938441197950092842e-01,1.320490581315232781e+00,-1.266330976486307769e+00,1.162820247259581441e+00,-2.299755979900696135e-01,-3.371045222180331646e-01,4.192836327867547341e-01,-3.602388354479198473e-01,-1.262865458121411377e+00,8.417272645452772428e-02,-1.486238768905883134e-01,-9.255403141012435997e-01,-2.137682142471392654e-01,9.933673270910367559e-02,-2.266237419928029129e-01,8.486765568364120771e-01,-6.125551740341479423e-01,5.246607068801553142e-01,-4.374384082959132947e-01,-4.447237091867219383e-01,-3.519047761119380169e-03,-5.267264095761644560e-01,4.776986187355880542e-01,-4.357489930377448917e-01
5.180083388239310471e-01,1.578332397579544244e+00,-1.375651776837671036e+00,9.605511152250753026e-01,-1.644348888206906001e-01,-3.263591841391571546e-01,4.575832650461008067e-01,-3.034327932800278127e-01,-1.196209317127319149e+00,-6.318957080339179799e-02,2.461577296176342688e-02,-9.355815698809034631e-01,-2.811312652858569128e-01,1.154038913107890141e-01,-2.460394197056545718e-01,8.221847813872801281e-01,-6.063460476126572019e-01,4.491955080798957778e-01,-3.513411359174711257e-01,-5.161724613400062722e-01,-9.618243665595646585e-03,-6.236986744519249504e-01,4.967437229680343180e-01,-3.566052850381741801e-01
3.203178436529191542e-01,1.502524751771992850e+00,-1.466648995071940575e+00,7.283216338948410584e-01,-3.419558265638306116e-03,-4.338263965247916021e-01,4.862652217009040267e-01,-2.461506081480037689e-01,-1.139607566168129971e+00,-2.309452242548905854e-01,1.906096983422077562e-01,-9.222088386308241459e-01,-2.613288318778264063e-01,9.505948384493075054e-02,-2.572803794288445745e-01,7.932858213990423568e-01,-5.434707521061552526e-01,4.303385728801687460e-01,-2.628481115424688985e-01,-5.753478859892896535e-01,1.861716487775836870e-01,-5.844758596912995596e-01,5.123442677695015934e-01,-2.673103860827972245e-01
1.324380471847680929e-01,1.568519235490188235e+00,-1.525761409421436454e+00,5.005946630843722822e-01,1.594650787011125948e-01,-4.105384233835132068e-01,4.958182900713258845e-01,-1.770522778835955935e-01,-1.066712613638540974e+00,-2.985607172736102211e-01,3.492441113950488507e-01,-8.838890070568445889e-01,-4.059160172096705210e-01,1.673445944478811065e-01,-2.689943974586051501e-01,7.660423605957003002e-01,-4.862783183393758479e-01,3.674793551316321016e-01,-1.782512313896695566e-01,-6.278681444331646322e-01,2.253882643433808564e-01,-7.039859442920126664e-01,5.038279897671913421e-01,-1.817183540694679578e-01
-3.448618965745908760e-02,1.685109019859015289e+00,-1.554392674225174797e+00,2.647475625920906461e-01,3.013829235882765079e-01,-4.968152844538474278e-01,4.855871164596717859e-01,-1.102382254089931540e-01,-1.075364094294883888e+00,-4.176826844776485026e-01,4.976949325528989276e-01,-8.311575250566024531e-01,-5.216935643046984872e-01,3.023026911797095373e-01,-2.648218920858751435e-01,7.311576065688208947e-01,-4.755447100827074336e-01,2.779048040853887569e-01,-9.728889303478646666e-02,-6.695682317904794179e-01,4.063137036047345108e-01,-7.424909513939977890e-01,4.871866324224563560e-01,-8.513215351400095499e-02
-3.122025314793613893e-01,1.617442951029780529e+00,-1.554424461107299704e+00,1.728722353387379673e-02,2.710087515532396685e-01,-5.227424599455335885e-01,4.579052531254895197e-01,-3.572160222418824249e-02,-8.086047227193449149e-01,-4.731329240595434360e-01,6.434635694804783368e-01,-7.594599735762459503e-01,-6.298413726220353226e-01,3.800051488501987040e-01,-2.473628157696181051e-01,6.832019089867402695e-01,-5.923527845225223798e-01,5.745563561241134876e-02,-1.583065299260499881e-02,-6.980247809027068095e-01,3.821400735373801094e-01,-6.764055887580191495e-01,4.477532020864553042e-01,1.387514350947025021e-02
-4.922587130683127588e-01,1.635918169096060248e+00,-1.514378238538666377e+00,-2.218661572689672457e-01,4.076687799224363307e-01,-5.641305551454531830e-01,4.297275894362309612e-01,3.954680717985700755e-02,-8.207280796254169397e-01,-3.934522569806218617e-01,7.580824690336953608e-01,-6.754150882207234918e-01,-5.741793720025811787e-01,3.665503007814970293e-01,-2.168129146956956355e-01,6.286430169680057300e-01,-5.087644517037775982e-01,6.643012107864990079e-02,7.821596723508045246e-02,-7.002081897357674833e-01,4.318374357600150426e-01,-5.158307551272265368e-01,4.060592228430396355e-01,1.036959666638383043e-01
-7.005570757006933658e-01,1.516819689250794800e+00,-1.444682853893444197e+00,-4.593853941028155363e-01,4.009117113310201042e-01,-5.559400031640635564e-01,3.843164084456834328e-01,1.170837542728505321e-01,-6.597299103253124741e-01,-4.894785697804455160e-01,8.690199672816244503e-01,-5.941619694657664930e-01,-6.878611404784242822e-01,3.865627781696575060e-01,-1.893063628643384955e-01,5.772888111398718491e-01,-4.043139170482960565e-01,-9.986933149641957774e-02,1.634263278184809320e-01,-6.985985134866007362e-01,6.072240539249491587e-01,-5.433980118786386759e-01,3.551885234056311180e-01,1.748261931545738723e-01
-1.002988398406108761e+00,1.363814673528090493e+00,-1.342780099617373546e+00,-6.800488497923340425e-01,4.121553845731733001e-01,-4.606332180387133768e-01,3.360079882209677793e-01,1.910602179738897510e-01,-5.305176173218871805e-01,-6.658834950245571260e-01,9.591256847815607944e-01,-4.982955994577530356e-01,-8.531588785841298650e-01,5.269207716541106645e-01,-1.480491888883457563e-01,5.256212450247333967e-01,-2.570331755182470035e-01,-1.643153885987144458e-01,2.375806378181633816e-01,-6.761314194508837305e-01,6.234368293300402986e-01,-4.405119741407175216e-01,2.835588400234142492e-01,2.457401362869669481e-01
-1.205097136038622896e+00,1.311707810164271848e+00,-1.200295600965158860e+00,-8.789692304040448434e-01,5.404062420248548770e-01,-4.439676974717216007e-01,2.831973698283126173e-01,2.526426810287720759e-01,-2.270848897086221174e-01,-5.668331020758612393e-01,1.030981297076468461e+00,-3.809051348334085429e-01,-8.229381890483373763e-01,3.162361057849527590e-01,-8.794989293200933256e-02,4.622915365941112631e-01,-2.253950471060909289e-01,-1.626244056651915404e-01,2.954275298590021137e-01,-6.436720265738656854e-01,6.252173907153379950e-01,-5.714262376383258957e-01,2.072276625174226394e-01,3.023614721436224673e-01
-1.386030250773575556e+00,1.023035545280255754e+00,-1.028595763288366882e+00,-1.064353706895512675e+00,5.839655927179925321e-01,-4.192524136072773300e-01,2.148282405435931464e-01,3.095486033981170726e-01,-8.248306428910140431e-02,-5.533809944369725287e-01,1.066208086598350313e+00,-2.705778004877410492e-01,-8.606639645677484074e-01,2.824889145326921480e-01,-2.809776639852364089e-02,4.234136356983086436e-01,-2.452611674784017370e-01,-3.079366005315790078e-01,3.481359612260343517e-01,-6.087072673635501863e-01,8.613830682557075402e-01,-3.872026649612742011e-01,1.283782773173752778e-01,3.679254836552560692e-01
-1.451786233249862335e+00,7.693593090254018385e-01,-8.306533295714690901e-01,-1.211177205898822162e+00,5.261216648893867198e-01,-3.380378950743865296e-01,1.396992604361241841e-01,3.602284252588425217e-01,-4.766118295368944324e-02,-6.942483727125383641e-01,1.081268627503747082e+00,-1.605313049203849207e-01,-9.436599630354243207e-01,4.592113641315984651e-01,3.708739146385305052e-02,3.911291432851353167e-01,-1.945347614168166095e-01,-4.859473397570345243e-01,4.007637830764841369e-01,-5.568079701666750481e-01,7.759872363296895781e-01,-3.397277228986418929e-01,2.314314548834364368e-02,4.107374349386083145e-01
-1.414431947337208673e+00,6.247527522183022874e-01,-6.200671648164323146e-01,-1.321874563179379791e+00,6.650451832387237472e-01,-4.393833481955263798e-01,6.830250151094602318e-02,3.987348514604192040e-01,8.359976615835849889e-02,-6.224439059663662288e-01,1.087280536730494518e+00,-3.633481509487232475e-02,-9.000518796817789102e-01,3.645618002979801875e-01,1.117714831605537557e-01,3.446152226604977664e-01,1.820241918208451160e-02,-4.528859807787222747e-01,4.454100922151469355e-01,-4.848138088189778427e-01,8.636329052577697007e-01,-3.967853131811830414e-01,-7.502571410068012425e-02,4.433017972983642752e-01
-1.574169359807290558e+00,4.525492882805147166e-01,-4.090236286069101057e-01,-1.406949078213852511e+00,6.679985481200697572e-01,-2.768647679427554409e-01,-1.845665470807038647e-02,4.435853349044980853e-01,2.902948465643544473e-01,-6.412557305700697929e-01,1.073952612013274077e+00,8.020632796347079707e-02,-1.009266559431623689e+00,3.121879996504714483e-01,1.839425403943977244e-01,3.115701201258093689e-01,1.019380550657923712e-02,-6.041134300678330238e-01,4.649242286850326922e-01,-4.143541245942023998e-01,8.112611802952875983e-01,-1.396378296440212996e-01,-1.829668701274741183e-01,4.764870819670323776e-01
-1.492973501477468767e+00,4.779329573159596389e-02,-1.790906223075752202e-01,-1.463777971883589490e+00,7.614526536806116574e-01,-2.283262787990369969e-01,-1.072009586710583884e-01,4.675899718227526369e-01,4.340901901624197312e-01,-5.679887643864192093e-01,1.034242646863347881e+00,1.972396861119773970e-01,-1.075092488334156604e+00,2.741309465845411797e-01,2.682286953241079797e-01,2.875573618437994861e-01,1.765236575716061795e-01,-5.506137385187754862e-01,4.816136805573045243e-01,-3.282402956580679487e-01,8.031143108142138054e-01,-2.102144744985327274e-01,-2.866485701595405389e-01,4.783829372822625547e-01
-1.475662075076777935e+00,2.739827855323098693e-02,4.411617435290765554e-02,-1.468342619161297602e+00,6.887941701880251344e-01,-1.271275857131244635e-01,-2.059314531329382303e-01,4.821779411720082953e-01,5.287579506992492462e-01,-3.890330449158667658e-01,9.745805243701435305e-01,3.042423371096029117e-01,-1.082270655673813087e+00,1.232573048891822814e-01,3.597664058098719586e-01,2.716914748346605513e-01,3.947200666102002042e-01,-5.390837189482353686e-01,4.772837229387190683e-01,-2.471830487720506064e-01,9.005129894897550002e-01,-1.942287129793271450e-02,-3.889638204288339285e-01,4.821685636804617370e-01
-1.513164466220342064e+00,-3.045551967321744047e-01,2.644280201670651254e-01,-1.459739271244015812e+00,7.053501662607135625e-01,-1.312706879852424402e-01,-2.975063650532177029e-01,4.816452858446673146e-01,6.367104103400705872e-01,-3.084409446586847681e-01,9.005021513117800191e-01,3.897156885057703191e-01,-9.234075313079944669e-01,8.584984347039516239e-02,4.522405679844094251e-01,2.755639736957342101e-01,3.574719608254950942e-01,-4.588875948412583505e-01,4.471301359516500207e-01,-1.679992021090364884e-01,9.115184117198086300e-01,1.626211925069435127e-01,-5.005696682583494761e-01,4.617633145470188549e-01
