0.000000000000000000e+00,0.000000000000000000e+00,0.000000000000000000e+00,0.000000000000000000e+00,0.000000000000000000e+00,0.000000000000000000e+00,0.000000000000000000e+00,0.000000000000000000e+00,0.000000000000000000e+00,0.000000000000000000e+00,0.000000000000000000e+00,0.000000000000000000e+00,0.000000000000000000e+00,0.000000000000000000e+00,0.000000000000000000e+00,0.000000000000000000e+00,0.000000000000000000e+00,0.000000000000000000e+00,0.000000000000000000e+00,0.000000000000000000e+00,0.000000000000000000e+00,0.000000000000000000e+00,0.000000000000000000e+00,0.000000000000000000e+00,0.000000000000000000e+00
-4.722920993280976809e-03,3.758705014065108485e-02,-2.319939418114050356e-02,-9.865848419703660693e-03,-4.207290204056694100e-02,8.856880498295562065e-03,4.419163878318005390e-02,-3.661761457749351800e-02,1.303656533452627990e-02,-7.739563066112771506e-02,4.794155057041975948e-02,-4.699098521619943236e-02,1.108017883034464329e-02,-4.786514284763453142e-02,3.181750327928994232e-02,3.165954901465661830e-02,-6.669226976056161216e-02,7.220582210937419310e-02,6.805498135788424011e-03,2.087708598019581002e-02,7.325826648700645150e-02,5.679796816911693996e-02,2.078553514647818456e-02,1.336381567063082976e-02,2.040960231099827882e-01
-1.125457699784904175e-02,-4.896870814497661373e-03,-4.051522104735544305e-02,-8.732031922756176498e-03,4.374687182497807164e-02,-1.788727009868929657e-02,9.650570777344562312e-02,-7.600953182831052257e-02,-1.386946611362023518e-02,-2.682976098355845107e-02,6.750491817769217751e-02,-3.858129377782620884e-02,-4.381667073406622648e-02,3.610055544824138096e-02,-1.802165922756316860e-02,1.031779061359576130e-02,-9.411869151439704317e-02,7.602357562873129915e-02,2.604106647949146723e-03,-2.832256870378013075e-02,7.336406936457393058e-02,-1.129890647073926446e-02,5.814288319108697894e-02,2.610137800148411291e-02,2.341444563540934221e-01
1.436653695592249314e-02,-2.215950158824175897e-02,-5.938880323431050545e-02,-3.310346989066351164e-02,-5.492432479450089222e-02,-4.630570551347670816e-02,1.094630642340727600e-01,-3.053487438285385630e-02,-7.803385231901059649e-02,5.804366421195548964e-03,8.730008108554264401e-02,1.134326102345588165e-02,-3.443296293338064806e-02,1.702762735348482132e-02,-3.700141920290445779e-02,-8.008517761233215071e-03,9.899538193538288955e-03,-1.027632858886418088e-02,5.144880337384363095e-02,-5.694342433416579169e-02,5.519056526116259548e-03,3.060765556835442353e-02,2.204944952331510527e-02,3.058051021254731827e-02,2.205884842938617141e-01
-4.343901516585491063e-02,-1.795788344592083585e-02,-3.778431681430399758e-02,2.432210925467220841e-04,3.854117461567811015e-02,-4.903708169448332127e-02,1.024515498815481707e-01,-5.741651229084974994e-02,-2.944500604126349536e-02,3.859713284629970320e-02,5.473949807528358247e-02,1.109934407185050008e-02,-4.085851727236267800e-02,5.590235720904717515e-02,-1.472965078880631058e-02,2.749335157313128816e-02,7.640155885202110086e-02,-3.622809553995184895e-02,2.116858469737459975e-02,-8.907549006982418138e-02,1.755173344529653567e-02,-1.639842195315763251e-02,2.809828720680418446e-02,5.621493247078414301e-02,2.293963903965709761e-01
-7.078124695748511108e-02,2.072938474586560886e-02,-4.417350894565680308e-02,-1.094185910936462669e-04,5.439122691955414202e-02,-7.594603355792699240e-02,5.998778266748765187e-02,-2.101632429616095976e-02,4.751916441670663710e-03,-2.507742056384790197e-02,8.225900722066286502e-03,3.568713292793866676e-02,2.493089221589361859e-04,-3.503618348486831069e-02,1.431698585019678879e-02,-1.822334851856760585e-03,5.337625992302686556e-02,-3.142330642984005051e-02,4.473270664161185795e-03,-8.742240557276084734e-02,8.034165580565814924e-02,-6.442413446127048804e-02,4.129446336154406205e-02,9.024997177881065313e-02,2.356707320959679774e-01
-3.682975027571089299e-03,-5.083095542001232758e-02,-7.928405836186414035e-02,-4.211235466902296665e-02,-2.811411200216994144e-02,-5.305535644475264934e-03,2.349779408851202650e-02,-1.582766254891634916e-02,-7.170038168238021536e-02,-4.858685099268540697e-02,4.661445903610300645e-02,-1.339995114240542448e-03,-2.559117129361215826e-03,1.537473814953123873e-02,3.039049084798873049e-02,1.748366328705015793e-02,3.101833340811413833e-02,-6.177719704463255357e-02,-3.525336359086021082e-02,-1.115004428289669836e-01,5.168991542090486252e-02,-3.947796887006788102e-02,6.235199763055159633e-02,5.832818574810391676e-02,2.310855077295533855e-01
6.780545149432215535e-02,4.742352302010019449e-02,-9.129078656558248239e-02,-7.563198501031498378e-02,5.139261949078315073e-02,-2.319764574291790366e-02,6.758242113949904095e-02,-8.015238101525060110e-04,-8.048405979985009950e-02,5.292508551515008597e-02,6.259623580976349244e-03,1.653539931686085276e-02,-2.170006775047320091e-02,6.716704875188168888e-02,1.064474517040309154e-04,1.708485496157478856e-02,7.186362947010357938e-02,2.865229619154069374e-02,-2.114925489003780315e-03,-1.286263184909511026e-01,-4.597165832292401944e-03,-1.115079861895701407e-02,3.934660482098784051e-02,9.730222860370643656e-02,2.778661260154793311e-01
4.874946622698106413e-02,3.876254629806916152e-02,-6.069060016552896286e-02,-9.012308001832236570e-02,3.337106698295373708e-02,3.128239918636792349e-02,5.505579396630487510e-02,4.516645255447186008e-02,2.877473211724872193e-02,-2.274403570436757394e-02,4.943832044489326893e-02,9.618183440962909184e-03,-3.571907093020151858e-02,-4.546453721518521618e-02,-1.827541122937182197e-02,-9.981420889356067486e-03,3.228286073983068633e-02,-6.046304338672886525e-02,-3.382765223938982713e-02,-1.618065885017058170e-01,-1.417412138533297172e-02,-4.014837527260048389e-03,3.358808193052622432e-02,9.961608876304881011e-02,2.716588895422235028e-01
-5.173432127808941239e-02,7.332489882976772622e-02,-1.375559549722626951e-02,-5.019073145281521819e-02,5.001340769213130644e-02,4.251592336261478255e-02,8.642345880804924718e-02,4.227037220101378945e-02,-1.216553298207825526e-02,-4.816502928919524223e-02,3.348543685337344866e-02,5.575647193803729557e-02,-5.038475031079199529e-02,-5.021758458734913722e-02,-1.815676667691028257e-02,-2.002459713183895110e-02,9.644570350131595471e-03,-1.369457285151670645e-03,-3.042856711837673214e-02,-1.387299558510661501e-01,1.271002919056670594e-02,-2.465388295483791903e-02,3.594516589661152228e-02,1.432215556709414139e-01,2.822333780131584535e-01
-4.225544147550813756e-02,2.881903201403979153e-02,-1.143587721762073794e-02,-6.906662048978895463e-02,1.485430213168162372e-02,7.194494162391841530e-02,9.318424198069655273e-02,1.626861069034943319e-02,3.441183383672156981e-02,-5.136025477236029479e-02,7.712031366440683100e-02,1.078179018655716220e-01,-8.564358080991113509e-02,2.134866440811303279e-03,-9.426718090221199164e-03,2.443558493445002755e-02,-6.779577832383611169e-02,9.449865133985324572e-03,8.375416520821164085e-03,-1.326269544151437163e-01,7.212672995562832701e-02,5.554094589862224041e-03,1.381842935096742365e-02,1.920516749665886758e-01,3.404921412159767069e-01
2.755459283259653613e-02,4.728901952263714348e-02,4.703110756959505423e-04,-7.664855162185552073e-02,-3.876474495843219847e-02,-2.826399426110695612e-02,4.419008549250571377e-02,-2.692827505787846742e-02,5.633120221330916583e-02,4.711336130187815385e-02,1.077590181944868136e-01,1.642951137513163351e-01,6.207128513370074874e-02,-1.760637275154115777e-02,4.086233415765631871e-02,4.170348674308500814e-02,-4.180382530144988174e-02,5.211080539271095713e-02,-9.748516555827584085e-03,-1.105145076289192341e-01,-1.343759285998585851e-03,6.959876563400987926e-02,-1.592534137183387530e-02,1.532395739932751466e-01,3.328258551112032726e-01
4.187291357684175264e-02,5.551398504383453503e-02,-2.356346092101113676e-02,-1.063307532427439361e-01,-6.063407044203789065e-02,-1.821794053690675708e-02,4.860511346238050034e-02,-5.438226301979985633e-02,-5.368586325603524889e-02,1.328478428629448205e-02,1.043639016096334776e-01,2.128351300213995878e-01,-3.995668924786532905e-03,6.798799963822425851e-02,5.039531745970923793e-02,2.301514222445288915e-04,-4.360941084134873497e-02,-5.192879689640589325e-02,-1.319523687467392611e-02,-1.103663141762608602e-01,-5.181878378002774399e-02,6.355794422465788074e-02,-4.056416806394026048e-02,1.192954389274849258e-01,3.633278125693387151e-01
-7.399211777861680606e-02,1.172332146892038351e-02,1.927320909820351424e-02,-1.324883235531712500e-01,-7.381213623954634151e-02,-7.284415857969014918e-02,3.644586234688706322e-02,-7.939362372054580008e-03,-6.048701926444682853e-02,1.980105964186944928e-02,1.110708449181709995e-01,2.283062614688831649e-01,3.140212608142589623e-02,1.796194898097741577e-02,1.869317963958672113e-03,-2.940174719446643839e-02,6.494631676667558806e-02,-2.460608155593475843e-02,-3.097826205201239386e-02,-1.109823617147614738e-01,-4.472058319295466045e-02,6.430299847838663596e-02,-2.181831382763288474e-03,1.109165490332688631e-01,3.780382425552445413e-01
-4.452832124593117391e-02,-6.019976826788331348e-02,8.192551221527155647e-02,-1.788645453027991050e-01,-9.913999993665018051e-03,-4.682579193087946234e-02,4.122469357258179423e-02,-4.808950675714433742e-02,1.161771626445307071e-02,-5.929404636362725634e-02,5.814356091905387158e-02,2.281173302286666482e-01,7.847264807247728013e-02,7.594974746626811934e-02,4.725496971001053037e-03,-4.367758602119838768e-02,4.232033499043770519e-02,-7.442464439482793237e-03,1.369463606469335099e-02,-8.746708417653771550e-02,-4.818194220677603917e-02,5.741836540483916118e-02,1.222278136118349484e-03,9.167336310890503159e-02,3.837287416875450052e-01
-8.129897019872688035e-02,4.915501118040674355e-02,5.367006122351647424e-02,-1.999096356074459568e-01,4.042228242641482394e-02,6.512720029246008013e-02,3.300918801064648550e-02,-3.288148439285358549e-02,7.802061077765153063e-02,-3.414340840239935004e-03,9.075337680152339992e-02,2.828801054036777507e-01,5.958805242892414866e-02,8.111332254282080378e-02,-4.970674360896182309e-02,-1.580709516861442121e-02,6.321433708516843719e-02,-4.138644126136600820e-02,-3.326443976929507884e-02,-1.197086874132763934e-01,-2.397583292909452254e-02,-4.750679948253702656e-02,9.991999158165069256e-03,1.080803839121792648e-01,4.504240785031078387e-01
-4.525236685840638984e-02,1.736042638718747477e-02,9.854274368868243261e-02,-2.180805561437719753e-01,-1.332732635917031894e-02,2.328306726750675737e-03,6.904071223220591136e-02,-5.470509503021563080e-02,8.152236089907972938e-02,-2.472602854686035967e-02,6.630188030307423985e-02,2.507539118855988125e-01,1.024237283611598159e-02,6.010978095103000629e-02,-9.223509982420217967e-02,-1.664013084849087776e-02,1.563849786958955435e-03,1.931403102471362931e-02,-5.893922670260494379e-02,-1.285093274895766358e-01,5.124678798165180349e-02,7.140288904870817355e-02,4.331534809968484723e-02,1.612000465600041399e-01,4.588513275618006371e-01
-5.544263607801155902e-02,-4.513385174333636035e-02,1.140874521612125214e-01,-1.893816512053043688e-01,-5.436961073970998648e-02,-7.725669029975756885e-02,7.340191965342232616e-02,-3.403883027383253906e-02,-4.934232866232789172e-02,-1.117792164163938784e-03,8.768021633390912783e-02,2.920732737627547149e-01,-4.228046575049863171e-02,-6.024877446068110931e-03,-5.573982295157792199e-02,-4.122174033963552087e-02,4.682520252846194414e-03,3.556677184352613486e-02,-9.201644510515169517e-02,-1.299671911696384241e-01,-7.245984059711782499e-02,6.956107097206232215e-02,6.067540657188401354e-02,2.011225219408738496e-01,5.023847467544301226e-01
-3.426778660658963416e-03,-4.711980696075190184e-02,9.098090135979808313e-02,-2.201019065843488054e-01,-3.842225543074365146e-02,-3.044339768500813059e-02,4.945413090985462112e-02,-4.727676348811420126e-02,-8.330342337513557682e-02,-2.247054438671070020e-02,9.049612724158037635e-02,2.962731660528085675e-01,-5.791466683839979757e-02,-2.935961057805222540e-02,-4.536797872441059032e-02,-6.788142827967201531e-02,-5.831688020142401091e-02,7.340508605358991856e-02,-1.067830436901035934e-01,-1.768106913539163882e-01,5.078324094010606971e-03,4.294020375093129949e-02,9.682431705677856104e-02,2.011893599612161188e-01,5.324544945314565458e-01
-7.537815980336645683e-02,-5.125004501606078566e-03,1.430102911072919647e-01,-2.132046482143311605e-01,-2.097789590873308518e-02,7.500650112708223682e-02,6.217332037428609931e-02,-4.236522352239407291e-03,-7.382149946556657016e-02,-1.514441562298304844e-02,6.893722753722576757e-02,2.940966669335182138e-01,7.402716757805904990e-02,5.033337747474372903e-02,-4.649556841684612807e-02,-4.050132027669833823e-02,4.878520154093482497e-02,-2.774395907351773216e-02,-6.608898295547177559e-02,-1.544279348159901255e-01,-4.907467056597272781e-02,4.148094646327038504e-02,1.183706839807262406e-01,1.607802440534031041e-01,5.154240974557414701e-01
-5.620255055406528366e-02,2.681298146564056739e-02,1.530983823331874549e-01,-1.822496860801019469e-01,3.924167012311551017e-02,3.033835581056282260e-02,8.172646448826573207e-02,-1.162545614041533837e-03,-1.431214562789714928e-02,-9.956938677457505271e-03,9.978074827127966784e-02,2.861448211216313098e-01,-1.351162592902448861e-02,7.960765653044798995e-02,-1.703071505472308900e-02,-4.570852321100862814e-02,6.281138682835879505e-02,8.175167042166164855e-02,-4.653644335979493368e-02,-1.174193602466659936e-01,-6.502357048559952168e-02,4.106362499032789604e-02,1.323096105789072496e-01,1.305294406668565665e-01,4.875966723798015878e-01
-5.779882133930072663e-02,7.432015471579370147e-02,2.101783085901173243e-01,-2.002938795811740613e-01,-1.511756000147121415e-02,7.271536840226938692e-03,1.133736332549318548e-01,-2.965161985630616198e-02,7.478627396404183281e-02,2.800632742344782988e-02,1.199336939565262827e-01,2.588621531176829027e-01,-7.178571418201877552e-02,8.603259856673917128e-02,8.165981334188748830e-04,-9.195146759655331570e-02,3.027746778279939016e-02,-2.401528792352811831e-02,-4.060185034473078047e-02,-1.148715795316951477e-01,-6.941369362934389498e-02,6.022699225948020818e-02,1.067353891569233909e-01,1.319174499716195270e-01,5.191629838647083828e-01
2.883711791022763871e-02,1.282114862270788969e-02,1.852198996642831497e-01,-2.248854338776121731e-01,-4.083583827556364065e-02,-2.503708842838722748e-02,1.408046130735936541e-01,-4.895058362614135988e-02,-4.171599198287639920e-02,7.817554649604224748e-02,7.258869961977096330e-02,2.227362698157043797e-01,8.081290678639038716e-03,-1.303101956349844714e-02,5.149964463480755095e-02,-1.345863951797175995e-01,1.213795399092026939e-03,7.563573721849349563e-02,-6.739359063004525530e-02,-7.876515136569499365e-02,-6.503767625076653514e-02,2.092889459386682027e-02,8.444779252451273255e-02,1.162659461459589344e-01,4.857062725475194132e-01
2.113566353896084715e-02,-2.012241412648330119e-02,2.405545887294219254e-01,-2.527677057985462938e-01,-8.690735322449362477e-02,-3.351795674289746729e-02,1.267800646119039421e-01,-8.138960155487837134e-02,4.705830499755418728e-02,-7.284698521890331513e-02,5.760250884792386672e-02,2.064691633121071290e-01,-2.710693610698025613e-02,-2.368095964391614405e-02,1.362688598444240090e-02,-1.724404609805050559e-01,6.277926801593058936e-03,8.620517552691937813e-02,-1.116621758880756432e-01,-1.230792222517462092e-01,-2.961282156208894234e-02,-2.881469837192479622e-02,4.765383390101736449e-02,1.157643747228923742e-01,5.395704961067420147e-01
-4.960360649563821944e-02,6.713858272850847797e-02,2.770517498752258501e-01,-2.324616585710112537e-01,-5.657668721120637234e-02,-5.678642230321457457e-02,1.388915491277245839e-01,-6.311845043047434323e-02,-8.264621080872591730e-02,-8.398867739057402915e-03,3.421123026381309162e-02,2.021054848858519493e-01,1.402774521015959230e-02,-8.420316322686172139e-02,5.702451979402214932e-02,-2.144272519032019153e-01,5.230565009814432120e-02,-5.595023674018484439e-04,-6.400844824795687282e-02,-1.861732035134373298e-01,2.160552815205329935e-03,-1.340369027943655311e-02,8.785358553232225365e-02,9.529828679719802575e-02,5.756548162353430920e-01
-7.448961598664738393e-02,-4.390403713936180674e-02,3.263220632779567087e-01,-1.921420999309681465e-01,3.407887019506193604e-02,5.548301879094738598e-02,1.594917232316518108e-01,-2.721392027659093674e-02,5.200772660839254186e-02,-1.725232093658457533e-02,7.967335969699515519e-02,2.377721080888057226e-01,3.084189647194682249e-02,-6.442472492111434024e-02,1.132202698602078617e-01,-1.740322262082764360e-01,-3.035686632848108579e-02,6.833492478519527513e-02,-1.155285438612935200e-02,-1.485511947060978444e-01,-8.975797889225338444e-02,-7.212735562389585575e-02,6.707632737635610409e-02,1.265955212633306792e-01,5.974689957257607320e-01
-1.455296229068858693e-02,-8.928431999280883602e-02,3.731493665422371819e-01,-1.786306470058106610e-01,-3.801442445292957384e-02,8.858209385827320315e-03,1.246990282108112191e-01,-8.842879656574976349e-03,3.185856642962616586e-02,-4.220672331988367665e-02,5.312226343030342773e-02,2.651715595823586069e-01,-6.277113602478448517e-02,5.469052530869542017e-02,1.128804882398627418e-01,-1.544875747028604807e-01,8.805574882109457047e-02,5.262084423320746718e-03,-2.741832538768537719e-02,-1.190449004702166524e-01,-6.964439849775100333e-02,-4.686457185698789107e-02,2.988336589964554757e-02,1.063696099405472412e-01,5.982620939175629093e-01
-7.036180799980162881e-02,6.689269403874931186e-03,4.193877342874268721e-01,-1.576841305080125544e-01,-4.699772647617514454e-02,-2.026822836755140522e-02,1.130211842661987820e-01,-3.644651089685065071e-02,-3.417635253915779492e-02,-2.419643068811627717e-02,7.272988312800970911e-02,2.303798411953090763e-01,3.394796332711774722e-02,-3.571014310194021990e-02,1.160852055908903058e-01,-1.698841433238397758e-01,2.106132722944936697e-02,-7.712476999369381747e-03,-2.201001777119349079e-02,-1.085067002123864671e-01,2.534162965833697961e-02,8.125319944685775730e-02,6.474351504531096480e-02,8.807601025101668979e-02,5.994199507686461814e-01
7.439642755213016212e-02,-6.669295656208518164e-02,4.785340007436785781e-01,-1.127408188736381267e-01,8.105417016088539706e-02,-8.816058327517500848e-03,1.191925753453432490e-01,-3.825634188063782581e-02,-5.924199128816115545e-02,5.745047548686876837e-03,1.035777453784315627e-01,2.774670526141599369e-01,7.111827707871282156e-02,3.976496238796822791e-02,1.015751604995681484e-01,-1.529644048057677563e-01,6.003621475684653430e-02,2.560879916477912244e-02,-4.852456633038140787e-02,-1.276235473050025548e-01,3.936062256730060022e-02,7.074481977776410357e-02,7.132853284620133127e-02,1.234633672910816493e-01,6.748386544886346705e-01
-4.102983078277594453e-02,-7.569016773870451686e-02,5.015982447033381364e-01,-1.303383862684100447e-01,-7.615303146650567734e-02,3.914617451102592183e-02,9.168943283161679059e-02,-7.373375696854159167e-02,-3.096767147020623029e-02,4.347276012588041638e-02,5.350931100647129263e-02,3.269199558402347550e-01,-7.674752323412552257e-02,-3.101869120694685650e-02,5.899769976957253137e-02,-1.980422778952902751e-01,7.972833543274215895e-03,5.568841820384443086e-02,-8.408338912890486738e-02,-1.662572629579193717e-01,-3.027300881660037468e-02,2.681219295003583677e-02,1.071074365278011364e-01,1.095397544521643646e-01,7.227045270572318714e-01
-2.884276965430587758e-02,-4.635956125454188115e-02,5.357615224852613212e-01,-4.945287649912460948e-02,-4.489234445386841577e-02,-4.500660154491442633e-02,6.493002149844123716e-02,-7.552294470694553841e-02,-9.044785764318918897e-02,-8.847497736586140693e-02,-9.778446649786276534e-03,3.381254636409575798e-01,8.664948029958847997e-02,-1.614905094458964074e-02,7.816589589003589134e-02,-2.035229987142251062e-01,-2.415533110999986549e-02,3.328987229517785251e-02,-1.029161313926822974e-01,-1.667482877402677310e-01,-5.380997299670135792e-02,8.545981085407025613e-02,1.301422327506196464e-01,1.504550204422356041e-01,7.629037945804572063e-01
9.378672207012145323e-02,-6.243566307022119233e-02,5.460086636546978012e-01,-5.577724350966523081e-02,-2.383562150869613511e-02,4.632342910005468606e-02,6.142928455633583917e-02,-3.402613034127879854e-02,2.983485077752585923e-02,-6.721360036459744780e-02,-6.176085305272752124e-02,3.294151463342043229e-01,6.428101813113903940e-02,-5.394590092689974248e-02,1.060680906447225846e-01,-1.644055574958843968e-01,-5.245125934635130882e-02,9.704365480396236199e-03,-1.195253972180752300e-01,-1.591687963782009718e-01,1.746279983360712884e-02,1.804379451333996270e-02,8.885160905910199913e-02,1.046682815421720314e-01,7.393113960016347574e-01
7.118560960383357727e-02,-3.390073900070655899e-02,5.594415888756456567e-01,1.501533486903090797e-02,3.095517365736091819e-02,1.229564673078550191e-02,2.890943339235182985e-02,-6.634319097497162754e-02,-4.345944378477289982e-02,6.959644566566550172e-02,-3.943996189784665374e-02,3.401672294218328063e-01,6.113243883836383397e-02,2.765462737086474276e-02,8.481293575410178698e-02,-1.522993701564857305e-01,6.572237722094345647e-02,7.088448876867774195e-02,-1.239459337658470606e-01,-1.227045194654886040e-01,3.923591978725921026e-02,6.561957610105435823e-02,8.328789166724683002e-02,9.738951408191093284e-02,7.393818521660990850e-01
5.859047416520041240e-02,-7.701369253245760049e-02,5.362292832167527834e-01,2.086115651337634713e-02,5.295112292222702022e-02,6.300990579402504510e-03,-8.251332154829982279e-03,-1.864643456818899578e-02,8.498094430923283649e-02,-2.426886236728320601e-02,-3.527663278969674077e-02,3.047758226818333971e-01,2.978577772452734029e-02,8.194584677601346456e-02,5.253163436549371235e-02,-1.506448861650681037e-01,-7.143729583046726228e-02,8.723276137653057649e-02,-1.353364696975791204e-01,-1.833108294683553074e-01,3.727409506356628432e-02,-7.796029959115562125e-02,6.060158973473262628e-02,9.036408006254910419e-02,7.207888601127289130e-01
-5.922232002705557496e-02,5.295515961196761712e-02,5.692564931778760773e-01,4.688212040229020050e-02,3.985424495447113108e-02,-5.383004611994549049e-02,3.285805172050279555e-02,-5.672436569753282198e-02,-7.861474513790830954e-02,3.309558171489968004e-02,-8.367657104044524952e-02,3.405407151114067110e-01,2.982544140608753280e-02,-3.867818848110804453e-02,1.045049300830141747e-01,-1.376494275850549953e-01,8.204532817936960321e-02,-6.487486363185564209e-02,-1.365629638452712513e-01,-1.922124301742218488e-01,-9.734371758753662673e-03,7.935686237838388002e-02,5.938464343889185426e-02,1.054720573610378603e-01,7.690407747856768950e-01
8.109352049545906493e-02,2.398510136858900132e-02,5.795407896043163198e-01,9.218202727655544493e-02,5.693909415981290856e-02,-5.388733177305732314e-03,-7.921135689920894007e-03,-2.234934307108335516e-02,-7.582199471279665870e-02,-6.721279446970454541e-02,-1.073954427939036033e-01,3.440953768019604508e-01,3.579114141026776968e-02,-1.536828968408109064e-02,6.089716195053271330e-02,-9.627944354277867545e-02,-5.647735269113861312e-02,-5.514623520098987930e-03,-1.614500491918300640e-01,-2.257968478639500731e-01,-8.522042611223659692e-02,1.856932607778469246e-02,9.161845094944018331e-02,1.465797461131707058e-01,7.923411538565928725e-01
-2.719356052564830817e-02,3.688193139512851992e-03,5.821999044419448044e-01,1.225076173482480824e-01,-7.521412091475210282e-02,-2.726135659459361094e-02,-1.703613402045889291e-03,-2.005901112099222477e-02,-9.333909857598148008e-02,-8.199430033314644706e-02,-1.357540756874610066e-01,3.073195845181613817e-01,-1.945138833343659779e-02,-7.025661931712093300e-02,6.367586802704283677e-02,-5.160730297513083098e-02,1.142090229357362041e-02,3.378802217563162125e-02,-1.078170145319418682e-01,-2.317561488684841686e-01,5.493022248049694856e-02,-5.757197641203232186e-02,8.631535244732914391e-02,1.973885625027166357e-01,7.881735291637241847e-01
-4.708688896913787447e-02,-6.437494890504757983e-02,5.615562408280139195e-01,1.296806184297238373e-01,7.128294593918599320e-02,-5.677459306669498107e-02,5.162881814537231828e-02,-2.142224126475487933e-02,8.817273973380856944e-02,-3.454038935231709684e-02,-1.622659430123252755e-01,2.766802533023433597e-01,-6.132683858505073859e-02,5.263758218377700970e-02,1.097791820170510163e-01,-8.057514576896776526e-02,3.041339699824179010e-02,-1.081171235800371111e-03,-9.199391301000475751e-02,-2.534103707537154748e-01,1.292193774829392128e-02,4.024773131233516654e-02,1.123053857711270864e-01,2.501730718186422897e-01,7.984170549850332366e-01
7.895025060780871962e-02,-1.822685208725427497e-02,5.088375374240232674e-01,1.482036352962348702e-01,-4.011491123925089997e-02,1.577578089239092818e-02,8.802430793194773728e-02,3.389094620670105029e-02,8.295434932425876928e-02,-5.594605337025089498e-02,-2.206586645371106659e-01,2.476239143937278286e-01,2.130789012967240770e-02,2.703555920854422423e-02,1.346413232494774181e-01,-6.698140692394088935e-02,4.455593623086720467e-02,-7.105067733359256288e-02,-1.185631140700094399e-01,-2.641656353765765575e-01,4.274903853477116100e-02,8.073087501928877252e-02,9.920543880328161479e-02,2.128320749173675530e-01,7.722548420272492553e-01
-5.925853067774156102e-02,4.636493265294916455e-03,4.432622708303161074e-01,2.063096027239597618e-01,-3.363084042710083599e-02,6.435127870538012718e-02,1.150788164805868624e-01,-5.953576432993672521e-04,-1.172495382517879658e-02,-4.969576255931940079e-02,-2.258168180328237462e-01,2.314071505270954843e-01,2.453604213386942345e-02,4.112049140426335403e-02,8.806132671629923747e-02,-3.838524398526135806e-02,-6.424624353402474952e-02,-6.676912472797852383e-02,-1.364903203890439343e-01,-2.243980418920431541e-01,-9.012598920179407114e-02,4.892665490179820553e-02,1.101232196263376983e-01,2.510166264769982947e-01,7.368767353648525420e-01
2.644893138000053989e-02,7.244733357312282962e-02,4.017493443669467590e-01,1.960368044608687965e-01,-9.625306035560263207e-03,3.638294159829580376e-03,1.471703273456725913e-01,3.750411994085671441e-02,-2.391784616096181981e-03,3.297891967893790827e-02,-2.378620584796463655e-01,1.800444061492089132e-01,-6.837358210918495494e-02,-8.979508654695711467e-02,9.174800137730573790e-02,-8.126633465669716450e-02,-3.888781087346315779e-02,3.729195449367145310e-02,-7.221321548865644591e-02,-1.879448687794693096e-01,-6.153853205535797510e-02,3.436045613159123546e-02,1.554726086529951423e-01,2.048551073726177507e-01,6.792247944071269083e-01
9.797240863275302747e-02,-8.526710742582077618e-02,3.695920381515235831e-01,2.131744920557314682e-01,9.254087034690533509e-02,-1.730440030325172684e-02,1.260881643713044342e-01,1.041383760307815903e-02,7.048937286320719475e-02,5.587336804948166147e-02,-2.448118212320173070e-01,1.520110728515554066e-01,1.078755845209289355e-02,4.380101660277335718e-02,1.490163357784372311e-01,-1.103127041322374824e-01,7.266700135253295612e-02,-1.879125602209158474e-02,-3.009550813383599088e-02,-2.099826774191950185e-01,-3.463835450503741087e-02,3.358114886297963730e-02,1.898109813422796388e-01,1.920897103644240989e-01,6.908019421787331416e-01
6.203596068285473220e-03,-6.014691989390197335e-03,3.171093487596849947e-01,2.451943492703390071e-01,-9.100183158522290316e-02,-3.041453368734023388e-02,1.110816296721878760e-01,6.777387411982382925e-02,-2.231566987545431646e-02,-1.813101601443256605e-02,-2.475120935499575126e-01,1.137553635466410640e-01,1.639659645857985404e-02,7.334215070835703454e-03,1.787404814158809196e-01,-9.392005643529507952e-02,2.316225722143377963e-02,5.201005435309347114e-02,-3.707712472825436256e-02,-2.251130703982378300e-01,6.068589492919639061e-02,4.385157556220185826e-02,1.945609198313625887e-01,1.606405948648385873e-01,6.538886181475426218e-01
-6.276118847062082950e-02,3.677469366636898496e-02,3.327417838075003576e-01,3.092815335757665984e-01,-6.422848234166284032e-02,3.730028615689745530e-03,1.417710427172717280e-01,3.321365016434259243e-02,4.097026554290968819e-02,-7.809996367852017896e-02,-2.345575831983723325e-01,1.424088185770495119e-01,1.387855253994332849e-02,-4.731556492268945702e-02,2.021704294971219673e-01,-6.590851024568841754e-02,9.034971316870166191e-02,-2.665405579396845637e-03,-9.098241957063560315e-03,-2.417886100735245625e-01,6.108836415529256270e-02,1.163212312735197040e-02,1.879364655243987992e-01,2.027413665687814448e-01,7.174501646127339205e-01
4.680124772042888043e-02,7.218127251362105312e-02,2.764237064447133130e-01,3.100629551898925751e-01,-5.709311119282026170e-02,-8.004411115715079350e-02,1.728508231118111582e-01,6.847946752020321604e-02,-9.323788729044731050e-02,2.683288019073420960e-02,-2.782611812300311849e-01,9.766462488524130237e-02,2.199060771568095429e-02,8.645082437381518270e-03,1.747479166853715959e-01,-2.819296492051786424e-02,-5.180278026356566201e-02,-2.170232434078916972e-02,-2.280738910425936239e-02,-2.000214641029544327e-01,1.967569269747540539e-02,1.421268900195921114e-05,1.619134382398356997e-01,2.428595075859675545e-01,6.940613893063044548e-01
-5.192608565671676113e-02,1.036970018066607491e-02,2.350873237403445781e-01,3.242274628706054429e-01,7.416503817855929492e-02,2.791367668775932009e-02,1.548340040243923188e-01,3.552743548455274125e-02,5.222401339451343549e-03,-3.353498200733107115e-02,-2.944942729424825378e-01,7.269619430446505604e-02,-3.197594050642273145e-02,3.412285450824226185e-02,2.142962051580346583e-01,-5.961069357689800091e-02,9.688238424850711961e-02,3.141923457651643603e-02,1.979640899621182282e-02,-1.832387321604661001e-01,1.264059338781908792e-02,4.576327562384273351e-02,1.900983472274898056e-01,2.193611099372150264e-01,6.858482238124075092e-01
-8.138987519832296957e-02,5.150939979330165785e-02,2.164616168104151195e-01,2.870985626509456878e-01,-7.177686673955600838e-02,6.453581835538657607e-02,1.745925807213010161e-01,3.663180603913911149e-02,5.583368492579479647e-02,4.082321924722903672e-02,-3.224130183726572341e-01,7.619439821221157816e-02,-9.181779659568499452e-02,-3.883903290695189803e-02,1.764051654130180391e-01,-2.545882311704342205e-02,-4.486839375616663572e-02,-2.666318960859401233e-02,-3.015108831009937276e-02,-2.269545134833868549e-01,-8.071716373909035291e-02,8.651985395975525517e-02,1.746451767381445308e-01,2.105129397588363926e-01,6.927515447848509034e-01
-3.127482995926954279e-02,9.512443692957611718e-02,2.192762923918098183e-01,2.962030635718513327e-01,2.689851160899642268e-02,6.447114665114289656e-02,1.369214829894122853e-01,3.893609320705589127e-02,-7.281549549101079544e-02,7.155771386178705340e-02,-3.006276135628879742e-01,1.254421921184933897e-02,8.279085411709524722e-02,-3.705947417231014729e-03,1.976914949761119644e-01,-5.044110652059763389e-02,1.993453076137369218e-02,5.125936344288872792e-02,-4.319299570314216047e-02,-2.048413591805116063e-01,-6.452913275180510722e-02,1.928574978629910355e-03,2.038074359100962574e-01,1.897392202682469664e-01,6.700720869690098835e-01
-8.728126019479094666e-02,4.063993610287414127e-02,2.195538687129956479e-01,3.389323270242811104e-01,9.656968417230693547e-02,-4.999578336685642221e-02,8.513067126015561037e-02,3.410250435544952274e-02,-7.248697558101735439e-02,-7.397434210659542542e-02,-2.732782811829483349e-01,-1.025408212596481961e-02,-3.763788584390068137e-02,-7.846544936244956303e-02,1.766063880293080590e-01,-1.152885241010112582e-02,3.796502486954994593e-02,-8.624445008594205930e-02,6.694236247445882471e-05,-1.669738693653772255e-01,9.636074295992225203e-04,9.837070225977745386e-02,2.437383280312490630e-01,1.490127836110419213e-01,6.671159346506245758e-01
-9.758247291070475116e-02,-5.058987533147116245e-02,2.294335167469136738e-01,3.312852445031522208e-01,9.527124937314415676e-02,5.930524175110013507e-02,1.101762995980909987e-01,4.462707055973305637e-03,8.982378325143233755e-02,-2.946717487267880298e-03,-2.505927798300510156e-01,-7.795830511885315506e-03,-7.771529701282221814e-02,8.286479082922293404e-03,1.529125766669333919e-01,5.406902018564038737e-02,-8.374435623191872624e-03,6.676069516962024331e-02,5.265438841946283588e-02,-1.332869974544040603e-01,-7.944110628881981273e-02,-4.448445420808383455e-04,2.311818235654178877e-01,1.788481054372826895e-01,6.475956600332083424e-01
-8.614136266672153819e-02,3.595779800155601835e-03,1.975516686626656582e-01,3.480878768781247024e-01,-6.801627756906737654e-02,4.777310047094809886e-02,1.037960563256719315e-01,-2.451822270786800650e-02,2.706971427414245346e-03,3.511059033960156617e-02,-2.863163604765447956e-01,-1.455225466103313159e-03,-9.154394995770062660e-02,-8.189564266309830309e-02,1.815753949109182308e-01,2.642063549996423455e-02,4.323074841925078626e-02,-8.462872512365615663e-02,6.364434325844750551e-02,-1.502342024117513941e-01,-8.561224686226864833e-02,-9.688145160621194907e-02,2.151243678371319301e-01,1.778814722889999755e-01,6.694550670682701821e-01
2.728679750299681239e-02,6.106028152484219151e-03,2.022993399292813688e-01,3.757300198614832443e-01,-9.110927972065249736e-02,9.285188728477394848e-02,9.503315560682046303e-02,7.499451376530880120e-03,5.925280491056983401e-02,-4.039481608317507799e-02,-3.007609163152499265e-01,-4.563296632403454622e-02,9.473200134464032640e-02,1.987801722263260462e-02,2.300673264291552278e-01,-3.310705710407424451e-03,1.704080499806942539e-02,4.793618328220944358e-02,5.392947332056520493e-02,-1.258641538037738039e-01,6.146718473102799618e-02,3.055878640153363024e-02,2.019978225912188452e-01,1.696959677554625290e-01,6.815669677438012108e-01
5.552716305883317882e-02,3.147821046427179414e-02,1.368167482003556090e-01,4.103769972098186836e-01,-6.458287977045584771e-02,9.713867137240067562e-03,1.092384834760511264e-01,-8.400435836039721327e-03,9.595260196346985793e-02,8.655952959260304613e-02,-2.646929622322798936e-01,-2.601300286958618813e-02,-8.986484096689903445e-02,-6.635638295408774479e-02,2.407345326310273426e-01,-2.543134775691768823e-02,-7.309292026719298174e-02,4.476665360494241908e-02,1.625591485598684716e-02,-1.024157040094373361e-01,6.346624554922722372e-02,-5.620715161051068054e-02,1.519536318611316439e-01,1.527789721263902445e-01,6.615941186391054440e-01
2.355287702416634932e-02,-6.154958834726168004e-02,8.672336267003244448e-02,4.072522681500139186e-01,-2.919986101103571804e-02,5.633325445582590407e-02,1.356790111572881152e-01,-1.038925994530778829e-02,1.115804297474087825e-02,-9.760956116822841477e-02,-2.849744247935086516e-01,-7.378217558312534508e-02,5.147895042209194028e-02,-9.272388995982672188e-02,2.985525296053840871e-01,1.866657105067121014e-02,4.805352854848346511e-02,-5.919533103247809347e-02,6.863922829883897792e-02,-9.559524093395294075e-02,9.130895571353532525e-02,-2.627175482945035001e-02,1.315540025794325329e-01,1.416972262168237628e-01,6.807147483995839021e-01
1.246488897849060487e-02,2.065743858996060833e-02,8.301466437875715254e-02,3.775172947008191837e-01,3.444165209611962930e-02,6.104455431491064010e-02,1.434091713672881740e-01,-3.141764018197437669e-02,-4.607142750692722055e-02,6.377671380004423796e-02,-2.697979354838722088e-01,-6.899541362806486944e-02,1.108713773744357534e-04,-8.426612165503047369e-02,2.786571251937220994e-01,5.712033367190430533e-02,-8.741500579495149748e-02,-3.309330315488573371e-02,5.933989734026982876e-02,-8.376391850037301356e-02,5.723477815191088669e-02,4.149547071070927573e-02,1.065584231999247844e-01,1.438351906320253226e-01,6.360255861781649589e-01
-3.294558659021575020e-02,-9.379329788555093583e-02,6.845711281647326452e-02,4.124822883172309940e-01,-9.415646371610664200e-02,6.633618611954542055e-02,1.817737727405394355e-01,-2.255803371860265472e-03,-4.566468718599953069e-02,3.802285510519420875e-03,-3.099132907465225184e-01,-1.316715294117219992e-01,-3.985314577675827530e-02,8.704259334839575812e-02,2.604513931107416136e-01,5.048345583907007383e-02,-4.808740955063395967e-02,-1.423960763236070681e-02,3.789699188502680671e-02,-6.536498112433392071e-02,7.442265209693864347e-02,6.824484619431123167e-02,1.245704423933505223e-01,1.578649978181774771e-01,6.963577072421365255e-01
-4.525544967820427367e-02,5.101654579251990729e-02,5.499372289868631469e-02,4.243989076715967146e-01,-1.025541887159967663e-02,5.564485083381177227e-02,1.673750319421878907e-01,5.181097713012894346e-04,-8.681041390877236585e-02,-2.709836885733785117e-03,-3.234190221368333229e-01,-1.125340819001739434e-01,-9.282830967375528541e-02,-8.598014531848562070e-02,2.351657822767533601e-01,3.872133807067856814e-02,8.029166544954953466e-02,-7.161173320375605056e-02,9.001471732038565654e-02,-3.986782334015831486e-02,7.071243418318606810e-03,-1.701815254441793601e-02,6.787590720199304650e-02,1.812971073860004667e-01,6.897153801509121607e-01
6.950118718738004797e-02,1.249280642666750207e-02,8.588894678164382679e-02,4.030086754729390597e-01,4.374846692339735832e-03,-7.623797883754104832e-02,1.236496436853577602e-01,4.804815152279576229e-02,7.104736297522351585e-02,4.435402866367782471e-02,-3.302085361686587506e-01,-1.757751990225040195e-01,-8.621709861316578793e-02,4.079725827597602966e-02,2.712479173976362623e-01,5.223982359007525722e-02,9.217784210664589639e-03,-8.385783962640841471e-02,7.255456209711694249e-02,-1.293244710044960666e-02,-7.979767140853633034e-03,-2.829767997626519982e-03,8.519826673438035680e-02,2.101480511614078894e-01,7.032791824824857763e-01
-5.143557674869919660e-02,-9.646450254023775095e-03,2.336453457045817306e-02,3.866172515218360139e-01,9.663802943042709703e-02,5.382684140992354677e-02,1.049549183621173998e-01,5.697845718141567040e-02,-9.363226242082295370e-02,-8.633661941285077079e-02,-3.571548132182395530e-01,-1.914605661161626893e-01,-7.259791930103676183e-03,8.147299937925817082e-02,3.054452148113410703e-01,8.546163753349692027e-02,8.014184846173999510e-03,-8.316538272824525180e-04,4.614867291315688513e-02,-2.796535748166517621e-03,-7.826078891154039652e-02,3.105291994103423492e-02,3.705654426145277291e-02,1.763006482504702321e-01,7.132538937925047007e-01
-6.324100331140508624e-02,7.859818812581342851e-02,-1.842511404474800329e-02,3.398871244049207485e-01,3.136687804028810700e-02,-6.892898557397272863e-02,1.130898098340603758e-01,2.717469410706324640e-02,-1.258867603019642178e-02,2.226598661918402500e-02,-3.658362472864005732e-01,-1.889922275435397536e-01,-8.297545699774253047e-02,7.653413426492136629e-02,3.342224758030076237e-01,7.238167109084520101e-02,6.036839275372579694e-02,1.116775710196971083e-03,9.480846522478866834e-03,-4.101530179501372553e-02,9.275766667798888976e-02,-1.639004586853423651e-02,7.181315690802927976e-02,2.037380733959798240e-01,7.114450221261013896e-01
-1.737122973137716908e-03,6.578248319283430678e-02,-4.235588538062934338e-02,3.623976910823101250e-01,-3.275489691126501346e-02,-6.520627324158294325e-02,1.416737210158966198e-01,8.826145901458226639e-02,4.199020225642269288e-02,6.492219052960909731e-02,-3.748346422394652211e-01,-2.472600147178101171e-01,-7.958333160993871780e-02,-5.157295987673500559e-02,3.680967446616452698e-01,4.508038951753620682e-02,-7.114713839979286414e-02,-3.029164703613763943e-02,-1.559966129005280200e-02,-2.183494169658145578e-02,-9.414798095498499997e-03,4.943148277956128933e-02,5.603152735076716295e-02,2.218990148560447961e-01,7.657613738058904884e-01
3.042058200271147150e-02,8.766779617692121995e-02,-4.517774696123377787e-02,3.173102237217364507e-01,7.390735811193258065e-02,5.260099072583041685e-02,1.262629907758704706e-01,1.386510721920400369e-01,5.737780548380017054e-02,3.310761794715848250e-02,-3.830345621463662753e-01,-2.278161528797003343e-01,-4.777171068555113864e-02,8.073541517384655308e-02,3.988016581185367393e-01,3.455808908638946519e-02,3.376516703340613768e-02,1.180179904338195945e-02,-2.671695348125079084e-02,-2.071096774057151757e-02,-7.738293338014386180e-02,-1.008175095131993992e-02,9.226992254621704803e-02,2.379650097232259842e-01,7.748727694536208244e-01
4.067757408138361619e-02,8.432667219696154959e-03,-6.838292818723895605e-02,3.162795358285529490e-01,-8.024275815515348464e-02,-5.100117029779270561e-02,1.189355604334638994e-01,1.846036125267714323e-01,-9.713533637669241605e-02,-6.342109819918201330e-03,-3.530601029864666729e-01,-2.845898230545388374e-01,-3.953969620414954367e-02,1.975862358176616596e-02,3.739791245893082650e-01,1.561090291909869587e-02,-4.013011172989303099e-02,-3.999818657256846988e-02,-5.156414102976299152e-02,-3.565837926003123659e-03,4.811094221216530298e-02,-8.993810631895024499e-02,5.032392006768568460e-02,2.808209530586019964e-01,7.864816518986474936e-01
3.447828518510220874e-03,-1.383360834764313374e-02,-1.045336068041239352e-01,3.007426896866918220e-01,-3.687596376546883881e-02,-1.304826175523757237e-02,1.591415106450206618e-01,2.205170955991479220e-01,5.407140703830054518e-02,2.034078679318632177e-02,-3.352747030903005521e-01,-3.492837193321667311e-01,7.812276231508061275e-02,-1.123122808943841089e-02,4.184624005461681784e-01,-1.001639447719609999e-03,2.115320430387299805e-02,2.615523175693676775e-02,-6.438232014911643430e-03,-4.307076180760333051e-02,1.841794801671679804e-02,4.005559635274621999e-02,-6.663831007919257532e-03,2.833903288257603181e-01,8.255141735850404228e-01
-5.836514403190107281e-02,3.350487087462661329e-03,-7.960542119691016438e-02,3.066025363318634067e-01,-9.865789487316413420e-02,-9.819480389765222750e-02,1.058180941857219254e-01,2.182968580273572379e-01,-5.601897501841690552e-02,-9.239345635894993802e-02,-3.346332976709536222e-01,-3.229077997237050912e-01,-7.766381439177177937e-02,-3.210111327168069240e-02,4.108431495946596734e-01,6.637294218316594496e-02,6.049756882269876485e-02,1.451990488857443640e-02,-5.352480018214575419e-02,-2.887278321627556599e-02,2.587138465791245096e-03,-4.079620861011037936e-02,-3.363508230261172405e-02,2.992192431300903510e-01,8.307065923538977659e-01
2.686735587937172376e-02,-8.937640774731392401e-02,-4.722947250953341003e-02,2.886916178274814837e-01,-4.846490149576411499e-02,-8.802578921317949501e-02,1.034274540742921855e-01,1.945961952022491059e-01,2.041260028504433832e-02,3.670733140319466792e-02,-3.601698031915735454e-01,-2.914465982263402255e-01,-7.688683486075092999e-02,-2.321683245095400305e-02,4.205660187080886847e-01,9.849856193183263720e-02,-8.691622860230771574e-03,-2.613580540318627410e-02,-6.859572344275599587e-02,-1.374392119731415729e-02,-7.567125021428297571e-02,-1.632070810996598398e-02,-8.068418546619261777e-02,3.496052410136464283e-01,8.383202203943199704e-01
1.539681570668094412e-02,-9.102154852644095406e-02,-2.199652582773814480e-02,3.080045672546236069e-01,-7.540610672181105589e-02,1.142616204330668128e-02,8.008524049753314167e-02,2.211376774839527992e-01,-3.135518688789069863e-02,4.586405607646481392e-02,-3.590828306341456999e-01,-3.525412216712001112e-01,3.026710556067596647e-02,6.880552785585036801e-02,3.983385149475651699e-01,1.590653611513664079e-01,3.823974735167928740e-02,-1.393138427536749768e-02,-7.001240279816076106e-02,2.133032744203139375e-02,3.440334741598746054e-02,-4.473524114369852728e-02,-6.950421851667235029e-02,3.464464463976157926e-01,8.637110642702491292e-01
-3.171700490096729386e-02,-8.566263512908639521e-02,-3.335813352870237170e-02,2.842556182187443437e-01,-1.826649210884243035e-02,-3.768182106273562648e-02,3.446616031340096753e-02,2.295012550916989136e-01,3.520176456063296017e-02,2.110296371822398265e-02,-3.232952606791806849e-01,-3.828955022051458434e-01,-2.689390672978386743e-02,-5.610493077052766675e-02,3.974641534781446772e-01,2.043169809553588567e-01,9.744134789444808264e-02,-9.100871338448168757e-03,-1.134705868471444223e-01,3.452110035440125735e-02,3.772899162795172179e-02,-7.157653293829178975e-02,-1.043224553415089684e-01,3.316145838610132790e-01,8.679406247226828519e-01
-2.291243160015343783e-02,-3.187312547240761518e-02,-4.466009203955996487e-02,2.429900399510903919e-01,8.258948659355780375e-03,-6.893455556584093813e-02,7.156939704062392771e-02,2.447547312217593918e-01,1.080671896414378205e-02,8.402527661090397615e-03,-3.313809829978469068e-01,-3.945497071882702600e-01,5.234020767776925709e-02,6.635836893746038800e-02,4.259023756923773218e-01,1.828283379115855367e-01,-1.165912508652269808e-02,-3.953346579264555016e-02,-1.345187017282334085e-01,-3.097531015493870665e-03,-4.806718143145751604e-02,-6.097514522153008043e-02,-1.700500261170062588e-01,3.425698031642885888e-01,8.900349369809910094e-01
8.173954718329823343e-02,4.433972397895580286e-02,-3.119920952838073358e-02,1.958005945540047532e-01,6.692496002729864113e-03,7.374912054621146629e-02,5.007916360352114571e-02,2.897625819813204329e-01,-7.375628689045521380e-02,5.789946775777915500e-02,-3.096656777696294993e-01,-3.995889322124781540e-01,-7.480203562978726683e-02,5.882205584708380397e-02,3.965819153385979901e-01,1.892956378610826107e-01,-4.482530391791283986e-02,7.523106744519003630e-02,-1.218743339430905792e-01,4.023956187683191965e-02,8.848526647707900816e-02,-7.015961680648538645e-02,-1.539946562965205656e-01,2.916733008660353788e-01,8.672461153987963689e-01
6.941266950443758521e-02,7.850917893293962724e-02,-4.725664814139169528e-02,1.522402975724644614e-01,-8.734866763653678645e-02,7.676374483409109661e-02,5.610965042226415816e-02,3.127502739103887874e-01,-1.058357579694041428e-02,2.133107000628672867e-03,-2.816165435146671392e-01,-4.175212197372776823e-01,2.517639098403212650e-02,8.517962931318262543e-02,3.441034192012249471e-01,2.111974829808341558e-01,-9.617027964272772955e-02,-4.510684357890371032e-03,-1.259864056661109122e-01,-1.919979112692696277e-02,3.769521259086879017e-02,4.444966706196355755e-02,-2.117847179766705057e-01,2.952987181647224180e-01,8.581876504693670693e-01
-8.204996544243148282e-02,-2.222412676447488300e-03,-4.141391080025938476e-02,1.552191454351054545e-01,-8.452766681749979139e-02,-1.822431820916509126e-02,7.787136108798897727e-02,2.601706691683666750e-01,-1.851997494908137754e-02,-8.680441581458131495e-02,-2.757222681424806310e-01,-4.619846359969398408e-01,-3.002060989139032632e-02,-7.732622822709694921e-02,3.051518813426519761e-01,1.850613107020736836e-01,6.131773818093078088e-02,8.942705318168470141e-02,-1.399723415555877704e-01,-5.178665747184185708e-02,-8.539427300493125650e-02,9.095151858742203665e-02,-2.635119217171462136e-01,2.671212934198510247e-01,8.577525146678912638e-01
-7.543914074789659363e-02,7.764094228137269349e-02,1.643897291416229756e-03,1.523522756378572207e-01,4.191669766052674717e-04,-1.014294662963122207e-02,1.178780474333029210e-01,3.069543216834384469e-01,1.709593207885762300e-02,2.474058033505552312e-02,-2.224162215493874495e-01,-4.422376454521483868e-01,-8.555102926805668861e-02,3.630504314840382607e-02,3.065391832298215435e-01,1.662048828968798464e-01,-5.142198363717642717e-02,4.286980811229551547e-02,-1.152594985239229070e-01,-8.141509307635654002e-02,6.411635467030118996e-02,6.086311253668879456e-02,-2.523958672886613686e-01,2.284755361297128862e-01,8.169714619006614997e-01
-2.803424255864828130e-02,-4.572943530862037809e-02,3.731350906926772515e-02,1.161860060223405267e-01,6.849463775469150084e-02,-3.724600974609770798e-02,1.234094132709892266e-01,3.485352024571166663e-01,5.766454806539778044e-02,7.829137613193146161e-02,-2.256120240065180305e-01,-4.347755239817749917e-01,-1.322537775536958282e-02,8.193390216418211525e-02,3.502336895535864691e-01,1.991659576820490885e-01,-2.464173503543543031e-02,9.278597396866622438e-02,-1.392842001097294724e-01,-4.130860948919340414e-02,-8.189497054764230399e-02,3.744712841022065919e-02,-2.502238970936816465e-01,2.482247282493461049e-01,8.612883600738691081e-01
-2.603034600281795008e-02,-8.943340955935036307e-02,2.083532582948699474e-02,1.015048791805470141e-01,5.362773103347107106e-02,-1.662437357565565987e-02,7.715375724538940660e-02,3.395866671349760946e-01,6.430808225856099458e-02,6.997553351708053759e-02,-2.534286128234769508e-01,-4.713692763285530218e-01,-5.744871387359873349e-02,3.164402217369212400e-02,3.112870227239828425e-01,1.927337221473484352e-01,-5.533365071808460378e-03,7.606448337940829862e-02,-1.795778515996364622e-01,-5.729651532566874123e-02,-5.691153946419108545e-02,3.559820064181373755e-02,-2.237077107024864620e-01,2.436189946006515339e-01,8.560847867252510124e-01
-1.469334788564702343e-03,-1.920156953971659253e-02,5.460061738116039898e-02,9.568790302452090391e-02,6.234358142383489287e-03,1.905508048953241662e-02,3.993936655003332836e-02,3.534568883448825360e-01,-9.787754003736576225e-02,-7.103533635859488743e-03,-2.738606550860577249e-01,-4.667736533368808116e-01,9.256802227688776252e-02,3.915164324049230649e-03,3.443564067646375237e-01,2.022624721885778465e-01,3.545530614270181458e-02,-3.752812984516601391e-02,-1.265255496476407893e-01,-6.138574046483762786e-02,5.463787898157579370e-02,5.465208548565077262e-02,-1.911746153402032466e-01,2.360519489969166995e-01,8.548118517485038259e-01
-2.037251434736486733e-02,-3.943707581346114766e-02,8.709376187228146105e-02,1.480323426378180596e-01,-8.678241302869360574e-02,-5.426390885237714068e-02,5.946896984485419702e-02,3.747768780655915122e-01,-5.071077226550768646e-02,-3.227720977279930487e-03,-2.664680494925534271e-01,-4.785699355667338839e-01,4.960299682427848911e-02,-5.179961628778761984e-03,3.727600558564690969e-01,2.377554086940391609e-01,-8.829763814918772935e-02,9.131251072356852405e-02,-1.609360722468277105e-01,-1.590203028712461678e-02,8.841450949608259391e-02,5.703149019258832442e-02,-2.352236404858207841e-01,2.238092244536098729e-01,9.194013387875176191e-01
-7.052582237479221305e-02,-9.835303011604246137e-02,3.494986150252998858e-02,1.978243164057910120e-01,2.608074403093385563e-02,-1.044563151227267950e-02,7.955573436843280111e-02,4.167451148516084780e-01,-7.316506079455742384e-02,9.136955021832326995e-02,-2.437672088520133062e-01,-4.532128807776332202e-01,5.994358261053545078e-03,-5.154722151143012465e-02,3.648369554581666341e-01,2.379162340883037852e-01,3.200329441455096458e-05,3.599159621717565316e-02,-1.920612893535214583e-01,-1.198798025799563752e-02,-8.459544738805327424e-02,-4.496527039586528662e-02,-2.745015512418232384e-01,2.487935439855707420e-01,9.441829278800681902e-01
-8.539181099137649333e-02,2.435062126922860060e-02,2.728917309178713335e-02,2.148834234953475864e-01,9.621676537151704900e-02,-6.183021316268594303e-02,6.117309044912461191e-02,4.482306797558325284e-01,5.840744729374591770e-02,8.150795241879421615e-02,-2.605128056169661033e-01,-5.009626595801570659e-01,8.866365720723901056e-02,9.193665483031113195e-02,3.040699632022167420e-01,2.900392275039623824e-01,4.217423435203371263e-03,9.534477195487667256e-02,-2.114438700934444804e-01,-7.317800378757029212e-02,5.128456396130348649e-02,-6.759406611943125087e-02,-2.704036457546561967e-01,2.287328042164995523e-01,9.930387890507789139e-01
-7.630371286748510729e-02,-4.216764541302270297e-02,5.023815248213392426e-02,1.984049863037095351e-01,-2.033544412438242910e-02,8.385067460980136222e-02,2.237124587738564818e-02,4.275002038622642830e-01,9.858203305186319376e-02,-9.084813683810738505e-02,-1.907213133239574754e-01,-5.046501522286882535e-01,5.222026788877481840e-02,-2.548172598626236018e-02,2.654489394037410910e-01,3.219521005925784496e-01,-2.148950003166871792e-02,5.085511689413230174e-02,-2.297951095347647299e-01,-5.231151648153165024e-02,8.363262171657308286e-02,9.009501955524201744e-02,-2.833110831322208645e-01,2.043764238232186892e-01,9.604361797338054618e-01
-4.353050879929493133e-02,-2.937383333064857993e-02,1.893392032510732292e-02,2.287836837853065575e-01,7.872191980416215484e-02,8.933637263820656815e-02,-1.265725408354900772e-02,4.435239994226265470e-01,7.854691180748341051e-02,-1.626980663166416319e-02,-1.344752950582162043e-01,-5.025011917287601770e-01,5.612396234146266316e-02,-4.673347901867963561e-03,2.889603663535404432e-01,3.681727520975212054e-01,-5.606730573542995089e-04,-5.896061554438886132e-02,-2.686587706528689168e-01,-7.666099013880085800e-02,1.825781014517265100e-02,-6.263322247991168212e-02,-3.017424832615647201e-01,1.541267903953288387e-01,9.830297169699157012e-01
4.476900064019573300e-03,-8.903199434658121136e-02,4.108402345102390996e-02,2.741212631291858326e-01,9.463478918191575717e-02,-5.464020178285122764e-02,-4.319902502759970231e-02,4.402561008805839782e-01,-3.910417303134239297e-02,-3.925490668745967859e-02,-9.972183774512502485e-02,-5.237923607529357817e-01,-5.383142129333051695e-02,-9.961426803185896572e-02,2.980787496194355346e-01,3.431276533545372653e-01,4.580705502767856707e-02,9.325415683880285134e-02,-2.556391586008485151e-01,-3.740473392711075873e-02,-5.507175649216651536e-02,3.252184843490624200e-02,-2.593539715282215385e-01,1.527675389043840481e-01,9.856111787316953476e-01
-4.690956593647285788e-02,2.022894418385232096e-02,3.448539585621268611e-02,3.030664191826327181e-01,-4.058177292402227743e-02,4.283565095540176060e-02,-1.059651668966480886e-01,4.726671934247181905e-01,5.173503962475278772e-02,-7.953839220592012760e-02,-9.981126270247975274e-02,-5.700481025878632035e-01,2.734773359093306544e-03,1.733121139887494611e-03,2.754770686181517991e-01,3.496730425075272319e-01,-2.607345111859793452e-02,8.658512061854579944e-02,-2.776989188019666766e-01,-2.594211915055970666e-02,6.535322689195580126e-02,3.943938287585926905e-02,-3.050500467628005086e-01,1.814235792103977563e-01,1.045765393738733673e+00
6.770453604253096058e-02,-9.760993578606999566e-02,-1.820944095087018155e-02,2.814105220924377759e-01,4.065691914744369584e-02,9.402124873553152629e-02,-1.021595675925211499e-01,4.294616989032066234e-01,-1.239906957373021479e-02,-5.305585032726750638e-02,-5.957545189075722641e-02,-6.113584287369198123e-01,4.093809462969505431e-02,6.338931244597750814e-02,2.333922055519082051e-01,3.548130749582266708e-01,9.213117462034903227e-03,9.339996894026912633e-02,-2.601228962135290201e-01,-1.455245751613538224e-02,-8.960533260346237316e-02,9.826891794912362421e-04,-3.071422740620957104e-01,2.086597368069507685e-01,1.043037318422404880e+00
-3.858206925663992815e-02,-2.946029786809903350e-02,-6.786508535306823298e-03,2.585121372210057999e-01,2.425560256736918052e-02,-3.305924549349545383e-02,-9.011728941467955778e-02,3.757736257776591593e-01,4.652301972725336743e-02,-1.914046477109365707e-02,-6.566090094904539209e-03,-6.423475371512225029e-01,-8.625119038692262430e-02,5.676044633617222113e-02,2.351525152870121982e-01,3.453824541645371116e-01,-4.283902219770985287e-02,-1.339932200654103678e-02,-2.993083889223992489e-01,1.204666033401276259e-02,3.697424098179524776e-02,-3.344587502730128614e-02,-3.115304226570602131e-01,2.132238767745362196e-01,1.028307806503794053e+00
-2.046235579622240897e-02,-4.711447656673528606e-02,-6.018665494835795382e-02,2.453364387196598773e-01,-5.890085268179470757e-02,-3.394233536656438011e-03,-8.056772402774664554e-02,3.804231846604704814e-01,-4.625214061057086878e-02,-4.250680027220837820e-02,4.298112075049106973e-02,-6.143894474590813060e-01,3.129684440758830066e-02,9.367402960552714819e-02,2.683863039984978327e-01,3.473783329822179300e-01,2.068728566602284769e-02,-8.458864565308074623e-02,-2.550889176089652377e-01,8.066853839507795443e-03,-8.483791379280858358e-02,9.020445775464275284e-02,-3.161631573295199393e-01,2.150950678129195104e-01,1.020366473558359299e+00
4.020323815297099923e-02,3.601197325316049525e-02,-7.987040925138833014e-02,2.331612343386698649e-01,-1.840497159759661716e-02,-9.683574236194730789e-02,-4.460509332904083468e-02,3.278840191882714250e-01,1.656606793809772826e-02,-4.942518294503789322e-02,5.722905530268007634e-02,-6.151737850004777020e-01,-9.898917098499701583e-03,9.155345120912816714e-02,2.365423801352907196e-01,3.125836660680962331e-01,-2.020589898856905986e-02,6.790339426530409006e-02,-2.214522052347757675e-01,-4.068371789024088914e-02,-6.233390113433148749e-02,3.450964450688556728e-02,-2.866692636902340996e-01,1.802530103963132513e-01,9.512646297656516259e-01
-4.582268182116089328e-02,-5.040220553194293962e-02,-4.582013678506191567e-02,2.307769764959551329e-01,-8.743220562669404283e-02,-8.257813271063202398e-03,-1.002471655422748076e-01,3.399042351730334754e-01,4.654775169673702750e-02,2.128719001472889616e-02,6.346359995881048488e-02,-5.544575231765290768e-01,3.455807020713680400e-02,-8.367796898164250874e-02,2.067447915687239401e-01,3.390416238187404230e-01,9.021657455602372089e-02,6.771681062630413583e-02,-1.859555771386025569e-01,-9.598035600918050636e-02,6.092617048585619033e-02,6.461400145210988155e-02,-2.624512192660716781e-01,1.899822032238763780e-01,9.179494641349676964e-01
8.717789033624673278e-02,-8.717524197073996117e-02,-2.245707916578310037e-02,2.204222279322851086e-01,6.486707650421873195e-02,-4.150617657353300460e-02,-1.099276072172123420e-01,3.767809107652204115e-01,-1.117986566659895376e-02,-9.560700297154078875e-02,7.754160597605691541e-02,-5.538085582373171167e-01,-3.973229500751722376e-02,5.095258350044928886e-04,1.456056381169517078e-01,3.389319355625941554e-01,-8.869789489805890437e-02,-1.744963009995284531e-03,-2.020701690299483433e-01,-8.623989344734678264e-02,8.538290873372245127e-02,-7.883106470423503764e-02,-2.706108425030402387e-01,1.543531141900901515e-01,9.222825086832047159e-01
9.055046838410385490e-02,-3.465883548395667230e-02,-5.751388369717247429e-02,2.506258471722241365e-01,-2.906240222352274305e-02,1.141227322342480699e-03,-9.151582343989245194e-02,4.045524371895589111e-01,8.817420107680806751e-02,7.513595287438112891e-02,7.430470274663447672e-02,-5.554543565886659318e-01,-7.944116595361484789e-02,-2.141757886470027628e-02,1.508358570902811890e-01,3.690143475968186149e-01,1.062536806524572164e-02,6.188049890565872069e-04,-1.733411712863559551e-01,-8.095587860639344435e-02,-6.119083475194956462e-02,7.169869586765789671e-02,-2.659184974838937343e-01,1.064381484449579141e-01,9.323143589459400582e-01
-7.886501127652334464e-02,-5.552019183134875024e-02,-1.145505854869970919e-01,2.248343293362443651e-01,3.828863418438799293e-03,2.155391139093357222e-02,-7.419423731706087377e-02,3.800019229404666410e-01,-5.086417055614894656e-02,-8.841885835265028692e-02,1.196871599417126952e-01,-5.175668654023060089e-01,-2.179625067091936486e-02,-5.311634371652357300e-02,1.176151040121498348e-01,3.531177137554795120e-01,-5.606964479581288963e-02,9.194591736123565451e-02,-1.276531207570256177e-01,-4.104645607394646900e-02,2.322700798200092592e-02,1.138731524477662460e-02,-2.375893109310304452e-01,9.995382760343207718e-02,8.686046062907510912e-01
5.850402230062756725e-02,-8.617115235682581975e-02,-1.212218049844360213e-01,2.036458301376704583e-01,-5.155848727032813494e-03,1.216352085793287463e-02,-9.302354908234983233e-02,3.805932481492712016e-01,2.564861097044278393e-02,3.765327420851694029e-02,1.465159433647203469e-01,-4.610874403608588024e-01,-4.933359254617414313e-02,-9.795968969697027573e-02,1.177807010197654269e-01,3.977938525503735834e-01,4.463208546072716665e-02,7.175462866648767146e-03,-1.083954474767321319e-01,-9.590094054597514406e-02,6.720745159034022254e-02,6.426005593063129073e-02,-2.353294459247110004e-01,1.345645849544745420e-01,8.637730232351926718e-01
-1.329530126479727681e-02,9.938033212484373435e-02,-1.198069966032313249e-01,1.758098544939842300e-01,1.180416238970652398e-02,-3.572648652250787205e-02,-1.463525969675378846e-01,3.341233699370224075e-01,-5.594042054074067211e-02,-2.987108006895300427e-02,1.771853594058349080e-01,-4.850472625041986618e-01,-2.551133470293401317e-02,-8.623590113965504123e-02,1.455005569433096280e-01,3.732333339926749982e-01,-2.606261864381445581e-02,-7.151418660300105923e-03,-1.542206783269192139e-01,-5.806789269618795046e-02,4.454135598798070195e-02,3.137536404116060551e-02,-2.348226226922960347e-01,8.521574010216176331e-02,8.498796396825881727e-01
8.159877517612679210e-02,5.178306956350170465e-02,-9.824069174440600016e-02,1.426499268209681093e-01,1.942435553828969486e-02,3.083260917362812270e-02,-1.936864712347818873e-01,3.010550298262029689e-01,7.779029899328020192e-02,1.574553027483427403e-02,1.791452001578643094e-01,-4.785977608359699986e-01,2.646012985342938162e-02,-6.870646886016436305e-02,9.828400997116915061e-02,3.849662180973189018e-01,-5.215685856010565669e-03,4.325527625842595647e-02,-1.598131313793133002e-01,-8.888562539243116678e-02,-4.577972786039152808e-02,-5.950645196322951191e-02,-2.810922938266363635e-01,4.487173738013677804e-02,8.494388778853396715e-01
-4.703613450091215231e-02,3.241113520676497384e-02,-8.437365871799298866e-02,1.392121804941679475e-01,6.295904315449896149e-02,5.560653008145938214e-02,-1.781855148402110012e-01,3.287667115692546327e-01,5.217704307204426573e-02,-6.244180670548016288e-02,1.618674343755028000e-01,-4.842323626351139332e-01,-8.229541404764714740e-02,3.977616769344033409e-02,5.664536396724886846e-02,4.179195852003469991e-01,-2.634392490156657607e-02,-1.351972792076520935e-02,-1.363266698185459092e-01,-7.755598107076727699e-02,-9.375251788825811339e-02,-4.809396296025682249e-02,-2.488658554645964416e-01,2.703376810829488663e-02,8.540628114046932007e-01
-5.168920025705525667e-02,-9.190275302536110580e-02,-6.040698643241655674e-02,1.251740217496154495e-01,-1.773238738208715581e-02,-7.394272777556026854e-02,-1.820234096659801848e-01,2.725044381849208719e-01,-9.547618834232231289e-02,-2.793352001569787690e-02,1.396258656730070269e-01,-5.165370333792249635e-01,5.669706832841175936e-02,1.324505414629092992e-02,6.883797497311446023e-02,4.064846283190752807e-01,-3.743385990607112773e-02,3.086514010956598053e-02,-1.788752323689875023e-01,-6.516419105050580418e-02,-5.361839363370704548e-02,-9.711947550004168539e-02,-2.750866273414501184e-01,-3.046418687320462393e-02,8.606238327882766992e-01
9.617449854518445029e-02,2.986720077768179049e-02,-8.731682249883457314e-02,1.766864994144966561e-01,6.084736464010917500e-02,4.299148072770048179e-02,-1.990071308391069271e-01,2.566873181177284913e-01,1.860008974698915130e-02,-8.933122680321092801e-02,1.658957674669103433e-01,-5.526494607868154274e-01,-9.036361502371137444e-03,3.496369384294434335e-02,2.178519808615490827e-02,4.171275643287266077e-01,3.548968048209179271e-02,-2.536575331852461423e-02,-2.135948712146787942e-01,-1.196540641126772608e-01,8.830038799578204811e-02,-6.653843972797354733e-02,-2.376593246682955629e-01,-8.380555677058365571e-02,9.025753417147540647e-01
-6.922824726090792691e-02,1.452546592214087884e-02,-1.248903808759995182e-01,1.533926886566125969e-01,-4.457460241676336477e-02,8.426617569659144991e-02,-2.302109150416645766e-01,2.309619285981022729e-01,1.665116387524931407e-02,1.852491633943287308e-02,1.949680590917018952e-01,-5.487988439343149949e-01,-2.901820647242414619e-02,-8.955511858037729089e-02,4.989489241082256665e-02,3.842051787193898615e-01,-9.362594837105461809e-02,-1.534332286093165187e-02,-2.436780369871303087e-01,-1.572750654937500880e-01,-8.305996183942718214e-02,2.134481022542393525e-02,-2.396904232747426033e-01,-7.863701184020205348e-02,9.068861966390985296e-01
-8.298743649398721001e-02,-2.287808900360543962e-02,-1.407221044155972933e-01,1.736503790921796742e-01,-8.579784532808298891e-02,-5.781424573555932200e-02,-2.054700757453300497e-01,1.859052072448489357e-01,-5.410040696341378297e-02,-6.192835296740917261e-03,1.696560114636536665e-01,-4.905386139958114455e-01,-4.629063662205362695e-02,-7.980066829152815400e-02,-1.395892930788833475e-02,3.967470137301186695e-01,-6.651881212073379457e-02,-7.052910325416597570e-02,-2.085037098273480050e-01,-1.235804854652440832e-01,9.456525893870701416e-02,5.184358723909900102e-02,-2.612350411330577327e-01,-1.359978067288384607e-01,8.659416790062155478e-01
1.610478325411857092e-02,1.100740095717367417e-03,-1.180189811445195858e-01,1.380287522414330170e-01,-7.118742402358368970e-02,2.478910469185241494e-02,-1.781056476110378095e-01,2.173423478436774525e-01,-4.526576888054206771e-02,-2.440742343031349071e-03,1.810039349140401821e-01,-4.346822791910751604e-01,-8.353272178850273955e-02,-8.095201315850730772e-03,6.334732288620414931e-03,4.172962483108366705e-01,-3.872375550583813386e-02,6.445280102429634672e-02,-1.526806750381874411e-01,-1.245802093075913386e-01,-8.856908265369259348e-02,-1.626789818748308747e-02,-2.926811364619133493e-01,-1.170407999409190380e-01,8.214762827837898129e-01
-7.478531983247588277e-02,-6.070689630009706850e-02,-1.331869931334563328e-01,1.144683117966550367e-01,9.025327513298631033e-02,-6.488939142283500772e-02,-1.620730863255414045e-01,2.008497252001520128e-01,1.353154224027386388e-02,1.584173492068197131e-02,1.670674452618406969e-01,-4.098751070040520528e-01,-2.084364556392381829e-03,2.894935738745452181e-02,-3.026771210475842633e-02,4.165637026324997549e-01,-5.403490837395547031e-02,1.053354035349879370e-02,-1.278019589458858629e-01,-1.738214884671691052e-01,-2.558204215284808070e-02,3.232374759526512875e-02,-2.715790882217046787e-01,-1.554844243752223354e-01,7.999496457820421957e-01
-5.006597969093606881e-02,-4.735267054134495446e-02,-9.909810226658744003e-02,1.353380644714360370e-01,-9.983381831687865304e-02,7.411952808920191371e-02,-2.126478633393742990e-01,2.194565295438651309e-01,5.850536559340296927e-02,2.544742872968230873e-02,1.779302891350573179e-01,-3.648972029115917781e-01,5.004481923123176024e-02,-6.956944802348907775e-02,-3.732541965559843522e-02,4.508662150468408791e-01,-8.345501542675937134e-03,-2.975840301443571922e-02,-1.425506445869542671e-01,-1.476596483444644337e-01,-8.124314128324734707e-02,-2.766592440271692377e-03,-2.314171963175189750e-01,-2.086607488889926365e-01,8.181715020816460182e-01
1.953047138565588980e-03,2.568325799853221625e-04,-7.935046068840123645e-02,1.635478042982851377e-01,-8.995280395828086917e-02,-9.299267204728295377e-02,-2.090599229246286328e-01,2.034722394444953286e-01,1.023763054574488088e-02,-1.235860321351144042e-02,1.903908290364551004e-01,-3.493183277860250069e-01,6.783195571825684222e-02,-6.786461961090406447e-02,-9.146374576866300732e-02,4.633710405687200828e-01,-9.499906274054123467e-02,-1.019250824755740803e-02,-8.653112698255621682e-02,-1.212976028782892235e-01,-5.250994662322596568e-02,-9.006728369266245315e-02,-2.229871517969723715e-01,-2.596528439071378869e-01,8.276779359143637826e-01
9.228203644203281097e-02,3.357657063978869427e-02,-9.801649599803030632e-02,1.804519849417366428e-01,8.661929737436480092e-02,-4.690311463092089461e-02,-2.390252155970783721e-01,2.118977794181522156e-01,2.229012001728920833e-02,3.569332528369802832e-02,1.782751580643897049e-01,-3.101310715736592671e-01,-3.647813500799190756e-02,6.960791310529534925e-02,-1.636348941416189695e-01,4.739894904561489652e-01,8.940821993936362566e-02,7.696197300266000019e-02,-1.031457816778519887e-01,-1.262992911863633494e-01,4.778985096118136544e-02,-4.451468070965486357e-02,-1.879425834378739002e-01,-2.131277269163205368e-01,8.224483909496067557e-01
-1.064160909126025956e-02,3.048781078883733286e-04,-6.663626441937764433e-02,1.494905790447775829e-01,-5.065528841441346852e-02,-5.811737323076160422e-03,-3.057463120682918367e-01,2.221931070726879676e-01,3.238599641797945683e-02,5.023504336252000713e-02,1.960782813139979042e-01,-2.790072162785294241e-01,5.075995368912290806e-02,1.558807000645956453e-02,-2.260873670975383498e-01,4.873644040338229178e-01,8.087278367375604071e-02,6.347678266264850100e-02,-6.134389480062457656e-02,-9.757399607675776299e-02,5.141128658634062931e-02,-8.887685943511997033e-02,-1.459989003306433608e-01,-2.635022576430660624e-01,8.419142088600934937e-01
-6.710513374832441369e-02,-7.666671313572059887e-02,-8.894340163506420094e-02,1.540950478908044707e-01,9.328008268999876673e-03,8.046803600131033352e-02,-3.493815947759729701e-01,1.652675304361572728e-01,-3.119692719791465618e-02,4.659512467065876629e-02,2.283295945813715866e-01,-2.416022495798914038e-01,3.173539759372387414e-02,8.631054407959970476e-02,-2.469869495600925391e-01,4.384305975093820695e-01,6.420190700480502000e-02,1.332366035410259553e-02,-6.734208431624655322e-02,-8.515884795393618978e-02,3.140739844764213473e-02,7.965546780137608418e-02,-1.467345612133743593e-01,-2.536175845151013575e-01,8.261850760499090951e-01
-4.806730403428904896e-02,9.392955633334154619e-02,-4.042291873804193525e-02,1.237232951203051656e-01,-1.375818590112154460e-02,-3.047823940803107146e-02,-3.640418647439880862e-01,1.424180597584912555e-01,-8.991627657032379151e-02,-8.943966366749533936e-02,2.705718256318314086e-01,-1.901249425918092317e-01,3.839692244770992469e-02,-8.400600610105612986e-03,-2.236689600064034611e-01,3.989132706094736802e-01,-5.468183213685534616e-02,2.279724334214094927e-02,-3.636011159692356665e-02,-9.610693153882288176e-02,-4.941780624198456595e-02,1.552583773902488362e-02,-1.682226405615168674e-01,-3.156566484848559728e-01,8.141482320332684708e-01
6.309127833494576620e-03,-9.345028893123918934e-02,-7.358667483885772409e-02,1.138141488536497103e-01,-4.883892340299955670e-03,-1.844869580516433905e-02,-3.980515793798606872e-01,1.436567601171804820e-01,-6.775160805420613053e-02,3.126979852224881506e-02,2.906630946013749051e-01,-1.647540033541031734e-01,9.421687275886983515e-02,1.244356598259255264e-02,-2.340520081286109333e-01,3.553040829266468359e-01,4.293725255627206527e-02,-8.629912399728856265e-02,-2.179838204521886147e-02,-7.992458465199259177e-02,-1.647592257177137032e-02,-7.671870438267641701e-02,-1.899100297142937988e-01,-3.419947068540325485e-01,8.301660159284538487e-01
-6.635282207074516547e-02,7.584395725787240750e-02,-9.559680620254162875e-02,1.611102360761179630e-01,1.140363727304932739e-02,-5.371898618839643369e-02,-3.925477313990202721e-01,9.144703536200415872e-02,4.788370058305957411e-04,4.629300564165828025e-02,3.164745308506031196e-01,-1.279333880960378256e-01,9.162520634730841884e-02,-5.589945286190878271e-02,-2.510017981623267058e-01,3.226241420879824018e-01,7.723149418238917097e-02,8.684718073089103818e-02,-1.150757115770009720e-02,-4.005857800086615184e-02,8.327600215083380553e-02,2.706564659015020524e-02,-1.242632629583304837e-01,-3.335543518881803338e-01,8.109305703520139907e-01
-9.872363839615988512e-02,9.567114458426828616e-02,-1.216176413813327417e-01,1.446385368964795415e-01,9.313780961512729828e-02,-2.097026906172377858e-02,-4.189394175566348300e-01,4.428061494688734223e-02,4.567598768365821460e-02,-3.083591296093912693e-02,3.167871467550603115e-01,-1.504938772725609719e-01,3.422248661092996969e-02,6.107970001067175581e-02,-3.161504583853111394e-01,3.386045871785422490e-01,8.934591058992553958e-02,-1.994659226315886880e-02,-1.857645187799161768e-02,-2.991278845919742579e-02,5.666010721891803770e-02,-4.680800699710599422e-02,-6.915589320778314786e-02,-3.175619900888352332e-01,8.410657311109539513e-01
-6.740451802128899494e-02,-5.321971985780493686e-02,-1.285332149070247953e-01,1.121715448050716324e-01,-9.524739090571757161e-02,6.698592000195296992e-02,-4.716978243392980219e-01,5.714958609072734452e-02,9.493542730763088189e-02,-7.290270893210498704e-02,3.370080419562158092e-01,-1.353646164716588718e-01,-5.369918555438257801e-02,7.368722622962731172e-02,-3.015351764343059959e-01,3.228501541599618774e-01,8.529093386271016652e-02,-1.607785059538768824e-02,1.567950110882160297e-02,-1.796593762783371684e-02,-8.986115347836334810e-02,-9.211649479271616370e-02,-7.477053483722766181e-02,-3.245865116076425139e-01,8.724143802651208590e-01
6.344815977137252538e-02,8.606919157112002949e-02,-7.943539127372223341e-02,1.020773900461591222e-01,-8.092915417268919942e-02,-9.984019260258741868e-03,-4.427192485304773939e-01,7.261160887990664170e-02,-3.249778259522029256e-02,7.412707359944509244e-02,2.847662200279627021e-01,-1.148913759503207288e-01,-8.329365752844064552e-02,-5.776459599052347071e-02,-2.874908891666758670e-01,2.580501009652646505e-01,5.049759185064361250e-02,-8.973554486979740119e-02,5.288884217047890024e-02,-8.078590138410557397e-03,-1.502817547304260981e-03,-1.159036389933629230e-02,-2.160872430009602024e-02,-2.896785928164828383e-01,7.709900967888272394e-01
-1.773343792434711741e-02,-5.188275226058464140e-02,-9.335559995715311810e-02,1.227473742090429143e-01,3.446553006589486712e-02,6.520599622657471950e-02,-4.614947982035449980e-01,8.575119273435760636e-02,3.461790557123889389e-02,6.487148341518983452e-02,3.058476758658473793e-01,-9.827235532349248848e-02,-2.060939841733422373e-02,-6.873089430527948296e-02,-2.436702352284878526e-01,2.587306947010974412e-01,4.758959507415943396e-02,-2.790743004449869336e-02,3.376083049631747879e-02,2.759264515046434829e-02,3.424804209778062325e-02,-4.587397379974914730e-02,1.335316819754256423e-02,-2.607885362363167037e-01,7.543489611912378434e-01
6.367292529636947584e-02,-9.197205387641133045e-02,-6.272491995655542218e-02,7.368614341599843964e-02,7.797303756409584841e-02,9.838894447218959893e-02,-4.822724587202144586e-01,4.796548122486571364e-02,-4.118155848964200061e-02,-5.792619069870297288e-02,3.085990929595663901e-01,-1.008763894153907048e-01,5.306628498324372778e-02,-4.939374765833010050e-02,-2.359860970769123989e-01,2.454507487084408024e-01,7.310895908068856808e-02,-7.942604842182388047e-02,-1.602397694798757266e-02,1.298161488200466271e-02,-7.480393743084216840e-02,9.581956563608771960e-02,-5.137523032203911155e-03,-2.055321464181041613e-01,7.571673714851845371e-01
-4.290974928872537397e-03,8.575799605763037570e-02,-5.479871386361560154e-02,6.165652966302936910e-02,-3.360234377043100351e-02,-6.925490018246965862e-03,-5.077032740160333235e-01,6.308435483385388398e-03,-9.725788007256663814e-02,-8.367814519010585705e-02,2.889527988089861110e-01,-5.173584866300920404e-02,-4.827816408427298978e-02,-9.442379759647312465e-02,-2.645615472372813137e-01,2.124173221125609801e-01,2.627993079143695065e-02,-1.472129545038391996e-02,1.302202430991938886e-02,9.446763475085037665e-03,9.621178168593369495e-03,-6.505907094567316140e-02,-1.081915064991560704e-02,-1.982207796511539222e-01,7.396274208687675378e-01
-4.083264201589342779e-02,-9.976819906195177889e-02,-1.036246093282933711e-01,9.492973477390564963e-02,-4.561323972876182853e-02,-5.641953073547519015e-02,-5.078852011963501667e-01,-1.831420865568633705e-02,3.236381773292407171e-02,2.673769770107314869e-02,2.893597319012696234e-01,-1.277193084316056992e-02,1.868465117773593365e-02,-9.674948947139540290e-02,-2.329768780491039415e-01,1.859076218597114916e-01,4.575580653161606670e-02,-3.529261500976610400e-02,-9.940174484619590523e-03,-2.851879721201000528e-02,3.300796756948268240e-02,1.130846314737939812e-02,-1.981967330322532972e-02,-2.356102531171555270e-01,7.351835744144019635e-01
2.142425112396650899e-02,-2.225651546917212231e-02,-6.305839306634819508e-02,6.600997043755318927e-02,-5.194469185813636869e-02,-8.100662686355963871e-02,-4.595918784381339273e-01,-2.801793974296779011e-02,-3.701193861909446436e-02,-8.066632329903533627e-02,3.231336263138631648e-01,4.902063945136067580e-02,-6.461803640303392937e-02,9.745777836160154917e-02,-2.180869579486178211e-01,2.315485121812863034e-01,-1.117663394508927599e-02,6.370517156002342141e-03,-5.879874541490578976e-02,-3.188065322259880929e-02,7.472142252380525873e-02,9.911038345292180751e-02,-1.616737963992687099e-02,-2.242565437211289092e-01,7.284924220691640917e-01
6.998845764258998514e-02,-6.075003145334550991e-02,-5.078467108210532599e-02,8.411402891121333436e-02,-7.489053170792772662e-02,9.268525322979262460e-02,-4.683595193707525972e-01,-2.412209680760485364e-02,-7.838581308268499637e-02,-4.305745933412041815e-03,3.595509881496640747e-01,6.500197400904900169e-02,1.710688565494583591e-02,8.278955323378051068e-03,-2.471283432733193119e-01,1.722285651026800313e-01,-8.279027913471791178e-02,-8.859119400833137536e-02,-6.764655736349653448e-02,-3.907105257578535884e-03,-7.889356854588774892e-02,1.712176632036528992e-02,-6.689898293363305548e-03,-2.452848299871573934e-01,7.544315071540770301e-01
-8.861725203736953160e-02,5.330225816615241641e-02,-7.542747236291857948e-02,5.513264857128763463e-02,4.041635443046832227e-02,-3.372444376964441048e-02,-4.756835570614421638e-01,-3.176298010892608659e-02,3.512990127331194756e-02,-2.081219349988577827e-02,3.221231266067091092e-01,5.191551114835993297e-02,5.124761195506954969e-02,-9.162689111566257871e-03,-2.423463242279378926e-01,1.439412887803291352e-01,-1.754728631924332150e-02,8.693845036563541129e-02,-7.892554934887441309e-02,-4.034160650544349469e-03,-4.982498969409114575e-02,-7.590934796979185994e-02,6.134572107886090975e-02,-2.273786332236473473e-01,7.194340313583654778e-01
-6.971513064167522700e-02,-4.516259876636841142e-03,-5.662141883330185088e-02,8.950421291193821904e-02,2.036091530022576812e-02,1.634510622166734928e-02,-4.413739261995417440e-01,-6.765853589735093543e-02,-1.970585581348771598e-02,-3.238201643752014469e-02,3.285483697787177637e-01,7.962197679453586474e-02,-7.462860983439517648e-02,-2.165192486721995158e-02,-2.446017698937642815e-01,1.431813566753281919e-01,-6.746697491070860475e-02,4.687487342392682166e-02,-9.130176195014644280e-02,2.722754281542466570e-02,-5.823431580086078918e-02,-8.828916527761264399e-02,6.237695060734285701e-02,-2.607767724409570387e-01,7.191423513921990640e-01
6.572424367582019311e-02,5.669107477142942830e-02,-9.093943759037592667e-02,7.888419712921790339e-02,-4.458461349999007228e-02,8.817133629543277840e-02,-4.413230420304691259e-01,-4.874897274082418130e-02,-7.512778446542112132e-02,7.502157265283684873e-02,3.348809062306726814e-01,1.190701481657758798e-01,9.418234894202642815e-02,-6.456606231280304087e-02,-2.360123311737478691e-01,1.227223789489934880e-01,4.440998514614574733e-02,-9.193915225231397148e-02,-1.108535453345771138e-01,9.167580852775303324e-03,-1.891787306615000386e-02,3.253551498281159748e-03,8.309622399718313845e-02,-2.602302620718387471e-01,7.403503230467863849e-01
1.760103145410416015e-02,-2.937761891322065999e-02,-1.180931875761355165e-01,7.007335606762177260e-02,5.995045385512291075e-02,1.093823549664757477e-02,-3.838970182219429983e-01,-1.274614268941152151e-01,6.518392729714206357e-02,2.629268056487579774e-02,3.563522111309056495e-01,1.642616887957163707e-01,5.688191870663700245e-02,1.970959890032097928e-02,-2.381581225691887516e-01,1.612208889079483898e-01,-1.716998099623759377e-02,9.158031257231574740e-02,-1.033812518282037629e-01,4.115835946294299497e-02,8.222236291781426232e-03,2.101792042664783755e-02,6.536270217606698907e-02,-2.874358297760364334e-01,7.355781027811436612e-01
-8.758752280216809682e-02,-8.576709039124497114e-02,-1.297629545812973850e-01,9.821788709966838837e-02,1.477487606896599193e-02,1.320291467977985356e-02,-4.075305740909693220e-01,-1.491923311264141960e-01,7.560859620869597730e-02,1.157538978892175274e-02,3.814340884954447453e-01,1.841468899896022970e-01,9.195721431379597077e-02,-9.025505547884704605e-02,-2.206092378094632878e-01,1.577310726171670119e-01,-8.039553967840558368e-02,-9.118069832126418639e-02,-1.042376280184447723e-01,2.827330182926002244e-02,-6.294186317834993272e-02,8.252468026091058784e-03,1.138946867670358742e-01,-2.850657952366492665e-01,7.939481820497763520e-01
-1.691462463724196369e-02,-9.519688925241520661e-02,-1.696771001930132972e-01,6.551296175506426955e-02,-3.292476249847064995e-02,-6.457989595429519669e-02,-3.660381156043158168e-01,-1.325438960046201320e-01,-8.030847347695868610e-02,9.134236098374945434e-02,3.877541525079403195e-01,2.149966330376748558e-01,1.987208966565807977e-02,4.572738587034430591e-02,-2.811723537744103552e-01,1.905472213397458869e-01,-3.692842412708031985e-02,-2.137297485449624057e-02,-5.463040112388350966e-02,8.161272906493877155e-02,-5.261570736536919091e-02,-8.060550578225941787e-02,1.425766038518848922e-01,-2.774152258312801433e-01,8.040382685895975934e-01
6.652064935917517685e-02,6.082829066874717583e-02,-1.879409084508393279e-01,6.149352529100024500e-02,7.328095824692917870e-02,-8.807742793973083462e-02,-3.111469463247544809e-01,-1.215231409296632092e-01,3.840809064323758015e-02,-7.199807237899315260e-02,3.334256706825983185e-01,2.497386696851812138e-01,-1.683720114600732384e-02,9.718347912214264639e-03,-2.633492036044398077e-01,1.808712475654470353e-01,-1.945250611134892449e-02,3.920205108456031873e-03,-2.274493794811138780e-02,5.060893406852340348e-02,9.930153121844066677e-02,-7.295847342601341490e-02,1.687445060877008629e-01,-2.683717498744802032e-01,7.574540779142474589e-01
5.604173455914668311e-02,1.278041673080909657e-02,-1.597809550307677240e-01,7.980757000856111838e-02,-4.776618567736803933e-02,3.898592947680501464e-02,-3.511971397743374190e-01,-1.765847673396702677e-01,1.348087398695918537e-02,5.924607589260343088e-02,2.981658958145563254e-01,2.735833187673766820e-01,4.700260017021697101e-02,2.202214949266034782e-02,-2.783973191385612500e-01,1.581167274240928289e-01,-2.364106386936286330e-03,-7.336148147320664670e-02,-2.852191771322448721e-02,4.174177060997275035e-02,-4.772852450375293654e-02,-1.618265317842371154e-02,2.185890913701415139e-01,-2.364952094554937101e-01,7.618159404047578631e-01
6.203131666503225450e-02,-1.406433610431023773e-02,-1.471768038344527518e-01,1.194399189521797994e-01,4.996830996263176838e-02,8.260712950556337031e-02,-3.589114899950339166e-01,-1.492426799377875313e-01,1.442499237693661840e-02,-6.384051586569286507e-02,3.139137315678127704e-01,2.836168162969840978e-01,-4.623806275354452877e-02,-6.026906486506039551e-02,-2.942791745049885832e-01,1.503480603664251458e-01,-5.062741554669372701e-02,-3.871866300702159203e-02,1.869695843611518526e-04,9.514298144045929551e-02,1.102494990929966945e-02,1.759663262840016618e-02,1.946949461128648917e-01,-2.322274453438837039e-01,7.771773952241177730e-01
4.403172569304303341e-02,-4.255507405361780293e-02,-1.165601002599834235e-01,1.540042081461638346e-01,7.594976627449628870e-02,-9.015244622718704415e-02,-3.256495784452548836e-01,-1.527505294971591709e-01,-5.378121012623293673e-02,7.947377147879958192e-02,3.450247786073411538e-01,2.889066593086311863e-01,-4.876263892691987123e-02,-5.587027992275683808e-02,-3.385737941373573312e-01,1.887898860139721746e-01,-7.237345399066874574e-02,7.181875108697463594e-02,4.665239228637263480e-03,9.197224331029385525e-02,1.198763605211872196e-05,3.497716733496758490e-02,1.607539082302453237e-01,-2.725528751530486016e-01,8.197847613121439503e-01
4.904319134071533082e-02,-5.355499607224356584e-02,-1.538961515852864670e-01,1.702437868391785125e-01,-1.893330614155913638e-02,-4.616824368010402635e-02,-3.712752578706590700e-01,-1.735382698939167967e-01,-6.027381993259212090e-02,5.667904514354557555e-02,3.056966510562640349e-01,2.697312792334414233e-01,8.184629866593828851e-02,-2.595496438327588029e-02,-3.303319029070819757e-01,2.132915867603185633e-01,5.025297176372792163e-02,7.939855706313807271e-02,-2.063121493043329480e-04,1.137674991953210868e-01,6.922374962523597519e-02,-6.343555049137436508e-02,1.805584210998022465e-01,-2.808798897439233611e-01,8.399466634611394422e-01
6.047768048414181585e-02,7.228156968702903473e-02,-1.502318117188135016e-01,2.106421202473435506e-01,-7.253955216680157969e-02,9.047483549409085501e-02,-3.332924427689984981e-01,-1.679978663821812823e-01,-3.423600282960270746e-02,3.246293586055312708e-02,3.161588883546423423e-01,2.417151226355283566e-01,5.036436202810590235e-02,6.238761535261189151e-02,-3.117347057338004657e-01,1.790984012581150198e-01,8.914819162206069625e-02,-3.741385770025690283e-02,5.950345269137180537e-03,1.050505634694797186e-01,7.170136528787177110e-02,-7.366292008968230998e-02,2.244838155324142825e-01,-2.450134171899782942e-01,8.162591035055558608e-01
3.420237205549558901e-02,3.940538047512798236e-02,-1.835910163355822244e-01,2.193989603196837002e-01,-2.740546201433902151e-02,7.585636467062156774e-02,-2.709706957790299353e-01,-2.143196485904329263e-01,4.507345881238059015e-02,-7.748011007936458916e-02,3.172523116821364675e-01,2.858573856610207020e-01,-1.844438250703828164e-02,7.727607693971957903e-02,-2.926548387803637463e-01,1.342027379886555627e-01,-9.055702342938246052e-02,9.228080659659576579e-02,-4.315538191759671349e-03,7.556238798587500138e-02,3.583308937325996313e-02,2.627234787614884937e-02,2.675592685095896650e-01,-2.588422690251414582e-01,8.208537340833124141e-01
-1.696995219336461247e-02,-1.555978231956944846e-02,-2.409838025791336269e-01,2.251341335799456056e-01,5.701034274217089970e-02,-6.085534767246703058e-02,-2.198090367743834594e-01,-1.851167280682920468e-01,6.405088562083058323e-02,2.974711956167597204e-02,3.096388802206439528e-01,3.218819029151208655e-01,-1.620641154704804965e-02,-8.392493050972865687e-03,-2.897272369331614916e-01,7.309375167109827265e-02,-4.867129405780273865e-02,5.042354972943899338e-02,3.717218513447151373e-02,1.737491066171198417e-02,2.576257861300945695e-03,-3.582782891170865902e-02,2.588663649755630902e-01,-2.560875926835912697e-01,7.958603437604926389e-01
4.374200585999221680e-02,-7.787868367752304177e-02,-2.425073559723315286e-01,1.712340550884628998e-01,-9.287942883541255856e-02,9.886380498527264082e-02,-1.853588097315334582e-01,-1.806783210313873678e-01,-5.345179458909669196e-02,-8.923093076475202556e-02,2.437971156468456968e-01,2.979119045671455579e-01,-6.202503386344604408e-02,-9.220663617150165470e-02,-2.519725998246659104e-01,1.023089711793900292e-01,-2.163858023257314578e-02,6.047950250979433617e-02,4.789005902845455687e-02,5.215879388893207569e-02,-3.175014785941238094e-02,-1.116386997225825295e-02,2.822484530035025418e-01,-2.501687857251095326e-01,7.611492241787445323e-01
-9.987899355889595654e-02,-3.843644653345379414e-02,-2.900305071461833917e-01,1.292915260136504596e-01,-5.176715870429665634e-02,-5.328516792964380078e-02,-1.620041367491313611e-01,-2.475408186465750116e-01,-8.636174128381787773e-02,-6.257584483322850555e-02,2.073511241333290123e-01,3.422422174491857039e-01,1.110848847049239474e-02,-4.172913426183968988e-02,-2.850409236742317276e-01,1.386248839565848434e-01,-1.652142495572039849e-02,-2.462495493121535928e-02,9.646343514378108441e-02,5.781931157481831618e-02,7.518016212991363023e-02,8.105738958149490136e-02,3.123725770637259536e-01,-2.662097730560111231e-01,8.205794108727226810e-01
-9.735462196359456755e-02,2.355879173956909600e-03,-2.453451444674144832e-01,7.256607641603129988e-02,5.388749767545758518e-02,8.695710523629152089e-02,-1.233144093499873861e-01,-2.307664459204869234e-01,8.183879415787906342e-02,6.392312971155364454e-02,2.354258312826233990e-01,3.431881654853063401e-01,7.763744910001435517e-02,-6.015493631994667245e-02,-3.322124263279561673e-01,1.587460895026579499e-01,-4.316307245328482312e-02,-4.220606787255504200e-02,1.368535109632755820e-01,1.917383092058977390e-02,-2.458732246379652375e-02,-2.133532969274026803e-02,3.492657428411589660e-01,-2.925167837404866189e-01,8.452340670984956894e-01
5.270071718124613724e-02,-7.826188531270511506e-02,-2.568142998689472156e-01,9.292068457001279036e-02,9.625096098454383187e-02,-2.367547328372647530e-02,-1.461028482021974328e-01,-2.681035806320937742e-01,5.504727795407265978e-02,-3.147984770659076337e-02,2.040037603572990021e-01,3.876204898725505443e-01,2.553416361917593136e-02,-6.159643469761203610e-02,-2.997817171811455461e-01,1.698527321839914950e-01,-7.079581978500115724e-02,8.761062395689311888e-02,1.541308621799053480e-01,7.577066517017110037e-02,8.352895368676155341e-02,7.749229826696710233e-02,3.193170504709615942e-01,-2.353115275963598152e-01,8.474055706605483351e-01
-7.802635014816017289e-02,7.673493935636924168e-02,-2.220087844464691540e-01,1.039176288765325529e-01,-3.141265336210802284e-02,3.677299976603327913e-02,-1.270805873270770547e-01,-2.361818303458636525e-01,-9.492839232738520261e-02,3.800868760840836469e-02,1.897392030292319731e-01,4.352714152905031719e-01,-3.677897376465955048e-02,-8.885098875579594546e-02,-2.889037036734437569e-01,1.457663976351168400e-01,2.196139119530993167e-02,-5.183766899701186537e-02,1.702317847097566395e-01,4.180262042234805797e-02,-2.263647586639461196e-02,-8.388199954869991759e-02,2.905826277455478279e-01,-1.937307855716291494e-01,8.121738348618914305e-01
9.041077571622002651e-02,4.758615188986702049e-02,-1.769665696821088319e-01,4.347352087758793449e-02,1.948567741635287565e-02,7.617834961057659560e-02,-7.372692706824715558e-02,-2.254750883694691677e-01,-9.007916876796029371e-02,-4.858559058235607103e-02,1.298205374308533666e-01,4.676146318017885273e-01,-6.993653199637295259e-03,-5.460459350728581740e-02,-3.291224601476164802e-01,1.339767450934033488e-01,4.878093045186238097e-02,8.384062009625387057e-02,1.982731504723743154e-01,1.354260808186633080e-02,-1.524554846418324505e-02,-3.157406882601786202e-02,2.746874932362652899e-01,-1.535671478595321549e-01,7.940822679865108258e-01
-2.860294438844079856e-02,2.694920669332923069e-02,-1.859717374908619325e-01,4.447850445387768747e-02,-6.271571219857269286e-02,4.987385848745838623e-02,-9.022070608335688857e-02,-2.665350862306186119e-01,9.138575687543060155e-03,-5.918657411265115104e-02,7.991793401969959909e-02,4.896898981221189384e-01,-4.161799369856100661e-02,4.972050421082074845e-02,-3.453560108474215684e-01,9.807243685701066971e-02,-3.479381927004254749e-03,-5.679261836061222368e-02,2.019808057193600570e-01,5.980791916927767626e-02,9.345354074322814730e-02,4.302392535077068786e-02,2.871023026971971093e-01,-1.606889941908370978e-01,8.203757985332339464e-01
-3.167230756742878128e-02,2.969297426934114359e-02,-1.816745935967046810e-01,-7.537439983313909408e-03,-8.631177337622769619e-02,7.947878054392132352e-02,-4.534949251132633363e-02,-2.690209979802150597e-01,-7.612255928927219584e-02,-3.443092852184853614e-02,1.040595358384621694e-01,5.426050898770180542e-01,6.314732443561010822e-02,1.946306297815983410e-02,-3.602504918882794005e-01,4.140480563294629546e-02,-2.127253474006152167e-02,-5.312975487737431335e-03,1.752843105944079105e-01,6.513385990712662610e-02,7.090973519220267196e-02,-3.199875565310010550e-02,2.364180167155810197e-01,-1.570688892401572723e-01,8.326444068245124619e-01
4.521582657521394655e-02,-7.573816397800736677e-02,-2.046803510916295199e-01,-5.424919357094781791e-02,-3.944517166978872558e-02,6.494595650142570564e-03,1.039266784002085275e-02,-2.982082373458468938e-01,1.288257010032289873e-02,2.011647680991668352e-02,1.143910019635384634e-01,5.766674794023742834e-01,-6.674764036586067206e-02,-2.405187890752816249e-02,-3.723540165363529164e-01,-1.450820643974704005e-02,2.343850348627352087e-02,9.396308614338763632e-02,1.277682511501891938e-01,5.205165727173839685e-02,4.552628383546059032e-02,8.451971913749534160e-02,2.597745083015953194e-01,-9.641593812337417857e-02,8.647269288561906242e-01
4.742608921326918470e-02,-9.265736759845394355e-02,-1.744310949899554597e-01,-7.318464695880128046e-02,-5.046595486284055632e-03,-3.273534575710304595e-02,3.012370617578097320e-02,-2.993483873362715042e-01,8.410685435603060256e-02,-9.759812773603621094e-02,1.139567665029562471e-01,5.462338139319200536e-01,1.056238158277988948e-02,4.813245915077615789e-02,-3.562622154757288384e-01,-4.636048840511841629e-02,-2.996079826747877206e-03,-8.291776564249629666e-02,1.162226313889836993e-01,6.398468180359850876e-02,9.449171591742480669e-02,3.602330524334881878e-03,2.581607905491432042e-01,-7.413697952209885589e-02,8.386054171000553170e-01
-1.018407400634702142e-02,1.552203410505703651e-02,-1.727971625410373857e-01,-6.505228426998871383e-02,1.418159944522606741e-02,-3.351459283878230333e-02,1.157997663314075387e-02,-2.666935511953877902e-01,-3.689213389647938435e-02,-7.867498201217099085e-02,5.079714883436592388e-02,6.020624353101095005e-01,-2.664039885687924381e-02,-8.009987544008870253e-02,-3.064391768033889463e-01,-2.387613939183669265e-02,5.331859549016126909e-02,9.325380687907278143e-02,1.581009648965912562e-01,8.386751885626843317e-02,9.401482013273623761e-02,7.301383163517480290e-02,2.586185746332275159e-01,-1.518920673135776278e-02,8.402875427931089103e-01
2.064221088601025933e-02,-8.405649185531038903e-02,-1.459875881651204743e-01,-8.786937225437427279e-02,3.662275303592951725e-02,8.651236006620938168e-02,-2.425351634965655645e-03,-2.392962816236528789e-01,1.513286779605671484e-02,-7.477684266659107015e-02,6.860691134705447503e-02,6.101411731789354587e-01,1.634348267428059609e-02,5.326834597408613980e-02,-3.053190555037031961e-01,-5.930985631352136966e-03,-1.871607680854381339e-02,7.596750295843357481e-02,1.416914376559426092e-01,8.040768271177609061e-02,2.973737789219640937e-02,7.985006027775742865e-02,2.019924720379643324e-01,2.766512849270041929e-03,8.139475660156081371e-01
-9.579752442920913547e-02,-9.311347183732776589e-02,-1.237415928728913261e-01,-5.635564917668700602e-02,-1.083487762519966258e-02,6.333087299435005701e-02,-1.181217192998323950e-02,-2.266737004147378332e-01,7.704766096409632059e-02,-8.265842914557153254e-02,3.890808066796772047e-02,6.446499105607421676e-01,7.672410509123150923e-03,8.264603260365144255e-02,-2.873730305055378631e-01,-2.326004877462820031e-02,-2.240513728704462970e-02,6.591296571800309145e-02,1.677717598709621283e-01,1.163208975626727620e-01,-7.325993056841634266e-02,8.707869040625049184e-02,2.050719693124774534e-01,-1.732260516604855471e-03,8.446213300489785469e-01
7.390565078928951204e-02,-6.386893804430704424e-02,-1.282499659047255935e-01,-3.918719828733020771e-02,8.953643904899663553e-02,-5.624502307020551317e-02,1.740012539459373508e-02,-2.522626375914777119e-01,-3.475535623729397727e-02,5.123781542329219896e-02,2.842226261952582322e-02,6.210340136041511139e-01,-2.124913434040037741e-02,2.164287249596671958e-02,-2.739152366435523289e-01,-2.394729498510991816e-02,-1.108516034985673748e-02,4.847385513218735453e-02,1.489045155648957286e-01,9.558045888077468244e-02,-5.433406802078102893e-02,-8.830723384213956528e-02,1.810222816200058871e-01,6.315775811834983822e-03,8.042585611798456213e-01
4.345259380544064243e-02,1.641360598872865229e-02,-9.969463182344795449e-02,-2.441371455640459209e-02,5.956117443517747884e-02,7.287268285358083908e-02,1.255233103039649079e-02,-2.826353162516258011e-01,-8.622331318608789097e-03,-4.977698329260427101e-03,-1.563717974947001488e-02,6.215205203167453174e-01,-2.279008977657911994e-02,9.334083625150416119e-02,-2.693563821710783790e-01,9.680553019922905067e-03,3.943296705365972876e-02,-8.335476890291906860e-02,1.904919093769632810e-01,1.107175044187903162e-01,7.259116974041554538e-02,-3.888399299956102340e-03,1.848191102470140290e-01,-1.688365094937454430e-02,8.166253551012925271e-01
9.762469422168779110e-02,-2.953832157614910692e-03,-9.392102761469822703e-02,-6.863569690379475730e-02,-6.416639221131115178e-02,7.822766943267163431e-02,1.480455575168293514e-02,-2.429982803531692548e-01,-7.929151375349441366e-03,4.193433116052158738e-02,-2.467334788250793998e-02,6.204272592746339354e-01,9.674145774024944799e-02,-8.996400059941572769e-02,-2.351480587744259054e-01,2.398395973637784673e-02,-8.066026905467837960e-02,4.409063644860417019e-02,1.826930457578229694e-01,1.550880802022645555e-01,-4.363415740830102474e-02,-6.313932969853425226e-02,1.332555652858200546e-01,8.498755550912583112e-03,8.017835495133243118e-01
-4.426037749476946503e-02,9.177416613755928765e-02,-1.271335867147291854e-01,-3.602666856419523000e-02,-7.143710291349597563e-02,1.596601622902432682e-02,4.037804680800138879e-02,-2.012813545743818433e-01,-4.348993391994271374e-02,-4.419742927662562160e-02,-8.076946565489268037e-02,5.718104745314169790e-01,-1.900580489541503493e-02,9.975772542888633465e-02,-2.422480496843998354e-01,3.221616445409208884e-02,-8.900680864097199052e-02,1.570836471375489096e-02,1.983265565680423226e-01,1.472909894635363870e-01,-8.348549797204543599e-02,-6.909604263960256176e-02,1.354701156787020411e-01,2.610403756725943047e-02,7.633415457984059627e-01
-4.249781490174803222e-02,7.644350707546987422e-03,-9.600301442944014774e-02,-3.294765529800824932e-02,6.664566990530737534e-03,-1.887081575573312797e-02,1.062401750487385055e-02,-2.440865086333418033e-01,-6.616746366625164688e-02,9.549088341241895872e-02,-1.453128107005554615e-01,6.180322112942231438e-01,7.066273445172346901e-02,-3.331273251527544499e-04,-1.995726949588519927e-01,4.384791291807543789e-02,2.064854717737407697e-02,-5.454748648232349284e-02,2.472470300413650013e-01,1.789019381930214148e-01,8.757138799462382828e-03,3.899351939539413836e-02,1.183603585689935178e-01,-9.954249516231167272e-03,8.048751323815276359e-01
1.423954114831849083e-02,7.268579566291433203e-02,-1.006507176508322221e-01,-2.537838391918600944e-02,-7.210971997278708967e-02,1.384118946140755479e-02,3.357817785567301927e-02,-2.248460810966526890e-01,7.359537039679894810e-02,1.662154847873031915e-02,-1.669425977452783372e-01,5.680043112123701610e-01,4.360283207957217633e-02,-2.559110749264875695e-02,-2.385738520582575406e-01,5.985431146333480834e-02,-8.150947048611290047e-02,-8.420049908564430918e-03,2.586598727492732674e-01,2.446288098516010978e-01,-2.110402265522443033e-02,7.341189161753763903e-02,1.226903804174473978e-01,-5.460237926181849000e-02,8.061728038273856534e-01
-1.105731880294413827e-02,1.530902652709786871e-02,-1.459992619541785608e-01,-1.225734422356894449e-02,9.666764377890235682e-02,-5.167974536182232126e-02,5.099273701772932821e-03,-2.175032489241487121e-01,3.625655967791011070e-02,4.319705380205218770e-02,-2.202856274983516494e-01,5.771534162401114054e-01,2.146479339473678083e-02,-8.228392651658243684e-02,-1.993535731065133598e-01,6.154744472935624877e-02,3.537415135346377859e-02,-8.718058394546085443e-02,2.539317612523855350e-01,2.747362966782162519e-01,1.922852665363689040e-02,4.791638679545684454e-02,7.926123899429893260e-02,-4.661330121041690200e-02,8.226052723586242399e-01
6.002731982172604397e-02,-5.166810991762638139e-02,-9.640962877144665377e-02,-5.535368567266574225e-02,-8.639188852418791531e-02,-3.661918423204815753e-02,4.283933530392414202e-02,-2.560571361055326012e-01,-4.664071259942310921e-02,1.185649882840977831e-03,-2.360226924628804068e-01,5.462591856717126104e-01,5.554537862345976240e-02,7.166418210727942828e-02,-1.822914213560588026e-01,8.560332378154822397e-02,6.897289413164353622e-02,-2.806495193629565676e-02,2.147463373485776206e-01,3.226251728469693991e-01,3.744687037777255645e-02,-3.743287102028569624e-02,3.151692911439529787e-02,-9.263947356390694887e-02,8.173280767115530532e-01
1.586295931527592629e-02,7.779959716045209417e-02,-5.004165188683373788e-02,-4.555466402018071292e-02,1.386073223426209644e-02,2.634409653264950524e-02,3.732073884847753042e-02,-2.290787865339199147e-01,3.749264543619582057e-03,-8.976642257858180596e-02,-2.516860064655612739e-01,5.082976278626090139e-01,-5.342809236458559430e-02,-1.599551241997822226e-03,-1.634832433002667562e-01,5.260638393792060885e-02,-3.795256801012486525e-02,-6.364718555886800244e-02,2.248306268228745797e-01,3.089208786830833775e-01,8.266779574201965630e-04,-3.543799893635934950e-02,3.473931930581486416e-02,-7.012927343656766288e-02,7.659173131842766935e-01
3.832866086844766151e-02,5.900235627188232801e-02,-1.237913397178858066e-02,-9.831391088840346626e-02,-6.732898410003063105e-02,-7.913721460433932597e-02,8.647280081083341674e-02,-2.560175689555774237e-01,-7.089683557986733997e-02,7.542510033894112009e-02,-2.371668479939837426e-01,4.871999388037514533e-01,5.637534106084057806e-03,-6.547801307586115227e-03,-1.743786130941736845e-01,4.847219443366723723e-02,-7.865743220431820060e-02,2.991114502761027527e-02,1.979660521343176161e-01,3.663967854603578100e-01,7.359972296839473183e-02,6.563689506981598698e-02,3.338491639495577701e-02,-2.776254690199780883e-02,7.923864198706987994e-01
6.727559042002306811e-02,9.488785748492790939e-02,2.751457261995771120e-02,-5.914806162177055349e-02,9.512004318795780344e-02,-8.694460553896773969e-02,1.293938081782623206e-01,-2.307141171146727676e-01,6.436725213695621006e-02,2.926222343902873391e-02,-2.863251527329337964e-01,4.437922396225085220e-01,2.946842026821594462e-02,-7.432986835815144633e-02,-1.537762140027743030e-01,2.624232780785962227e-02,3.003724872974167237e-02,9.649630706886080933e-02,2.100222410802454753e-01,3.930544269103311006e-01,8.236358366578544477e-02,-1.217355400052673800e-02,7.528651586332091306e-03,-5.502565783680907208e-02,7.986599573858168544e-01
-9.204001681758255948e-02,1.953670334845042378e-02,-9.082034615984779791e-03,-8.704990746367546883e-02,7.393929216844119523e-02,7.816604924399980781e-02,1.378594640337929556e-01,-2.110498237988160941e-01,-1.019244511867883896e-02,-8.139099069317867752e-03,-2.942128121867167989e-01,4.213299888790248415e-01,-8.460582706817260101e-02,3.415265586312332680e-02,-1.430758906957577681e-01,2.807778718863329637e-02,6.425187468554818815e-02,-5.106856201428072728e-02,1.699400898400326154e-01,3.698678167247845261e-01,-1.573951597138767422e-02,6.776770903778760180e-02,3.945667917989570395e-02,-6.864203417576125732e-02,7.543196999005107317e-01
1.455374350806004635e-02,6.389906836859537975e-02,-5.495230398167572083e-04,-5.816213115848789528e-02,-3.465188386786272057e-02,-3.007701484208635812e-02,1.080512643339473500e-01,-2.366991247236866491e-01,1.926926848924709335e-02,-4.515731876696615910e-02,-3.061174241998936285e-01,4.206478949065043382e-01,-9.467835024131049382e-02,4.704576511880353973e-02,-1.607847586102035264e-01,9.128911129486771969e-03,2.513021058340872416e-02,1.615121115347956104e-02,1.756376473981365871e-01,4.254208808888816362e-01,4.833664211569621560e-02,3.504614363687164058e-02,9.244851503070440624e-02,-2.792938259062838213e-02,7.831192089773183485e-01
1.595862215770971204e-02,-6.669898807145591135e-02,3.827990933360803788e-02,-2.720265723371273481e-02,4.244386323826426777e-02,-6.482200024861956011e-02,7.634094707751934439e-02,-2.396778780245538421e-01,-5.292317018111053484e-02,-1.125746573919728100e-03,-3.583407987113482740e-01,3.994437226127891538e-01,8.296650148299433702e-02,-5.765695479610505325e-02,-1.710967719486984340e-01,-3.707418266735629242e-02,-7.115168393108034506e-02,5.179533324584478793e-02,1.157888109889633199e-01,4.512758885368228778e-01,1.239884983409433872e-04,8.235696430781414001e-02,4.263062027192690562e-02,1.999512968955385883e-02,8.010053883988623724e-01
-9.423179864865627309e-03,8.914264602875199284e-02,6.451039468790317755e-02,1.586435516147544078e-02,3.536400726250843451e-02,-3.968274828630979911e-02,5.805728860840504713e-02,-2.088520687962057143e-01,-6.233953326625618629e-02,-3.925283484948610679e-02,-4.190888920191717659e-01,4.000222057965566735e-01,-8.139620574383621410e-02,-7.122635367475388390e-02,-1.829430262773489579e-01,-1.481837623668025294e-02,-7.906796033225652054e-02,-1.541102706637187403e-02,6.015901947109769665e-02,4.886951021203244094e-01,5.911552607654402269e-02,-7.172305908066994862e-02,7.448328928066763610e-02,-3.307783658986140907e-02,8.443590362633367485e-01
9.712003187312268082e-02,3.733578708530926882e-02,9.454351569638069774e-02,5.029833080869194895e-02,-5.127682450749865284e-02,5.971089412344071645e-02,3.239819794903931599e-02,-1.861017042688560830e-01,-7.859424530181358115e-02,5.613974588569481394e-02,-4.478490738508669189e-01,3.623465772603495783e-01,8.203887138959664593e-02,-2.343337574254755751e-02,-1.268272084605316652e-01,-1.225782323752133696e-02,2.612678181293252855e-02,-1.397137945012250082e-02,1.014910168741067764e-02,4.410203998526097124e-01,-1.244675464477174032e-02,-3.792592918611503716e-02,5.232322930405785416e-02,-6.999092020108754753e-02,7.959835800966623687e-01
-9.661713991297449233e-02,8.191275036941036980e-02,3.766599254070279734e-02,8.347485264907117397e-02,-4.607407062064067249e-02,6.393531543518288229e-02,7.129508488243566089e-02,-1.460304911205932421e-01,9.986968100169912876e-02,-5.771355242135733921e-02,-4.685364150107033110e-01,3.100978567936882868e-01,-4.696558711932558028e-02,3.257181712352053005e-02,-8.644340213914031290e-02,-3.677345438480528195e-03,9.308960381084330216e-02,8.316284401167733931e-02,-4.675907238262222432e-02,4.666711115434676871e-01,5.750708219015576717e-04,5.902190697733133984e-02,4.711815901124052908e-02,-2.390523839965041919e-02,7.991369649256216956e-01
6.858887332426588657e-02,-1.082259261521723026e-02,-3.493510534460564365e-03,1.102636736717756971e-01,4.171659886730699762e-02,4.637461737204667811e-02,1.055485717341012597e-01,-1.795641843907062329e-01,-6.520706516976915168e-02,-2.775671879873370385e-02,-4.752476069077965493e-01,2.424983826798871034e-01,2.746028915649156854e-02,-8.586049745824209101e-02,-4.767918956708558365e-02,-5.982811473477517294e-02,-2.769183616871973008e-02,6.960130246192464121e-03,-3.599105164661908773e-02,4.974591071044953683e-01,9.924480476646924121e-02,-5.093202591296974724e-03,5.079520319241526138e-03,-2.698963650435848294e-02,7.925524505673922082e-01
-7.122462277614616255e-02,-9.827605227703029023e-02,-4.545310311752259746e-02,1.009436648898490718e-01,-9.600526858143970665e-02,1.732037697445826252e-02,9.921850224911515914e-02,-1.908357252390222858e-01,-8.921157216017827629e-03,3.603107221353055167e-03,-4.371809798877756559e-01,2.684618708547157340e-01,-9.850724222952200737e-02,-1.546274703915806459e-02,-1.830355708771339018e-02,-7.684389560686255560e-02,4.361354043769777311e-02,-1.146115322850554952e-02,-2.398730355347222787e-02,4.458990093558979906e-01,4.644386986746623647e-02,-5.339618429496850727e-02,5.788206202338941342e-03,-5.229566043088343386e-02,7.559444446444087973e-01
-1.526727287969764646e-03,-6.153689796712114024e-02,-1.414364932633871419e-02,1.342098616574604608e-01,-7.212873003768938140e-03,-5.083626728728141142e-02,1.261282586908875070e-01,-1.622745773238797873e-01,8.296817313954163442e-02,-3.291856882291782638e-02,-4.417239074886826211e-01,2.458977822012504699e-01,9.045256484179020617e-02,6.610987655683797648e-03,9.608405068172180125e-03,-1.252935561692187783e-01,2.630889727591023686e-02,8.588124234251648392e-03,-5.695888265773874082e-02,4.013982293240486721e-01,-7.412375950049165940e-02,-2.483578911351524976e-02,-1.816151603935045600e-02,-5.496588929214507591e-02,7.273523429028122544e-01
2.289991596058860157e-02,7.849362739732512750e-02,-1.526450926562183952e-02,1.110254267578539844e-01,-8.427449181391408195e-02,-3.381704649212480263e-02,1.435003123065719532e-01,-1.925660062648268667e-01,-5.034242372859937253e-02,9.760268388781312421e-02,-4.612240194588861919e-01,2.672692576928241692e-01,-2.212196956094403255e-02,4.652246483263744459e-02,2.819370716186135953e-02,-1.332769617904797088e-01,3.694506079103793139e-02,-5.758367530056854311e-02,-4.667485147031918968e-02,3.804027023911035199e-01,-5.220045963804731404e-02,-4.374310232541012144e-02,-3.558466389106795802e-02,-7.038495963888825868e-02,7.516793058136064243e-01
-3.224515404165351207e-03,7.950650545488668897e-02,2.505418138692627750e-02,6.378585339573403235e-02,8.155203797282256639e-02,-8.251659397172966814e-02,1.767592068615616296e-01,-1.315573430807558397e-01,8.729842435193013728e-02,6.510699593517976780e-02,-4.312679803501934250e-01,2.669403692846902265e-01,5.826201535997566072e-02,-5.981763827457453608e-02,8.237202219472741782e-02,-1.479513847745485555e-01,6.102383279400880323e-02,7.002645199683152355e-02,-9.596905436051050842e-02,3.503761154645794740e-01,-4.216993454651651874e-02,9.045177492537148645e-02,-1.728892390802622137e-02,-9.452530399812558715e-02,7.332055010167642939e-01
2.965140245741998415e-02,-6.552252565021188246e-02,1.829034190640110857e-02,4.910444620640772029e-02,7.447892770402636531e-02,2.262317669706165324e-02,1.280082672941199873e-01,-6.815453838647439477e-02,-6.855905199757189594e-02,9.246767291963542412e-02,-4.572713406540488412e-01,1.940927562722087885e-01,3.673150508711642281e-03,-8.542033116465963527e-02,1.320620451371838922e-01,-1.411529094863308853e-01,2.536660703464810318e-02,-4.936006200906255248e-02,-7.611893855155171806e-02,3.179741998132740166e-01,6.073858155403225045e-02,6.356440301263099890e-02,-6.792532459071132234e-03,-6.877943176993214780e-02,6.798459625916889459e-01
4.273199505690282451e-02,7.473546016790244551e-02,1.727358700977998929e-02,3.091274390279125095e-02,-7.463942378531129851e-02,7.331907333465370602e-02,1.185273096837017870e-01,-2.257365758366897124e-02,1.871493184853689762e-02,-7.457776602226262597e-02,-4.928337402439634252e-01,2.009727684947754112e-01,-1.449155829987971988e-02,-6.782794800576397165e-02,1.004147612885499252e-01,-8.805417532465170671e-02,4.006953547835423457e-02,5.177359881596302338e-02,-1.063079096896739906e-01,3.315367831959749045e-01,-7.884058877437295776e-02,1.228055811346551174e-03,-2.332385503204692512e-02,-4.861335095145549734e-02,6.932774619736897792e-01
-6.622807773987370028e-02,-7.865404243572404752e-03,1.000368106340543406e-02,-2.092232892166823177e-02,-3.858247781629751960e-02,-9.296800409384131658e-02,9.155497797266384796e-02,-2.316882796909536246e-02,-3.537094609905166998e-02,8.821667979635239298e-03,-5.363072282229811583e-01,1.494755529175531006e-01,1.034247283674660789e-02,-2.868824519804824558e-02,1.064243526749364538e-01,-8.300634777796139785e-02,-1.053938437133528083e-02,9.310354714529167630e-02,-1.247880224433596807e-01,3.356023723096607236e-01,-2.453032173081868411e-02,-4.835456932154591492e-02,-5.780504481085801949e-02,-3.010310700840940212e-02,7.061501030033014992e-01
-6.080394401564825912e-02,8.875319197024067464e-02,-8.347393979339701175e-03,9.893242716887407084e-03,9.529781054046741751e-02,-2.474815487008102943e-02,1.041016298191656669e-01,-3.676114884440079278e-02,8.465705566520810577e-02,8.964941364881240382e-03,-5.073597157791673862e-01,9.679195746816465773e-02,-4.605140026388343522e-02,4.047963872904736249e-02,1.390352308367588663e-01,-1.117676394990624045e-01,3.178032596082525085e-02,9.782506815316094340e-02,-1.215685276585636992e-01,2.774040074060651895e-01,-4.699049768857313514e-02,3.441185730833906664e-02,-5.279781592613913555e-02,1.385144037012520091e-02,6.722497614847761094e-01
5.663193814025918593e-02,-6.637621358017931072e-02,4.690118582443525419e-02,-4.940490469550429253e-02,2.452177086050666421e-03,-2.525081785402172319e-03,9.477870928806761408e-02,-8.887018584188999260e-03,2.501834194962374025e-02,8.923734584216391763e-02,-5.050746253808774400e-01,4.443039383270397380e-02,1.595424887378026069e-02,8.043498099486234842e-03,1.965293308609322165e-01,-6.843818638514825858e-02,-8.993532261357495283e-02,-8.741836822392368145e-02,-1.515245843097744460e-01,2.296648082831507232e-01,-6.253063196654010114e-02,-9.350573314091636945e-02,-9.298649500622091502e-03,-2.989498623693837009e-02,6.600665935645227966e-01
1.869929761369737431e-02,-5.797646688751223465e-02,7.979702682542721970e-02,-7.373493896056237951e-02,-7.673357067910552276e-02,9.402332460658502367e-02,1.194871834572700520e-01,8.903490454991502823e-03,-9.560357028469954055e-02,6.053950696216992000e-02,-4.973796328414173962e-01,-3.854444598695183632e-02,5.760704615450479293e-02,-4.055711920402171877e-02,2.418301609231573446e-01,-7.162683207935277574e-02,-7.287466285843052782e-02,-7.087429584065085830e-02,-1.542019685825551101e-01,2.267395329653327796e-01,3.948623931800576692e-02,2.856124168830331822e-02,2.872999811365484213e-02,-2.702289617528941257e-03,6.808698291754875509e-01
-6.931737507751778438e-02,-2.668981827357197467e-02,6.190397421294058233e-02,-2.909470357375565364e-02,-2.532938016270590287e-02,-6.971782460956316152e-02,1.550426353740631258e-01,4.813553374767243209e-02,5.969053047380795674e-02,4.144568053276165287e-02,-5.248072836581985090e-01,-8.411837026971960563e-02,-6.192350323454522132e-02,-2.665566524926266112e-02,2.622688745971969437e-01,-3.881987142856818673e-02,-7.883899232133342871e-02,2.564129916322077651e-02,-1.568809414905801836e-01,2.624138451857597198e-01,-7.572553549567118125e-02,9.718680084587966173e-02,-2.547266978981443941e-03,-3.442988705866079080e-02,7.220711765529306270e-01
-3.250463037790374266e-02,-9.638372985665655257e-02,6.204046975441079859e-02,-6.430013520631594481e-02,-1.993402053960433018e-02,9.975354274203762639e-03,1.663453877956961868e-01,2.820315018727503897e-02,2.391649898052977674e-02,3.269806200754998837e-02,-5.600051988576792983e-01,-1.532347124330697696e-01,6.725817904142189496e-02,-5.690738121363891899e-02,2.643449284166555224e-01,-4.692076519388099776e-02,-7.590366421520614026e-02,7.030741326495693055e-02,-1.277480598709606618e-01,2.206708789583348707e-01,-6.867745845329531473e-02,9.495203905568727620e-02,1.037237093467852089e-02,-1.145844885369617927e-02,7.453548293987345419e-01
9.331807349249454653e-02,-9.557031034782004220e-03,1.995985354749951757e-02,-1.091351305452703535e-02,-7.144282534213777791e-02,-2.211305314539441236e-02,1.808990605906938831e-01,-7.535036015138052434e-03,9.034043367489397180e-02,-3.605580097034044584e-02,-5.603737213222579339e-01,-1.986715222616286247e-01,7.361965962762964666e-02,7.625006524772903749e-02,2.239372819038449869e-01,2.713906695212764397e-03,-2.996275583287130728e-02,-8.334836216668362052e-02,-1.565543830278466331e-01,1.845514968569915148e-01,4.491152552234711770e-02,-3.769746266270254664e-02,-1.902700154437028668e-02,-1.357806159220575903e-02,7.364977163665692439e-01
-8.370513814275004627e-02,-6.133211987613285121e-02,1.251972945289159256e-02,-3.668814676448350909e-02,9.014887149148850809e-02,-1.826008882149365853e-02,1.996718258268977975e-01,1.698526045987103217e-02,-6.663345256901931357e-03,-8.945803764014970128e-02,-5.422129775570599941e-01,-2.241208140497770174e-01,-9.248665456281481012e-02,4.343632472969427560e-02,2.372927138308005834e-01,-3.713294496733232641e-02,7.618897120343609553e-03,1.741159102733536024e-03,-1.765323452032434015e-01,2.310210099840009357e-01,-5.137505174336681746e-02,4.895010299171649593e-02,-2.729932870217306046e-02,3.387696434201781237e-03,7.560923221059128174e-01
-8.702012128666924973e-02,-6.854901534202123559e-03,2.656551312047171487e-02,-8.331711285906262532e-03,-5.195089271577163492e-02,-6.039146998192142235e-03,1.734709283008222247e-01,-3.816613902831944571e-03,-8.906903816334299506e-03,1.642892094215187004e-02,-5.043892326264400872e-01,-2.887432492855599442e-01,-2.864592574541783079e-02,-6.714587250953929498e-02,2.961736364773178143e-01,-3.126523201727671175e-02,7.439048002154807770e-04,6.604055270271702582e-02,-2.297599930748025487e-01,1.737865474352599249e-01,3.280239850927696432e-02,-3.232638484333021089e-02,-6.666189988515626441e-02,-2.024699870155266535e-02,7.534724276925292008e-01
-3.621946660885555502e-04,-3.409392546297568272e-02,6.458149001808423384e-02,3.978503571056735133e-02,-1.187939707947593959e-02,7.138997730420704180e-02,1.309884587022685787e-01,-3.354586576797724540e-02,3.684176488478041467e-02,7.648819492150049637e-02,-4.387806122054430658e-01,-2.883358436413273052e-01,-5.929774654336389395e-02,7.467214913700931378e-02,2.930223964743838283e-01,-3.389074474707620688e-02,-8.804750194534419205e-02,7.771985548915483211e-02,-1.958593542277854427e-01,1.633071302646532941e-01,-3.418522534371548627e-02,-3.708248087016820238e-02,-1.175841601720783447e-01,2.007597362481239323e-03,7.103593093429997340e-01
7.632703952646902046e-02,3.038411752576575253e-03,1.074586582555634995e-01,6.093505996046033601e-02,5.493048361020694270e-02,1.242897899821265861e-02,1.631127484406093009e-01,-2.644121385010278491e-02,1.054077319651347544e-02,-7.705156831901494030e-02,-4.515852604490031008e-01,-3.165201048966636010e-01,-7.477247190197836013e-02,5.906753982329315811e-03,3.429879407415275527e-01,-2.802244054496583203e-03,-4.622771424458149703e-02,-9.579253213506988551e-02,-2.387119584682080853e-01,1.180926182088302134e-01,4.456781476897575534e-02,-9.350266230545234425e-02,-1.356777208457030648e-01,-4.427200502394523784e-02,7.735301384700524752e-01
8.680659388577716129e-02,5.327023667445451860e-02,4.924461314776351628e-02,6.717412484781748461e-02,3.159001838007244323e-02,6.477925108147780664e-02,1.238086418724244075e-01,-6.909270405289091865e-02,2.950393941230833317e-02,9.378881171383357529e-02,-4.747503151189813586e-01,-2.984242040994252720e-01,4.279155465079256121e-02,8.493169474513825867e-02,3.943591395189320892e-01,2.895244898378535048e-02,3.426360293843744298e-03,-7.658712855411897724e-02,-2.833535498351166249e-01,1.382601932184022997e-01,5.635543717196211944e-03,-7.462542474552169569e-02,-1.408995494873102605e-01,1.551875808309399751e-03,8.141615222296190169e-01
-8.304671357058257541e-02,6.152517534898438445e-02,2.465900712843305254e-02,1.128727688141821783e-01,5.429467471110258070e-02,8.302775616926712232e-02,7.826380191134402198e-02,-5.734402364729573875e-02,7.090305506849670092e-02,3.663511515434525467e-02,-4.702811976406759964e-01,-3.094454952453707941e-01,-8.953336287000032701e-02,5.656974636556846847e-02,3.395807732630630182e-01,7.682687729141313149e-02,6.910213070322690498e-02,5.981639886574263709e-02,-2.609842165355251709e-01,1.029191463129366935e-01,1.695816576678110810e-03,-5.341962345416423341e-02,-1.381076475269470416e-01,5.100090492804321141e-02,7.814084724986545272e-01
-6.230004857128146334e-02,6.099336145065437087e-02,-2.087924108148142555e-02,1.416739680863234874e-01,9.346561937524830443e-02,-4.628015999719531370e-02,4.594440618765749385e-02,-3.008816591423391085e-02,-1.034784840363345282e-03,-8.277676212124895905e-02,-4.115341966620901237e-01,-3.680922850228669496e-01,1.182731013700526190e-02,5.566976791475664044e-04,3.371355306527119011e-01,4.741538625533370244e-02,-7.111268159424288804e-02,-1.158671496666763279e-02,-2.289276059826304000e-01,1.082816232185705441e-01,-3.317906743491563781e-02,4.366146197579190424e-03,-1.359471415458444188e-01,3.845968851103431785e-02,7.484394984750964985e-01
8.400757710941686440e-02,-4.586322095233641427e-02,-4.766516725599956317e-02,1.123521058798031547e-01,-2.590166405024743601e-02,1.378427648088687008e-02,1.231459081749242124e-02,-6.850537518567034745e-02,7.634176797979819185e-02,8.838106173817089628e-02,-3.589425348414788108e-01,-3.856801813276404811e-01,4.791265902533242693e-02,-8.267601762095456996e-02,3.117928352663210667e-01,5.781838687601714710e-02,3.383079415508083443e-02,-1.793924868349583424e-02,-2.319858059037029907e-01,1.467945698807060495e-01,-5.859799709863000583e-03,-9.017030318368940423e-02,-9.148263971285935936e-02,1.034243353739905391e-02,7.239831332493261717e-01
-5.043746724994113695e-02,-9.273184121731703478e-02,-5.675206397988441509e-02,1.337017509078017863e-01,-7.963052900407951995e-02,4.569876620502022480e-02,-6.665111809249613106e-03,-4.607608035372079414e-02,-6.006601270562206274e-02,-2.574578519006578969e-02,-3.872359402673974937e-01,-4.181241628747264238e-01,3.398566815078218895e-04,4.509359553417312955e-02,3.155806506862881555e-01,5.052044428030988410e-02,-7.735372743937030116e-02,-1.872670097633788444e-02,-2.041299667685139707e-01,1.324512688630762880e-01,-2.985434708506831680e-03,8.165387624197273375e-03,-1.277950739571738215e-01,-1.166396104949718460e-02,7.470970961219572937e-01
3.714252074023755013e-02,7.179607637485663219e-02,-8.878681309493607898e-02,1.200317186952633008e-01,-8.224534809699311777e-02,7.299897982228648052e-02,1.242905642556890733e-02,-1.453006958060437670e-02,-3.587604199255745030e-02,-6.433370006461484880e-02,-3.719606697270447238e-01,-4.160013228529138019e-01,-5.212602042915379097e-02,-1.640628116748721332e-02,3.525276484393758958e-01,6.640968468137897762e-02,-4.976161727843775306e-02,-3.588648348676554134e-02,-2.011691478777201947e-01,8.387251215671565063e-02,-7.300428260644283018e-02,-4.076463265064111940e-02,-1.659798793642510151e-01,-5.838872888007712314e-02,7.609279650351820079e-01
3.882632480134762254e-02,-9.677501859750181623e-02,-8.258887325771624432e-02,8.304361817362204690e-02,-2.546860122561252909e-02,-2.965801670492851372e-02,3.809865409892232435e-02,-4.556555138882240064e-02,8.696875554658367591e-03,-8.545274411975542495e-02,-3.299303691511378256e-01,-4.562436399868405323e-01,5.802626345154127119e-02,-5.644381914176453685e-02,3.890701407694334146e-01,4.929317907652586150e-02,3.540753330885881844e-02,6.064240792460129370e-02,-2.046400496294111804e-01,7.417646532056121345e-02,1.237536197029903695e-02,4.817662315357384983e-02,-1.911818591813982948e-01,-4.313946238420196533e-02,7.794812578690405447e-01
5.445350368556012288e-02,-8.489457989424153972e-02,-1.209724967050107569e-01,1.086263998213587989e-01,6.551622344541399579e-02,-1.446619265249154962e-02,5.477849966903047818e-02,-2.069794813606740114e-02,1.921277791154718528e-02,-8.206957257220739987e-02,-3.490474786005401953e-01,-4.657712435960236763e-01,-3.252815704197092872e-02,-8.205981773972439997e-02,4.185371778859279801e-01,1.007709741335471865e-01,9.230871848654065293e-02,6.145232359709612568e-02,-2.462973760447945415e-01,6.596258264590848519e-02,-8.073438865819987376e-03,-5.527946316909093660e-02,-1.621562739870334724e-01,-3.631542122003175721e-02,8.316152085327718213e-01
6.737267035277885729e-02,1.446302188861192661e-02,-9.716448699963575741e-02,1.041066150855316508e-01,9.984144385278434508e-02,-4.263065359133372256e-02,7.510237350313164750e-02,-6.024299427861239120e-02,-4.390897155577455635e-02,-6.805011282303335962e-02,-3.326497975726536160e-01,-5.082045305313943606e-01,-6.718726256552731702e-02,-4.296269974547817228e-02,3.962535768738925102e-01,1.717553692934267184e-01,5.856800027716396739e-02,8.115135819048935328e-02,-2.360141280504787220e-01,4.137007410188042744e-02,9.501741451665568494e-02,-5.354206198123157012e-02,-1.086754020753697980e-01,-3.358354263713795446e-02,8.406599135405349310e-01
-2.030423903677031072e-02,-3.661737915072604821e-02,-6.975758517267105496e-02,6.017714924029832907e-02,-6.522510446023643826e-03,-4.288406947027162408e-02,7.466301633412164573e-02,-3.059548935651591403e-02,9.232225327770671175e-02,-3.743108897545599500e-02,-3.498411859330696760e-01,-4.702500213778197380e-01,-8.039107940805645391e-02,5.363427194252257113e-03,3.916485039509419175e-01,2.130934942456518821e-01,-8.858016483573594169e-02,-7.789134080860687925e-02,-2.863295773276362532e-01,-9.249135766432270422e-03,-5.612210044650745022e-02,-7.129960096173504347e-03,-1.484187006510480078e-01,-1.377488394758759338e-02,8.359258988944953117e-01
3.521859756164652522e-02,-1.899978757038534027e-02,-9.423256868004625808e-02,6.736305476168635842e-02,8.630886996696113256e-02,-8.219804363350974308e-02,4.897204189365145233e-02,2.238930241939362381e-02,2.305147851931921288e-03,8.370426992976531810e-02,-3.312226936903284180e-01,-4.440624517960593542e-01,8.082271421777431630e-02,-6.869414830288017582e-02,3.506998242585606107e-01,2.097274949318392312e-01,-2.667247722209664662e-02,2.382425780945107707e-02,-3.227519283862992361e-01,-6.221855488050931360e-02,-6.812101766210276743e-02,9.360440661266400397e-02,-1.109209326844088350e-01,8.289349237049423169e-03,8.120076453060469657e-01
6.472043248082259836e-03,-3.932713273924615116e-02,-6.263276663662420418e-02,1.056162682577990175e-01,-2.143217162528671116e-02,-6.406975301041917259e-02,4.729409820605595671e-02,3.801983646803959449e-02,1.561440894547039271e-02,9.159586877939923655e-02,-2.799820325210217176e-01,-5.092866226987687872e-01,6.145346998716050280e-04,-8.341708144635634481e-02,3.780624813453344335e-01,2.500296813457107414e-01,2.400025127525329260e-02,-3.195538986455671859e-02,-3.559381517559030983e-01,-9.365266152527118582e-02,7.118502009853611145e-02,-1.306436035647429161e-02,-1.496065738597894823e-01,3.558992900383700642e-02,8.658294680310524294e-01
-5.405672800764116381e-02,-6.008566579970819888e-02,-9.501840870921252069e-02,1.292174028076545911e-01,-9.244308949257890040e-02,2.867393444570154326e-02,6.508326512469947422e-02,4.999314252411482529e-02,-4.749794394876105663e-02,-8.953055143862398424e-02,-2.251593139133873933e-01,-5.150182125201691052e-01,-5.380411849553667913e-02,6.038277296677890815e-02,3.671531048284352172e-01,2.355384397762312898e-01,7.029781645800536882e-02,-3.386754969004979188e-03,-3.506367736180000527e-01,-1.471979628311350652e-01,-1.678585906998331101e-02,9.557073035918550730e-02,-1.395687131485268684e-01,3.705725949916288675e-02,8.667346335618083542e-01
-3.654816427217477681e-02,5.326080405880628810e-02,-7.463335946071825155e-02,1.624198247036900966e-01,-4.102916535121403641e-04,-3.799319166562276084e-02,5.990110057404943178e-02,5.885616966108031534e-02,6.239352297015199333e-02,7.343040469024386674e-02,-1.644223607489685435e-01,-5.206420748565123713e-01,3.460162343123329709e-02,-9.060708308769344077e-02,3.682285974852921862e-01,2.313756056775281289e-01,1.326457634105671080e-02,5.265896922022594850e-02,-3.302179108391093409e-01,-1.227312358475558529e-01,-7.269939033260819361e-02,-5.426581895679172263e-02,-1.836256903329268608e-01,2.281145731839950841e-02,8.485663701854817553e-01
-8.786338577008390160e-02,-1.733148968611675222e-02,-1.038633354884705984e-01,1.549928633949413381e-01,9.322988412616917131e-03,-1.279060100309331593e-02,2.470214998681266594e-02,7.928513993262417681e-02,4.973443325826307215e-02,6.558498197909379268e-02,-1.640086736485182328e-01,-5.785156933058757112e-01,5.424861756710153138e-02,-9.223740485392423194e-02,3.055973449783708218e-01,2.430955530369467432e-01,-6.117423844579156222e-02,7.321510819479071230e-03,-3.576388100664197878e-01,-1.298722541011629872e-01,8.696438389150551451e-02,6.699133988602384848e-02,-1.462389640135681179e-01,8.795552848917254085e-03,8.742709122436033153e-01
-5.175114387033508123e-02,-5.835362823410339406e-02,-9.508239049097499951e-02,1.535245398784819137e-01,-4.990339717134695263e-02,6.118116590878780459e-02,-2.501720042399796506e-02,1.072273489719661188e-01,-4.406521697189372255e-02,-6.169572230718811667e-02,-1.820414237314049721e-01,-5.975992903814566493e-01,8.527005517278141156e-04,7.312898626946662262e-02,3.016171640853060887e-01,2.538511519057460308e-01,-5.173005911356653996e-02,-8.429273776173312749e-02,-3.759589757024570100e-01,-1.742573444869758847e-01,-2.871903847701906543e-02,4.953036933798699026e-02,-1.578170287178375653e-01,4.474506442587639077e-02,9.085720825339339557e-01
8.652960382203822576e-02,-2.338824453910148815e-02,-1.429087894671768333e-01,1.244086019285612910e-01,4.590427226794957516e-02,-9.593176559509419832e-02,2.078970848411741679e-02,5.076479515643655960e-02,-5.896257003328080060e-02,-2.583501320204906193e-03,-1.634529312589771965e-01,-5.751877908359108726e-01,7.565048680537422854e-02,5.451039946357205679e-03,2.924555354841620325e-01,2.263440288048758076e-01,8.597407741522768154e-02,-3.240633017106087088e-03,-3.635467721906903149e-01,-1.998011416995850720e-01,-1.910190126828248403e-03,-7.605062434822584816e-02,-1.707916245145666978e-01,6.660389986424264386e-02,8.835676948570353462e-01
-3.287814285437651307e-02,5.302131456500985829e-02,-1.968193571918426255e-01,7.778297155488855807e-02,-1.344658128556064369e-02,-3.163109881741121843e-03,-4.164166503025801963e-03,3.322393694892322724e-02,2.962041736461867858e-02,-9.632832042011030271e-02,-8.136395504213966845e-02,-5.792305356657735382e-01,3.079885720219932566e-02,2.371703458122548236e-02,2.853073664386821529e-01,2.456886360066100616e-01,-3.803056909385346684e-02,-8.284113228801892603e-02,-3.603119959679706996e-01,-1.845737686334801286e-01,-8.181290404825525275e-02,8.464473252412940685e-02,-1.785195289687947495e-01,4.147095061547168005e-02,8.747568163019802112e-01
6.087486785980322779e-02,-8.683401101154553103e-02,-1.818456122209076153e-01,5.296006650304740937e-02,3.851455050001484359e-02,1.437950790793146583e-02,2.189090254720890694e-02,-5.848753922720051346e-03,8.149263467933098859e-02,-7.550372100038404977e-02,-1.009163584002321645e-01,-5.813749081032691945e-01,6.807229641199175063e-03,7.589254029673742075e-02,3.154125180885505308e-01,2.814998379657818184e-01,-1.799525180005731584e-02,-3.601025683836800440e-03,-3.671183275622297848e-01,-2.348863532416300692e-01,-8.590786530761584938e-02,-4.437125567784180880e-02,-1.730000176970185044e-01,-1.693805577903073623e-02,9.078695798505184156e-01
9.247306084164064188e-02,7.804411675271252791e-02,-1.677004487439166247e-01,5.618343486831522959e-02,-4.593027596710541616e-02,6.455204729502964089e-02,1.954966390228685125e-02,-3.001553258405720293e-02,3.664787842073691237e-03,-7.638716333087935961e-03,-9.643044644418030664e-02,-5.378488804532813861e-01,-3.711317628538646218e-02,1.619372906202017071e-02,2.713001994096405078e-01,3.113603506562998557e-01,4.597780875827117697e-02,-1.781342231295657275e-02,-3.767317751724546526e-01,-2.232253413594317004e-01,2.584382619866476549e-02,3.986257377253836498e-02,-1.894862973806328288e-01,1.860540060312870780e-02,8.700680293443846525e-01
3.871205056624749119e-04,2.101426044195403575e-02,-2.146715857566281471e-01,4.386388513581640503e-02,1.197810329858772782e-02,-2.718985250509203810e-03,2.721213507245195951e-02,-7.399466088252898421e-02,9.865613471887746400e-04,-6.471761995726033057e-02,-2.913076808858905409e-02,-5.361348041535763942e-01,6.254656921535828307e-02,8.352064939430164925e-03,2.867842710357367819e-01,3.211484665384595205e-01,-7.378401889503177769e-02,5.323141374899914569e-02,-3.958895591808322956e-01,-2.659103898815379230e-01,8.648879130273501303e-02,8.946137271886325792e-02,-2.010720486410642605e-01,1.708764929525241616e-02,9.102627448841416058e-01
