0.088624298572540283,0.064300194382667542,-0.0077281147241592407,0.027744580060243607,-0.068941235542297363,0.065878942608833313,0.0052718743681907654,0.038154002279043198,-0.0066155195236206055,-0.087859034538269043,-0.035320274531841278,3.2329560781363398e-05,-0.095508933067321777,0.0074577480554580688,-0.009646974503993988,0.04092499241232872,0.065992057323455811,0.069066420197486877,-0.042455542832612991,-0.038946893066167831,0.036183595657348633,-0.023848388344049454,-0.0050085410475730896,0.024103326722979546,0.24141088128089905
-0.03266376256942749,-0.037134520709514618,-0.039058655500411987,-0.0011044386774301529,-0.074128150939941406,0.095994025468826294,0.050443112850189209,0.062431126832962036,-0.079405486583709717,0.084302738308906555,-0.061316728591918945,-0.0023104851134121418,0.061146974563598633,-0.013408757746219635,0.0263519287109375,0.062238529324531555,0.042012035846710205,-0.038667082786560059,-0.030250221490859985,-0.086008772253990173,-0.076281368732452393,0.0018466934561729431,-0.04692445695400238,0.017856612801551819,0.26590320467948914
0.095746219158172607,0.059940382838249207,-0.045903474092483521,-0.019108932465314865,-0.066269755363464355,-0.022681020200252533,0.081706851720809937,0.035522937774658203,-0.043365538120269775,-0.0020221918821334839,-0.072596102952957153,-0.04772331565618515,0.06819230318069458,0.082753613591194153,0.054348886013031006,0.060520768165588379,-0.060483992099761963,-0.036794319748878479,-0.022581964731216431,-0.10781420767307281,0.006006777286529541,-0.04718095064163208,0.0023828446865081787,-0.017345353960990906,0.27447840571403503
0.09598386287689209,0.041523680090904236,-0.069039821624755859,-0.013934805989265442,0.063218593597412109,-0.038238205015659332,0.076709479093551636,0.02155999094247818,0.01280677318572998,0.037087500095367432,-0.0386199951171875,-0.038817148655653,-0.090061306953430176,-0.032148197293281555,0.070639669895172119,0.012488290667533875,-0.0080979466438293457,0.053269267082214355,-0.05351632833480835,-0.057121839374303818,0.09446638822555542,-0.092343367636203766,0.0024088919162750244,-0.057625249028205872,0.27630004286766052
0.088098108768463135,-0.010385952889919281,-0.09202304482460022,-0.038228906691074371,-0.029470264911651611,0.01505868136882782,0.046725988388061523,0.028456948697566986,0.014166116714477539,-0.093874275684356689,-0.060872137546539307,-0.084615513682365417,-0.01849818229675293,0.017916396260261536,0.02893519401550293,-0.029142007231712341,-0.086089372634887695,-0.071894824504852295,-0.0049905478954315186,-0.069114655256271362,-0.078414380550384521,-0.048719428479671478,-0.028910458087921143,-0.00031884759664535522,0.26618689298629761
-0.041668713092803955,0.038521096110343933,-0.091369390487670898,-0.089009329676628113,-0.014741897583007812,-0.029160879552364349,0.061829090118408203,0.0090552493929862976,0.046113312244415283,0.0046342313289642334,-0.095916450023651123,-0.083239071071147919,0.050727725028991699,0.036893099546432495,0.023098111152648926,-0.0070624202489852905,-0.045336067676544189,0.060556024312973022,0.046760857105255127,-0.045980870723724365,0.092106997966766357,0.059088215231895447,-0.035283029079437256,-0.02961273118853569,0.26716706156730652
-0.055224180221557617,0.057153016328811646,-0.091035127639770508,-0.098493725061416626,0.073888599872589111,0.074729792773723602,0.068726897239685059,0.059743151068687439,0.071497440338134766,-0.081720858812332153,-0.084446728229522705,-0.13533943891525269,0.035939157009124756,0.086098551750183105,0.05636674165725708,-0.0095303356647491455,0.02433854341506958,0.015216350555419922,0.088802635669708252,-0.014775440096855164,0.078156590461730957,0.052385270595550537,-0.06950908899307251,0.0010215938091278076,0.33980211615562439
0.018538951873779297,-0.027094334363937378,-0.10839581489562988,-0.081939622759819031,0.044105589389801025,-0.040877319872379303,0.083875536918640137,0.0897388756275177,-0.053649306297302246,0.092154204845428467,-0.11369609832763672,-0.14903831481933594,0.052627682685852051,-0.090035408735275269,0.093754112720489502,-0.046804711222648621,0.072595417499542236,-0.06322517991065979,0.093160033226013184,0.025864571332931519,-0.038556277751922607,-0.034268021583557129,-0.052762269973754883,-0.0025386810302734375,0.36149534583091736
-0.011460244655609131,0.0027783215045928955,-0.10174340009689331,-0.039052426815032959,0.043047428131103516,-0.060767814517021179,0.035108268260955811,0.14334876835346222,-0.087618768215179443,0.0019356608390808105,-0.12379145622253418,-0.14068539440631866,0.032215714454650879,0.098697274923324585,0.070593178272247314,0.011054515838623047,-0.053107202053070068,-0.023166954517364502,0.11019539833068848,0.012954920530319214,0.07565605640411377,0.016828417778015137,-0.096610724925994873,-0.02767769992351532,0.36027750372886658
-0.091935276985168457,-0.09265899658203125,-0.14306992292404175,-0.060376673936843872,0.052630841732025146,-0.028933688998222351,0.038881957530975342,0.17962956428527832,-0.0056517720222473145,-0.011486530303955078,-0.066251456737518311,-0.10391238331794739,0.066014230251312256,-0.021525561809539795,0.051971197128295898,-0.022362202405929565,0.0088072121143341064,0.074826091527938843,0.15146821737289429,0.056242376565933228,-0.04782518744468689,0.0195637047290802,-0.07945716381072998,-0.0060030519962310791,0.37777364253997803
0.011205464601516724,0.033178269863128662,-0.1004372239112854,-0.055276781320571899,-0.064928680658340454,0.061936914920806885,0.032919108867645264,0.15609976649284363,-0.019554227590560913,-0.028275668621063232,-0.092616081237792969,-0.083525121212005615,0.077500432729721069,0.069807529449462891,0.037480533123016357,0.010038256645202637,0.036486983299255371,-0.041330605745315552,0.099212706089019775,0.071547210216522217,0.022235572338104248,-0.069145470857620239,-0.10359722375869751,-0.060873508453369141,0.33868634700775146
0.057304561138153076,-0.040565341711044312,-0.12208247184753418,-0.033030956983566284,0.031723350286483765,-0.025865957140922546,0.016771912574768066,0.12977695465087891,-0.086181551218032837,-0.091188997030258179,-0.091543793678283691,-0.10769796371459961,0.07604101300239563,0.0046925842761993408,0.040673255920410156,-0.044450998306274414,-0.0086363255977630615,0.080757290124893188,0.12014377117156982,0.037525713443756104,-0.021340861916542053,0.071897566318511963,-0.080878555774688721,-0.096209079027175903,0.35880473256111145
0.011534318327903748,0.014086604118347168,-0.1244044303894043,-0.0038926005363464355,-0.031634092330932617,-0.087610684335231781,-0.042580902576446533,0.14851555228233337,0.073335558176040649,-0.086766466498374939,-0.033568978309631348,-0.13207072019577026,0.095185466110706329,0.043175101280212402,0.0126304030418396,-0.057286679744720459,0.077246300876140594,0.054938137531280518,0.16292142868041992,0.052244305610656738,-0.049722194671630859,0.014460742473602295,-0.040265023708343506,-0.063876718282699585,0.37530270218849182
0.039732970297336578,-0.024433933198451996,-0.13796001672744751,-0.030254364013671875,-0.029941469430923462,-0.064246669411659241,-0.057707846164703369,0.14577138423919678,0.071747750043869019,-0.00054326653480529785,-0.015355944633483887,-0.08282923698425293,-0.031344961374998093,-0.020045995712280273,-0.032317459583282471,-0.072489380836486816,-0.030076596885919571,0.010090947151184082,0.12404161691665649,0.023562192916870117,0.092181921005249023,-0.027160808444023132,-0.016052961349487305,-0.06222224235534668,0.31932443380355835
0.045624114573001862,-0.074639439582824707,-0.15205919742584229,-0.02382814884185791,0.038692623376846313,0.084512211382389069,-0.033972978591918945,0.13517701625823975,-0.050648316740989685,0.069339349865913391,-0.037235856056213379,-0.12207818031311035,-0.052848339080810547,0.0816497802734375,-0.035949170589447021,-0.061844468116760254,-0.054602090269327164,-0.074071347713470459,0.15092498064041138,0.020291984081268311,0.044911876320838928,-0.007900431752204895,-0.036618828773498535,-0.02121967077255249,0.36493435502052307
0.028543639928102493,0.067214809358119965,-0.20148640871047974,0.013456284999847412,-0.0036370754241943359,0.062768138945102692,-0.085552036762237549,0.074571549892425537,-0.0087127909064292908,0.0057498514652252197,-0.030843615531921387,-0.1415979266166687,0.0091124400496482849,-0.054638400673866272,-0.019231259822845459,-0.075517654418945312,0.084879837930202484,0.066652849316596985,0.17883926630020142,0.0014124512672424316,-0.034279800951480865,0.07323891669511795,-0.06436997652053833,0.018537998199462891,0.38451763987541199
-0.01020030677318573,-0.021440953016281128,-0.20392119884490967,-0.0023717284202575684,0.04768453910946846,-0.032691016793251038,-0.064752101898193359,0.09670555591583252,0.046592708677053452,-0.01096642017364502,0.00074344873428344727,-0.15484857559204102,-0.031465694308280945,0.019138514995574951,-0.050487160682678223,-0.03261643648147583,-0.015338301658630371,0.078085117042064667,0.17333722114562988,-0.0031957626342773438,0.085029169917106628,0.025882299989461899,-0.06028902530670166,0.0051103830337524414,0.37179133296012878
-0.034209787845611572,0.0097886770963668823,-0.16852313280105591,-0.034030258655548096,-0.035819977521896362,0.0033920258283615112,-0.042893171310424805,0.11454159021377563,-0.022856995463371277,0.0019567608833312988,0.020776927471160889,-0.12171053886413574,-0.067005962133407593,-0.025010384619235992,-0.026081681251525879,-0.057447433471679688,0.049001902341842651,-0.036099940538406372,0.14295858144760132,0.0025992989540100098,-0.0087914317846298218,0.089144766330718994,-0.11559832096099854,-0.014207780361175537,0.34304928779602051
0.016003578901290894,-0.0029792338609695435,-0.17396801710128784,-0.025927901268005371,0.043861955404281616,-0.021933317184448242,-0.085839271545410156,0.089302122592926025,-0.085404865443706512,-0.061248183250427246,0.05086219310760498,-0.12701708078384399,-0.085011333227157593,-0.024941504001617432,-0.043081670999526978,-0.099332273006439209,0.094140827655792236,0.0065846145153045654,0.095049142837524414,0.045444011688232422,0.096798896789550781,0.011282056570053101,-0.14705502986907959,-0.0071752071380615234,0.38660988211631775
0.044026762247085571,-0.096048176288604736,-0.1274179220199585,-0.068525195121765137,0.049135789275169373,0.011661350727081299,-0.1328970193862915,0.044437944889068604,0.053467109799385071,-0.016110673546791077,0.070784091949462891,-0.096217513084411621,0.049721002578735352,-0.078413486480712891,-0.0081374645233154297,-0.069845736026763916,0.041574686765670776,-0.051250815391540527,0.059500932693481445,0.09886401891708374,-0.01069524884223938,-0.071244299411773682,-0.16565769910812378,0.030189335346221924,0.36938712000846863
-0.020313411951065063,0.05844232439994812,-0.092382699251174927,-0.038267135620117188,-0.023852020502090454,-0.041940808296203613,-0.15904691815376282,0.0098122358322143555,-0.041525885462760925,-0.023798346519470215,0.041224181652069092,-0.060730338096618652,-0.077544301748275757,0.031290292739868164,0.029207855463027954,-0.035605013370513916,-0.071287631988525391,0.00041523575782775879,0.065822690725326538,0.11622589826583862,0.019683688879013062,0.035336881875991821,-0.21033194661140442,-0.019185364246368408,0.3570791482925415
-0.099551498889923096,0.099452823400497437,-0.052032530307769775,-0.0569496750831604,-0.041295617818832397,0.074388265609741211,-0.12038707733154297,-0.024079799652099609,0.01424795389175415,-0.076017051935195923,0.063481390476226807,-0.10544347763061523,-0.0414295494556427,-0.075221776962280273,-0.0099973827600479126,-0.011001706123352051,-0.084960073232650757,0.087904393672943115,0.022134527564048767,0.16056907176971436,-0.068344771862030029,0.081874608993530273,-0.19672054052352905,-0.044544637203216553,0.41238909959793091
-0.0798015296459198,-4.3630599975585938e-05,0.00087323784828186035,-0.10651957988739014,0.059884160757064819,-0.069249629974365234,-0.071631640195846558,-0.062034487724304199,0.095563977956771851,0.086690813302993774,0.10769742727279663,-0.047394216060638428,0.079427599906921387,0.071630984544754028,-0.029444195330142975,0.020765185356140137,0.011917948722839355,0.0099542737007141113,0.051606759428977966,0.12227070331573486,-0.015044689178466797,-0.0026471614837646484,-0.18743585050106049,-0.085561573505401611,0.37262299656867981
-0.076467633247375488,-0.018547117710113525,0.044702500104904175,-0.096867561340332031,-0.045526295900344849,0.00061404705047607422,-0.097928464412689209,-0.10459652543067932,-0.013798981904983521,0.088874608278274536,0.13769799470901489,-0.08450549840927124,0.077191054821014404,0.081771254539489746,-0.030727753415703773,-0.013150036334991455,-0.085863202810287476,0.016685605049133301,0.039341609925031662,0.10943275690078735,0.075660943984985352,-0.028138399124145508,-0.15073154866695404,-0.04879993200302124,0.37539508938789368
0.073678523302078247,-0.014290273189544678,0.055250406265258789,-0.13320747017860413,-0.044653832912445068,0.022497057914733887,-0.10067957639694214,-0.073186635971069336,-0.075441032648086548,-0.018044829368591309,0.13763239979743958,-0.096227526664733887,0.01171344518661499,-0.016252756118774414,-0.033085651695728302,-0.015860259532928467,-0.038645535707473755,-0.02295374870300293,0.08213941752910614,0.080229222774505615,0.0067102313041687012,-0.0078927278518676758,-0.20130935311317444,-0.090092241764068604,0.379924476146698
0.072177678346633911,0.019353985786437988,0.045741192996501923,-0.11933758854866028,0.086911037564277649,0.073562026023864746,-0.054638087749481201,-0.097131699323654175,-0.095840573310852051,0.019481182098388672,0.14402195811271667,-0.078859865665435791,-0.017381295561790466,0.080555737018585205,-0.044374555349349976,0.027846395969390869,-0.092457562685012817,-0.049643397331237793,0.089822448790073395,0.042656987905502319,-0.088257253170013428,0.070086956024169922,-0.18663233518600464,-0.076059281826019287,0.40936952829360962
-0.0015537738800048828,-0.063058555126190186,0.021521382033824921,-0.11691826581954956,-0.041240662336349487,-0.054247736930847168,-0.04983934760093689,-0.092177987098693848,0.0071538090705871582,-0.038512945175170898,0.17027568817138672,-0.049582958221435547,0.079704880714416504,0.023628592491149902,-0.077994063496589661,0.0043618083000183105,0.026564449071884155,0.027581214904785156,0.13741235435009003,0.02490842342376709,0.08538520336151123,0.055551767349243164,-0.2199847400188446,-0.085733771324157715,0.40844261646270752
0.0073467493057250977,0.078126907348632812,-0.012700961902737617,-0.10385406017303467,0.042628735303878784,0.065090775489807129,-0.041309267282485962,-0.086974635720252991,0.0989646315574646,-0.026422619819641113,0.19921059906482697,-0.071098089218139648,-0.035207793116569519,-0.0043911933898925781,-0.052934557199478149,0.02985614538192749,-0.067987382411956787,-0.042047023773193359,0.092741400003433228,0.047204345464706421,-0.07689271867275238,-0.02711564302444458,-0.2558969259262085,-0.065037637948989868,0.43150252103805542
0.012891829013824463,0.024561107158660889,-0.027929104864597321,-0.11334045231342316,0.0058143883943557739,0.044768571853637695,-0.019415736198425293,-0.085484206676483154,0.062184333801269531,0.036363124847412109,0.1910654604434967,-0.087860822677612305,-0.011858344078063965,-0.057459712028503418,-0.022034198045730591,0.063568115234375,-0.060573030263185501,-0.073427438735961914,0.12741623818874359,0.10424108803272247,-0.07622702419757843,0.073015391826629639,-0.28114819526672363,-0.078292012214660645,0.46257859468460083
-0.063794583082199097,-0.0078606605529785156,-0.028466001152992249,-0.077627852559089661,0.0041497498750686646,0.012647271156311035,-0.061438225209712982,-0.050652690231800079,-0.0021429657936096191,0.030874013900756836,0.17008048295974731,-0.13130295276641846,-0.0074313133955001831,0.046097278594970703,0.019609302282333374,0.020398259162902832,0.049022294580936432,0.098610639572143555,0.12420354038476944,0.09043499082326889,-0.04198773205280304,0.041004061698913574,-0.23481360077857971,-0.1345505565404892,0.42427551746368408
-0.054132923483848572,0.024226605892181396,-0.0095867514610290527,-0.10662663727998734,0.087682940065860748,-0.096199274063110352,-0.041056990623474121,-0.048575766384601593,0.072268098592758179,-0.084427297115325928,0.1606677770614624,-0.15670391917228699,0.0083772987127304077,0.076476693153381348,0.010695889592170715,0.01748676598072052,0.077048130333423615,-0.0042643547058105469,0.075285345315933228,0.094885207712650299,0.055537886917591095,0.049907803535461426,-0.19905413687229156,-0.14320433139801025,0.43744397163391113
-0.031236082315444946,0.001484215259552002,0.0079334676265716553,-0.10472944378852844,-0.077826708555221558,-0.041279911994934082,-0.063779741525650024,0.0045773908495903015,-0.062633469700813293,0.060595929622650146,0.13958027958869934,-0.15222875773906708,0.092239439487457275,-0.083418846130371094,0.02474820613861084,0.045789547264575958,-0.08609364926815033,0.020393610000610352,0.027175456285476685,0.1175973117351532,0.014532517641782761,0.0015658736228942871,-0.1732771098613739,-0.14116550981998444,0.40601468086242676
-0.00042433291673660278,-0.066077232360839844,0.031855911016464233,-0.14172570407390594,0.07953324168920517,-0.082190990447998047,-0.03927910327911377,0.049658223986625671,-0.097054943442344666,0.054845988750457764,0.18192887306213379,-0.20025907456874847,0.013144731521606445,-0.0018856525421142578,-0.0090059787034988403,0.094558760523796082,-0.062848299741744995,0.093565165996551514,0.0098787695169448853,0.16572441160678864,-0.013768568634986877,-0.055077731609344482,-0.17337413132190704,-0.15324150025844574,0.48416587710380554
-0.012982809916138649,0.050807476043701172,0.021505042910575867,-0.14351038634777069,0.00034050643444061279,0.052792131900787354,-0.016484379768371582,0.092950671911239624,0.088703200221061707,-0.048439621925354004,0.19250591099262238,-0.16616548597812653,-0.061454534530639648,0.040216803550720215,-0.062979206442832947,0.14081862568855286,0.057500123977661133,0.021622359752655029,0.033095158636569977,0.18749493360519409,0.037825241684913635,-0.087487697601318359,-0.16674469411373138,-0.132550448179245,0.48380008339881897
-0.075035944581031799,0.054039061069488525,-0.014123156666755676,-0.18502002954483032,-0.018454290926456451,0.025662660598754883,-0.011097639799118042,0.091447144746780396,0.034318089485168457,-0.03201824426651001,0.20213636755943298,-0.11383324861526489,-0.076178073883056641,-0.068735122680664062,-0.038764879107475281,0.1100386381149292,-0.074030250310897827,0.057914137840270996,-0.015651509165763855,0.20211762189865112,-0.053191989660263062,0.065738856792449951,-0.18651552498340607,-0.095085620880126953,0.4832572340965271
0.026585787534713745,-0.049363315105438232,0.010412827134132385,-0.15149122476577759,-0.0074999481439590454,0.015794456005096436,-0.033994495868682861,0.064469844102859497,0.095647990703582764,-0.095244944095611572,0.20796577632427216,-0.11355625092983246,0.058193057775497437,0.044459521770477295,-0.064061932265758514,0.14478644728660583,0.080280035734176636,-0.025298357009887695,-0.057242453098297119,0.15663588047027588,-0.07010418176651001,0.089561939239501953,-0.16242602467536926,-0.063279539346694946,0.46350094676017761
-0.090388014912605286,-0.070052206516265869,0.041822880506515503,-0.19095498323440552,-0.027571380138397217,0.0058426260948181152,-0.033756226301193237,0.078089326620101929,0.0051937643438577652,0.00067591667175292969,0.21722403168678284,-0.13888227939605713,-0.029802560806274414,-0.072171568870544434,-0.11180023849010468,0.1167086660861969,0.058633267879486084,0.011071383953094482,-0.11208578199148178,0.14229774475097656,0.059640407562255859,0.027227818965911865,-0.19976118206977844,-0.12719058990478516,0.50477099418640137
-0.029143720865249634,0.0012086629867553711,0.037788763642311096,-0.14737376570701599,-0.087526276707649231,-0.032941281795501709,-0.042659401893615723,0.030879437923431396,0.024943172931671143,-0.011583983898162842,0.19515895843505859,-0.15372902154922485,0.04586946964263916,-0.040732502937316895,-0.094115607440471649,0.08155059814453125,-0.040995687246322632,-0.0875510573387146,-0.14613884687423706,0.091440320014953613,-0.028136581182479858,-0.0043378472328186035,-0.21968270838260651,-0.13075920939445496,0.47169613838195801
-0.021876931190490723,-0.042917549610137939,0.050184037536382675,-0.16180646419525146,0.075433701276779175,-0.065355420112609863,0.0080315768718719482,0.011229574680328369,-0.030277155339717865,-0.033150553703308105,0.20536366105079651,-0.1772177517414093,-0.037263870239257812,0.007246553897857666,-0.098042823374271393,0.12963831424713135,-0.027937173843383789,-0.072659969329833984,-0.15904426574707031,0.066706717014312744,-0.082964450120925903,0.072152137756347656,-0.21745023131370544,-0.1539861261844635,0.51334035396575928
-0.042377948760986328,0.078797906637191772,0.067537039518356323,-0.16368484497070312,-0.043677955865859985,0.013770639896392822,-0.015881747007369995,0.023825883865356445,0.029183164238929749,-0.044393837451934814,0.18897949159145355,-0.18253850936889648,-0.007241368293762207,-0.012195885181427002,-0.14178436994552612,0.16108214855194092,0.065853536128997803,0.076922506093978882,-0.15697582066059113,0.056432723999023438,0.05872654914855957,0.092942535877227783,-0.21084330976009369,-0.14144855737686157,0.52441710233688354
-0.094984471797943115,0.048515558242797852,0.04589398205280304,-0.13401925563812256,0.036871761083602905,0.0068826079368591309,-0.060458451509475708,0.025282621383666992,-0.03345903754234314,0.047476530075073242,0.20618525147438049,-0.14645576477050781,-0.022655248641967773,0.058455586433410645,-0.15747852623462677,0.18317532539367676,0.050359129905700684,0.063115388154983521,-0.19537831842899323,0.087710857391357422,-0.027749955654144287,-0.045628845691680908,-0.23078455030918121,-0.18609130382537842,0.55667924880981445
0.098223775625228882,-0.015455365180969238,0.093772783875465393,-0.15615969896316528,0.037110030651092529,0.002923130989074707,-0.099846631288528442,0.047537028789520264,-0.07779499888420105,-0.075706958770751953,0.26462268829345703,-0.185019850730896,-0.072443485260009766,0.039641618728637695,-0.19857862591743469,0.11926043033599854,-0.099928826093673706,0.030749261379241943,-0.24036175012588501,0.097495615482330322,-0.053371131420135498,0.057167977094650269,-0.25080600380897522,-0.18970620632171631,0.64530390501022339
0.040112763643264771,-0.034962922334671021,0.12378420680761337,-0.11445260047912598,0.017128288745880127,-0.080908238887786865,-0.064886331558227539,0.019861161708831787,-0.09959074854850769,-0.048087239265441895,0.26228290796279907,-0.12685549259185791,0.052637636661529541,-0.095660567283630371,-0.2165793776512146,0.14535069465637207,0.062693685293197632,0.049463182687759399,-0.18562132120132446,0.051221787929534912,-0.056994199752807617,-0.015456408262252808,-0.22810477018356323,-0.15871667861938477,0.58645892143249512
-0.090809822082519531,0.055782929062843323,0.12645989656448364,-0.14306402206420898,-0.067827418446540833,0.035769373178482056,-0.087258636951446533,0.052899777889251709,0.066979020833969116,-0.08007282018661499,0.22746066749095917,-0.095080912113189697,0.069987058639526367,0.02646404504776001,-0.21332287788391113,0.16767424345016479,-0.06789553165435791,0.030953250825405121,-0.20837098360061646,0.021729767322540283,-0.087375521659851074,-0.045308332890272141,-0.22714066505432129,-0.19900619983673096,0.60444080829620361
0.046433925628662109,-0.092267751693725586,0.10506778955459595,-0.15978306531906128,0.094179153442382812,0.015231490135192871,-0.058433771133422852,0.089013338088989258,0.036354929208755493,-0.058276891708374023,0.17599838972091675,-0.10191833972930908,0.099702119827270508,-0.071317017078399658,-0.23800307512283325,0.18347996473312378,-0.086300551891326904,0.04719771072268486,-0.22672772407531738,-0.032919943332672119,0.027505755424499512,0.038330480456352234,-0.21534529328346252,-0.25229358673095703,0.62730580568313599
0.056378602981567383,0.039868786931037903,0.078999727964401245,-0.10467082262039185,0.042880386114120483,-0.055224210023880005,-0.026290476322174072,0.085427701473236084,-0.024000465869903564,0.080520175397396088,0.14164479076862335,-0.12817120552062988,0.096817553043365479,-0.0797295942902565,-0.29481393098831177,0.21361345052719116,-0.03975522518157959,0.065283589065074921,-0.26006972789764404,-0.0078592300415039062,0.026943981647491455,-0.018091633915901184,-0.20283114910125732,-0.24025940895080566,0.63255703449249268
-0.049415349960327148,-0.026940107345581055,0.056957662105560303,-0.12993180751800537,-0.020393848419189453,-0.005111396312713623,-0.0026767849922180176,0.089313805103302002,0.0063119828701019287,-0.082989826798439026,0.14572644233703613,-0.17480552196502686,0.0243644118309021,0.065625131130218506,-0.35843354463577271,0.24088990688323975,-0.09363853931427002,-0.035540074110031128,-0.23607343435287476,-0.062528908252716064,-0.067050695419311523,-0.072901517152786255,-0.23254609107971191,-0.26626181602478027,0.69735115766525269
0.011615544557571411,0.030508339405059814,0.049927562475204468,-0.083868980407714844,-0.033094681799411774,-0.0669245645403862,-0.02407461404800415,0.084491550922393799,0.024175345897674561,-0.075777314603328705,0.19891142845153809,-0.13056856393814087,0.020374536514282227,-0.025922268629074097,-0.36176407337188721,0.18640369176864624,-0.020231664180755615,-0.048957407474517822,-0.22407239675521851,-0.038217782974243164,0.037759661674499512,-0.032792583107948303,-0.24968475103378296,-0.22649544477462769,0.65126895904541016
-0.094352439045906067,0.070430487394332886,0.016439139842987061,-0.1092720627784729,-0.052887320518493652,-0.0160194281488657,-0.018176794052124023,0.10394561290740967,-0.071738243103027344,-0.034757658839225769,0.18013149499893188,-0.12781339883804321,0.061955153942108154,-0.048388183116912842,-0.39966756105422974,0.14308172464370728,-0.082592643797397614,-0.063204407691955566,-0.2655143141746521,-0.081722915172576904,-0.083451747894287109,-0.068877041339874268,-0.20309311151504517,-0.20229125022888184,0.68092316389083862
0.02183745801448822,0.06658598780632019,0.069431304931640625,-0.11746674776077271,0.082986153662204742,-0.023579083383083344,0.011578738689422607,0.12712550163269043,0.074220478534698486,0.079402714967727661,0.22274497151374817,-0.16408795118331909,0.079559057950973511,-0.09487578272819519,-0.42869830131530762,0.12292593717575073,-0.035423047840595245,0.096413940191268921,-0.21244710683822632,-0.096757888793945312,0.068451464176177979,0.035425961017608643,-0.1628682017326355,-0.19862540066242218,0.69771778583526611
0.066573023796081543,-0.09771573543548584,0.036280274391174316,-0.1337009072303772,-0.026460692286491394,-0.032041467726230621,-0.0032913684844970703,0.094160079956054688,0.037873581051826477,-0.027418226003646851,0.21393066644668579,-0.15520578622817993,-0.075425148010253906,0.039849340915679932,-0.40721845626831055,0.15545272827148438,0.085198134183883667,0.069733262062072754,-0.15505087375640869,-0.14686843752861023,0.039042025804519653,0.095291078090667725,-0.12293136119842529,-0.22649018466472626,0.66920405626296997
-0.0092687532305717468,-0.0065076351165771484,0.014080286026000977,-0.14916056394577026,-0.051805824041366577,-0.012362346053123474,-0.028780221939086914,0.078193843364715576,0.014544695615768433,0.077223718166351318,0.17058545351028442,-0.1094505786895752,0.043362624943256378,0.040572464466094971,-0.42292177677154541,0.17328029870986938,-0.038661569356918335,-0.075709253549575806,-0.19437706470489502,-0.16614869236946106,-0.072627581655979156,0.034801900386810303,-0.071680188179016113,-0.26846647262573242,0.66957932710647583
-0.02193036675453186,0.0066694319248199463,-0.00020873546600341797,-0.098625004291534424,0.092379450798034668,-0.012489587068557739,-0.066100537776947021,0.070510923862457275,0.032645374536514282,0.09771263599395752,0.16920086741447449,-0.058689475059509277,-0.039140164852142334,0.077257335186004639,-0.46643936634063721,0.10748009383678436,0.010118663311004639,0.043862700462341309,-0.14032131433486938,-0.18931297957897186,0.030713640153408051,0.087304890155792236,-0.024974405765533447,-0.29308009147644043,0.67840218544006348
0.072874926030635834,-0.013047277927398682,0.043241798877716064,-0.12129050493240356,-0.092301130294799805,-0.056423097848892212,-0.11860132217407227,0.059156119823455811,0.0096442699432373047,0.006722569465637207,0.12794888019561768,-0.012081682682037354,-0.073117345571517944,0.025712490081787109,-0.41971862316131592,0.10027501732110977,0.096127420663833618,-0.041396200656890869,-0.1753658652305603,-0.17084956169128418,0.030114337801933289,-0.073572635650634766,-0.011256515979766846,-0.25166407227516174,0.6331591010093689
0.074994981288909912,0.062320172786712646,0.085413873195648193,-0.16617569327354431,-0.040204942226409912,0.096764087677001953,-0.090541362762451172,0.036818474531173706,-0.071455657482147217,-0.091830849647521973,0.17118537425994873,0.026541054248809814,-0.071752429008483887,-0.056078076362609863,-0.45660173892974854,0.055585980415344238,0.067468464374542236,-0.01758730411529541,-0.15878301858901978,-0.16739776730537415,-0.03009486198425293,0.018384635448455811,0.006157219409942627,-0.28572815656661987,0.68511629104614258
-0.019621759653091431,-0.060645252466201782,0.088603496551513672,-0.13789846003055573,-0.08296656608581543,-0.025431036949157715,-0.11349505186080933,-0.023464858531951904,0.062992483377456665,0.032387912273406982,0.17469736933708191,0.011240482330322266,-0.080161809921264648,0.094664722681045532,-0.4599120020866394,-0.0064060762524604797,0.093565851449966431,-0.026850521564483643,-0.18635553121566772,-0.19390630722045898,-0.065726578235626221,-0.063798636198043823,-0.0060485005378723145,-0.29504832625389099,0.70127397775650024
0.09524613618850708,0.056234896183013916,0.11636075377464294,-0.15787184238433838,0.033132016658782959,0.083990558981895447,-0.13686633110046387,0.0044997632503509521,0.029147505760192871,-0.020836114883422852,0.17770814895629883,-0.031686991453170776,-0.022257506847381592,0.055048853158950806,-0.47784042358398438,-0.063620030879974365,0.032852113246917725,-0.018670618534088135,-0.21303790807723999,-0.22534629702568054,-0.02596670389175415,0.026471614837646484,-0.0072323083877563477,-0.33006754517555237,0.74521195888519287
0.0020233392715454102,-0.091423004865646362,0.087741255760192871,-0.14250199496746063,-0.023139476776123047,0.016376227140426636,-0.16951721906661987,0.021320879459381104,0.092430293560028076,-0.025761902332305908,0.1982320249080658,-0.034990817308425903,-0.072414636611938477,-0.0964164137840271,-0.51338863372802734,-0.090329498052597046,-0.091536283493041992,0.0029181838035583496,-0.16055715084075928,-0.20065200328826904,0.086715936660766602,0.069283336400985718,0.020004093647003174,-0.32299023866653442,0.77060139179229736
0.0051504373550415039,-0.086245805025100708,0.048032015562057495,-0.11552023887634277,-0.038064002990722656,-0.045193105936050415,-0.15551573038101196,0.014388054609298706,0.0072823762893676758,-0.045084476470947266,0.19340440630912781,-0.017499350011348724,0.051181495189666748,-0.074583351612091064,-0.53723174333572388,-0.092455297708511353,0.020070016384124756,-0.09814569354057312,-0.16459321975708008,-0.22404618561267853,-0.096894800662994385,0.02193152904510498,0.0087097883224487305,-0.34145849943161011,0.78103005886077881
-0.06509476900100708,0.02931678295135498,0.048970162868499756,-0.12774495780467987,-0.019762277603149414,0.024646341800689697,-0.10701945424079895,0.052461389452219009,-0.081943094730377197,-0.049600541591644287,0.16993287205696106,-0.022341333329677582,-0.075366675853729248,-0.073639973998069763,-0.48806869983673096,-0.065735936164855957,0.069959521293640137,0.017922192811965942,-0.11300352215766907,-0.21739089488983154,-0.016656339168548584,-0.012953996658325195,0.075091242790222168,-0.33190628886222839,0.71602600812911987
0.037355959415435791,-0.0088608264923095703,0.016716256737709045,-0.12656940519809723,-0.0085319280624389648,-0.022120401263237,-0.14513269066810608,0.064528942108154297,0.09916764497756958,0.072477519512176514,0.15625892579555511,0.024815745651721954,0.09099966287612915,0.096329748630523682,-0.48855447769165039,-0.13097095489501953,-0.068490862846374512,0.025602519512176514,-0.083331048488616943,-0.18653306365013123,0.07573390007019043,-0.0042424798011779785,0.062090098857879639,-0.34595343470573425,0.73038321733474731
-0.071427226066589355,0.086918443441390991,0.026134893298149109,-0.10340204834938049,-0.027616739273071289,-0.04813462495803833,-0.11869752407073975,0.027328848838806152,-0.037379443645477295,0.082184314727783203,0.12585398554801941,0.01314292848110199,-0.079340517520904541,0.012825086712837219,-0.53771805763244629,-0.1996648907661438,-0.061838865280151367,0.059523820877075195,-0.084358781576156616,-0.21421971917152405,-0.058640122413635254,0.046528652310371399,0.10057184100151062,-0.29372876882553101,0.75096297264099121
0.041222214698791504,0.030649423599243164,-0.010724855586886406,-0.061301589012145996,-0.02127993106842041,0.09312756359577179,-0.14596600830554962,0.05408109724521637,0.011053681373596191,-0.051934331655502319,0.16721685230731964,-0.0088856965303421021,0.062495887279510498,0.025071514770388603,-0.51441389322280884,-0.27005007863044739,0.021033167839050293,-0.027859270572662354,-0.074917301535606384,-0.26523202657699585,-0.002346038818359375,0.090273231267929077,0.15939116477966309,-0.3017382025718689,0.78396189212799072
0.041668891906738281,-0.046298637986183167,-0.045014157891273499,-0.024113833904266357,0.022941827774047852,0.086810842156410217,-0.18235525488853455,0.038875974714756012,0.064409017562866211,0.06166917085647583,0.17064529657363892,-0.0044468790292739868,-0.060974538326263428,-0.090547144412994385,-0.53332209587097168,-0.25748878717422485,0.073286175727844238,0.039263714104890823,-0.10720434784889221,-0.29412490129470825,0.084034442901611328,-0.097609840333461761,0.21995703876018524,-0.31144219636917114,0.84613072872161865
-0.054289281368255615,-0.021878816187381744,-0.0042268484830856323,-0.044389247894287109,0.020930647850036621,0.082425251603126526,-0.19400045275688171,-0.016727585345506668,-0.061636805534362793,0.025886625051498413,0.20483797788619995,-0.038176983594894409,-0.011401653289794922,-0.063142508268356323,-0.54613739252090454,-0.23152410984039307,-0.030626058578491211,0.079065464437007904,-0.13281631469726562,-0.26218444108963013,-0.09726262092590332,0.032336056232452393,0.20102874934673309,-0.29624044895172119,0.82866203784942627
-0.088928639888763428,0.087788209319114685,-0.01211199164390564,-0.085420608520507812,-0.08925020694732666,-0.043495088815689087,-0.21487373113632202,-0.048294413834810257,0.0026401281356811523,-0.018227219581604004,0.25003281235694885,0.0044717192649841309,0.0077926516532897949,-0.05743640661239624,-0.49098026752471924,-0.28072002530097961,-0.082697272300720215,0.00018881261348724365,-0.076505705714225769,-0.26657387614250183,-0.06202995777130127,0.071362167596817017,0.25156092643737793,-0.27383017539978027,0.8357507586479187
-0.065224230289459229,0.063045516610145569,-0.041849106550216675,-0.0551738440990448,0.096600532531738281,-0.097194194793701172,-0.17922748625278473,-0.019591467455029488,0.0973319411277771,0.089465856552124023,0.22893208265304565,-0.0023476183414459229,-0.0028696656227111816,0.039288461208343506,-0.46055659651756287,-0.27545931935310364,0.072021245956420898,0.044581159949302673,-0.063191086053848267,-0.26033902168273926,-0.093491196632385254,-0.070959806442260742,0.2527606189250946,-0.25968432426452637,0.80485278367996216
-0.06646651029586792,0.094432920217514038,0.0062618851661682129,-0.081536650657653809,0.021100997924804688,-0.0093324631452560425,-0.2298177182674408,-0.026462920010089874,-0.064647436141967773,0.028834357857704163,0.17467036843299866,-0.043747484683990479,-0.036762416362762451,0.064026862382888794,-0.41632550954818726,-0.28022730350494385,-0.011929750442504883,0.040680557489395142,-0.05475914478302002,-0.23637226223945618,0.042867302894592285,0.059202224016189575,0.30311393737792969,-0.2284889817237854,0.76085901260375977
-0.064745128154754639,-0.058853626251220703,-0.0024055838584899902,-0.12392240762710571,-0.080991685390472412,-0.017835766077041626,-0.18154823780059814,0.00076886266469955444,-0.030850708484649658,0.035475783050060272,0.16206562519073486,-0.030560761690139771,-0.019424259662628174,0.099303573369979858,-0.43838715553283691,-0.31809481978416443,-0.060386121273040771,0.032578259706497192,-0.048787415027618408,-0.23289880156517029,-0.027838826179504395,0.025919735431671143,0.32053551077842712,-0.17613252997398376,0.76968461275100708
-0.040175259113311768,-0.050151005387306213,0.0008754730224609375,-0.11908231675624847,0.055512726306915283,-0.051330506801605225,-0.18088099360466003,-0.00064769387245178223,-0.050203382968902588,0.037691593170166016,0.14342659711837769,0.0056450068950653076,0.065867781639099121,0.059464752674102783,-0.46602082252502441,-0.37678810954093933,-0.014020442962646484,-0.099217057228088379,-0.020460784435272217,-0.23622095584869385,-0.026209175586700439,0.050146818161010742,0.31015068292617798,-0.15142318606376648,0.79805535078048706
0.017259478569030762,0.0994587242603302,0.014279425144195557,-0.079934686422348022,0.0022259950637817383,0.077460408210754395,-0.22093772888183594,-0.03604733943939209,0.056598782539367676,-0.089936040341854095,0.11406797170639038,-0.03881758451461792,0.068344742059707642,-0.017366468906402588,-0.4029633104801178,-0.40759718418121338,-0.089169859886169434,0.040211379528045654,-0.0046644210815429688,-0.22214385867118835,0.089071869850158691,0.027651965618133545,0.29818981885910034,-0.184894859790802,0.78926461935043335
-0.098628729581832886,0.087537467479705811,0.009258568286895752,-0.12914478778839111,-0.046009242534637451,-0.091014385223388672,-0.17254704236984253,-0.017111599445343018,-0.074675679206848145,-0.090741097927093506,0.12215244770050049,0.021623238921165466,0.028937548398971558,-0.081045269966125488,-0.41531598567962646,-0.42276528477668762,0.013094156980514526,0.011030733585357666,0.034868836402893066,-0.27262008190155029,-0.024065673351287842,-0.04113537073135376,0.31321591138839722,-0.13659584522247314,0.81074512004852295
-0.092934340238571167,-0.07609325647354126,0.069738388061523438,-0.094991400837898254,-0.06036531925201416,0.095422357320785522,-0.15112721920013428,-0.043590933084487915,-0.046801149845123291,0.0076811462640762329,0.17769032716751099,0.028634466230869293,-0.088460624217987061,-0.044246435165405273,-0.44266122579574585,-0.44716310501098633,-0.02222132682800293,-0.072022557258605957,0.022745907306671143,-0.27385839819908142,0.063817799091339111,-0.018739759922027588,0.30274331569671631,-0.080033972859382629,0.83054947853088379
0.049396611750125885,-0.052884876728057861,0.072791218757629395,-0.077309191226959229,0.029795378446578979,0.021147817373275757,-0.14411503076553345,-0.011729031801223755,-0.091219425201416016,0.090605437755584717,0.19082182645797729,0.01396121084690094,0.059463158249855042,-0.02976679801940918,-0.42809346318244934,-0.48223793506622314,-0.095209658145904541,0.0037775039672851562,0.0031793713569641113,-0.22828380763530731,0.011886745691299438,0.044909536838531494,0.32282233238220215,-0.10554981231689453,0.83117222785949707
0.01250457763671875,0.029381871223449707,0.045989692211151123,-0.046944554895162582,0.094940245151519775,0.075749218463897705,-0.1415255069732666,-0.015209883451461792,-0.075156480073928833,0.032409429550170898,0.1818230152130127,0.063372954726219177,-0.01978071965277195,-0.049663186073303223,-0.39250349998474121,-0.49349945783615112,0.023888759315013885,-0.087706327438354492,0.025503754615783691,-0.25698557496070862,-0.07630881667137146,-0.078182816505432129,0.32864838838577271,-0.090933382511138916,0.82930892705917358
-0.093437753617763519,-0.014357447624206543,0.058886229991912842,-0.044650323688983917,-0.08329308032989502,0.020198285579681396,-0.16346150636672974,-0.031483650207519531,0.0023936331272125244,-0.082466751337051392,0.18574953079223633,0.075018882751464844,-0.088261142373085022,-0.025601744651794434,-0.3702208399772644,-0.51861190795898438,0.073898099362850189,0.08702385425567627,0.078556835651397705,-0.24970619380474091,0.021397590637207031,0.089673936367034912,0.30381214618682861,-0.081478595733642578,0.83657479286193848
-0.039146780967712402,0.052320897579193115,0.10668355226516724,-0.089282020926475525,-0.094311177730560303,-0.063185498118400574,-0.13899523019790649,-0.02994769811630249,0.0039427876472473145,-0.078209578990936279,0.21079003810882568,0.072547301650047302,0.073167145252227783,-0.0097928643226623535,-0.31506013870239258,-0.57278060913085938,-0.025698825716972351,-0.079423964023590088,0.089570522308349609,-0.20694214105606079,-0.067284762859344482,0.080648064613342285,0.32126927375793457,-0.055360406637191772,0.84880524873733521
-0.068891674280166626,-0.048547625541687012,0.082664370536804199,-0.094799891114234924,-0.071208752691745758,-0.096357397735118866,-0.086487114429473877,-0.023486316204071045,-0.035834521055221558,0.019655525684356689,0.22494089603424072,0.12521114945411682,-0.046647697687149048,-0.015887171030044556,-0.26809185743331909,-0.5449366569519043,0.067341625690460205,0.080745398998260498,0.090688467025756836,-0.22831523418426514,-0.0063573271036148071,-0.06415855884552002,0.32889586687088013,-0.082459330558776855,0.82161450386047363
0.049225002527236938,-0.094215750694274902,0.045867323875427246,-0.085787504911422729,-0.00071748346090316772,-0.016130892559885979,-0.068271934986114502,0.0053883194923400879,-0.0039365775883197784,-0.066846698522567749,0.23353749513626099,0.11994996666908264,0.040154457092285156,-0.019207537174224854,-0.20389178395271301,-0.57087814807891846,0.058758705854415894,0.0088170170783996582,0.049202978610992432,-0.26963716745376587,0.020159751176834106,0.056033551692962646,0.31204509735107422,-0.023150742053985596,0.80541312694549561
-0.0065057873725891113,0.020477294921875,0.069240987300872803,-0.095999270677566528,0.032665595412254333,-0.029097152873873711,-0.051222443580627441,0.043961048126220703,-0.079237185418605804,-0.012025535106658936,0.26822507381439209,0.17014643549919128,0.043700188398361206,-0.035691887140274048,-0.21836104989051819,-0.52686715126037598,0.035279989242553711,-0.08427894115447998,0.10245424509048462,-0.29226189851760864,0.05198967456817627,-0.010659396648406982,0.31713497638702393,-0.010826170444488525,0.81515854597091675
0.0074604153633117676,0.097033970057964325,0.10297846794128418,-0.11070391535758972,-0.078504972159862518,-0.020255424082279205,-0.012831449508666992,0.025173187255859375,-0.00093039870262145996,-0.0075570642948150635,0.23067235946655273,0.22006905078887939,-0.083292841911315918,0.061077937483787537,-0.24140575528144836,-0.50798612833023071,-0.013003110885620117,0.041663870215415955,0.15035563707351685,-0.31446200609207153,0.021556735038757324,-0.053586959838867188,0.33349186182022095,0.045802116394042969,0.84169167280197144
-0.054460883140563965,-0.0049217827618122101,0.088592588901519775,-0.11660122871398926,0.032264083623886108,0.025270715355873108,0.0092849135398864746,0.038457691669464111,-0.0070925652980804443,-0.095040351152420044,0.21697324514389038,0.22829744219779968,0.025004088878631592,-0.02461358904838562,-0.17702017724514008,-0.53269869089126587,-0.087252199649810791,-0.0051389485597610474,0.19627797603607178,-0.3265649676322937,-0.048736155033111572,0.083797574043273926,0.32109469175338745,0.069059491157531738,0.84992468357086182
0.073517560958862305,-0.092388138175010681,0.056620776653289795,-0.067852199077606201,0.077487289905548096,-0.021943926811218262,0.052936434745788574,0.0034997463226318359,0.034763425588607788,-0.094451904296875,0.17660951614379883,0.26405906677246094,0.071371138095855713,-0.081941217184066772,-0.19202107191085815,-0.4902782142162323,0.036634445190429688,0.034996818751096725,0.18207880854606628,-0.28953546285629272,-0.067784011363983154,0.046087801456451416,0.3512689471244812,0.10736489295959473,0.83206826448440552
-0.097937166690826416,-0.03462759405374527,0.09861600399017334,-0.098113059997558594,-0.033896714448928833,-0.061639338731765747,0.046145737171173096,0.01169973611831665,0.033266961574554443,-0.062873929738998413,0.15074265003204346,0.31568655371665955,0.025825679302215576,-0.081075705587863922,-0.21273317933082581,-0.49694353342056274,-0.086204290390014648,0.017035096883773804,0.17743252217769623,-0.25457239151000977,-0.012486517429351807,-0.092510625720024109,0.34713679552078247,0.14316248893737793,0.84733158349990845
-0.01863706111907959,0.035917654633522034,0.1167931854724884,-0.048723578453063965,0.08532300591468811,-0.081094413995742798,0.07672688364982605,-0.016922295093536377,-0.0069742798805236816,0.032129466533660889,0.13745582103729248,0.32168102264404297,-0.034522026777267456,0.063693717122077942,-0.16341626644134521,-0.53810286521911621,0.053564190864562988,-0.038992911577224731,0.22574657201766968,-0.26514911651611328,-0.026759207248687744,-0.096576064825057983,0.36042314767837524,0.18533682823181152,0.88464480638504028
0.035026073455810547,0.033061608672142029,0.1146843284368515,-0.00067096948623657227,-0.082951992750167847,-0.022936999797821045,0.0827464759349823,-0.0010221600532531738,0.076845407485961914,-0.00988779217004776,0.12273746728897095,0.28245210647583008,-0.022917300462722778,0.045875847339630127,-0.093368411064147949,-0.50675129890441895,-0.061868965625762939,0.063400477170944214,0.27208700776100159,-0.25661188364028931,-0.079724311828613281,-0.0072029009461402893,0.33513751626014709,0.17511224746704102,0.83416825532913208
0.061361908912658691,-0.097712874412536621,0.10695187747478485,-0.026350498199462891,-0.058015644550323486,-0.012914896011352539,0.12687654793262482,0.026664555072784424,0.088456451892852783,0.021947920322418213,0.060327231884002686,0.2866055965423584,-0.074589550495147705,0.074357986450195312,-0.10662810504436493,-0.55810415744781494,-0.035156726837158203,0.015775084495544434,0.29220694303512573,-0.27282696962356567,0.070043563842773438,-0.058444291353225708,0.34673625230789185,0.21080970764160156,0.89895009994506836
0.080171465873718262,0.097760140895843506,0.1291593611240387,-0.020979344844818115,0.034576743841171265,0.092997133731842041,0.10237479209899902,0.0033627748489379883,-0.096126079559326172,0.026258230209350586,0.023781120777130127,0.29402619600296021,-0.059435486793518066,0.027275681495666504,-0.11958341300487518,-0.54613924026489258,0.09025871753692627,-0.053769767284393311,0.35254335403442383,-0.26833111047744751,-0.092657923698425293,0.068158924579620361,0.37220430374145508,0.27846956253051758,0.950722336769104
0.053169369697570801,0.016570210456848145,0.12369009852409363,-0.02112424373626709,0.0018876641988754272,-0.067220389842987061,0.055616565048694611,-0.040411233901977539,0.029515445232391357,0.013692468404769897,-0.018808618187904358,0.3182188868522644,-0.072631686925888062,-0.0072036385536193848,-0.069896772503852844,-0.57604658603668213,0.0040842294692993164,-0.050651490688323975,0.34197628498077393,-0.2093040943145752,-0.056638658046722412,0.041588544845581055,0.36093437671661377,0.29906857013702393,0.92779576778411865
-0.043835997581481934,-0.094176948070526123,0.14528563618659973,0.0067265033721923828,-0.030452579259872437,-0.025535523891448975,0.026765568181872368,-0.03183513879776001,-0.084798753261566162,0.044684112071990967,-0.05490383505821228,0.29716271162033081,0.049947679042816162,-0.012557923793792725,-0.0019942820072174072,-0.53428775072097778,-0.0888785719871521,0.020241200923919678,0.36885735392570496,-0.21200573444366455,0.052024185657501221,-0.027476727962493896,0.32929384708404541,0.35192024707794189,0.92137712240219116
0.031120419502258301,0.0082091093063354492,0.15195965766906738,0.043460845947265625,-0.032101109623908997,-0.045229673385620117,0.0057624727487564087,-0.052357643842697144,-0.099837005138397217,0.096308529376983643,-0.058604419231414795,0.25190937519073486,-0.005366206169128418,0.092576444149017334,0.03883892297744751,-0.54208105802536011,0.049345254898071289,0.058320403099060059,0.36325201392173767,-0.23641380667686462,0.0127716064453125,0.088302135467529297,0.27860236167907715,0.32656371593475342,0.89881342649459839
0.096231460571289062,-0.038325726985931396,0.14021357893943787,0.018417924642562866,-0.078537002205848694,0.060901761054992676,-0.016214195638895035,-0.015998572111129761,-0.079815506935119629,-0.076132357120513916,-0.074618369340896606,0.23888987302780151,0.064311474561691284,0.099680244922637939,0.061180859804153442,-0.53200477361679077,-0.077759474515914917,0.056422233581542969,0.34507989883422852,-0.26528933644294739,-0.037080913782119751,-0.067698001861572266,0.23279988765716553,0.32577234506607056,0.88416147232055664
0.042120993137359619,-0.081183493137359619,0.091605097055435181,0.030161648988723755,0.094849340617656708,-0.053862273693084717,0.025574333965778351,-0.055001974105834961,-0.045999348163604736,0.032825887203216553,-0.042615815997123718,0.25946870446205139,0.0073373168706893921,0.005041658878326416,0.043545633554458618,-0.55005991458892822,0.073521047830581665,0.040907502174377441,0.38162025809288025,-0.22733411192893982,-0.087292402982711792,0.078353762626647949,0.25258868932723999,0.33443105220794678,0.89661365747451782
0.092305511236190796,-0.098365306854248047,0.081895053386688232,0.088897839188575745,0.098237074911594391,-0.08016592264175415,0.017540208995342255,-0.088920809328556061,0.037079572677612305,-0.073277175426483154,-0.0089192688465118408,0.222929447889328,-0.065846242010593414,-0.055514812469482422,0.037692487239837646,-0.50928127765655518,0.082356646656990051,-0.021637558937072754,0.34269428253173828,-0.25316205620765686,-0.073824703693389893,0.00082337856292724609,0.21571260690689087,0.32678797841072083,0.85403680801391602
0.056038379669189453,-0.042746543884277344,0.052150964736938477,0.10742053389549255,0.0055512785911560059,-0.097535192966461182,0.011093132197856903,-0.084242790937423706,-0.079088389873504639,0.046687126159667969,-0.032609879970550537,0.21442964673042297,-0.075276993215084076,0.0087646245956420898,0.082800179719924927,-0.49208664894104004,-0.092766731977462769,-0.08547210693359375,0.29606091976165771,-0.21062761545181274,0.020974360406398773,-0.0090188980102539062,0.18416279554367065,0.3324454128742218,0.79943811893463135
0.051661878824234009,-0.069749772548675537,0.033780097961425781,0.11117391288280487,-0.011540502309799194,-0.013671994209289551,0.017939925193786621,-0.11092773824930191,-0.094067901372909546,0.068177580833435059,-0.019330739974975586,0.19047966599464417,-0.020093560218811035,0.030245065689086914,0.1241702139377594,-0.4998125433921814,-0.04342968761920929,0.061078667640686035,0.36355286836624146,-0.22759301960468292,0.090258181095123291,0.060285329818725586,0.11596214771270752,0.34088701009750366,0.82565253973007202
0.028591983020305634,-0.082792103290557861,-0.0083813667297363281,0.1007082462310791,-0.080686420202255249,0.092540144920349121,0.034932751208543777,-0.06902400404214859,0.026201352477073669,0.070575356483459473,-0.050354301929473877,0.20649039745330811,0.019914403557777405,0.081499695777893066,0.15725794434547424,-0.52449190616607666,-0.085778623819351196,-0.0041201114654541016,0.33639344573020935,-0.22510361671447754,-0.00023600459098815918,0.021205544471740723,0.061025619506835938,0.34892940521240234,0.83293312788009644
0.066061161458492279,-0.080879926681518555,-0.051779508590698242,0.13489726185798645,0.046162009239196777,0.064944863319396973,0.093011312186717987,-0.11502756178379059,0.013967767357826233,-0.054747581481933594,-0.095249176025390625,0.2239532470703125,0.082951128482818604,0.076444268226623535,0.21309950947761536,-0.57087099552154541,-0.0020175576210021973,-0.0076552629470825195,0.34358388185501099,-0.21829319000244141,0.063215583562850952,-0.013791322708129883,0.016480088233947754,0.3458823561668396,0.89236873388290405
0.076743818819522858,0.05727231502532959,-0.10428464412689209,0.13584566116333008,0.092957288026809692,-0.0084391236305236816,0.1153949573636055,-0.12582376599311829,-0.077761523425579071,0.057742476463317871,-0.075417488813400269,0.17415818572044373,-0.072819918394088745,-0.085363149642944336,0.26821801066398621,-0.5374487042427063,-0.020766973495483398,-0.056480646133422852,0.35220640897750854,-0.21392130851745605,-0.050828486680984497,-0.02446448802947998,-0.039704442024230957,0.29709732532501221,0.87269628047943115
-0.0066104680299758911,-0.031775116920471191,-0.08487209677696228,0.088102221488952637,-0.011916100978851318,-0.0058063864707946777,0.076985180377960205,-0.1334683895111084,-0.066516891121864319,0.029637932777404785,-0.062785565853118896,0.1811598539352417,0.089134752750396729,0.059366285800933838,0.31016325950622559,-0.55113339424133301,-0.058164834976196289,-0.0034815669059753418,0.34971225261688232,-0.16807383298873901,-0.077556490898132324,-0.025609970092773438,-0.0060444474220275879,0.2476331889629364,0.84580713510513306
-0.033410727977752686,0.043522357940673828,-0.097392141819000244,0.064608633518218994,0.074331313371658325,-0.023163914680480957,0.12813907861709595,-0.17192745208740234,-0.067404881119728088,-0.044162273406982422,-0.07381090521812439,0.12616193294525146,-0.098300695419311523,0.090154349803924561,0.36109510064125061,-0.49428749084472656,0.008414924144744873,0.062938272953033447,0.3954145610332489,-0.17954224348068237,-0.026789665222167969,0.030169010162353516,0.027395904064178467,0.2091900110244751,0.85312873125076294
-0.048200786113739014,0.029754579067230225,-0.12038734555244446,0.098610997200012207,-0.096562445163726807,0.073484063148498535,0.15867555141448975,-0.19773560762405396,0.072236090898513794,0.022773385047912598,-0.091036766767501831,0.16555547714233398,0.024785161018371582,0.020297348499298096,0.37345454096794128,-0.52998894453048706,-0.087847769260406494,0.020870447158813477,0.41782185435295105,-0.1705971360206604,0.036951780319213867,0.030354797840118408,-0.022149384021759033,0.16299933195114136,0.90023380517959595
-0.086252391338348389,-0.045405566692352295,-0.10733327269554138,0.072353780269622803,-0.031672000885009766,-0.014010250568389893,0.15228578448295593,-0.21284773945808411,0.0086877048015594482,-0.056764900684356689,-0.1200377494096756,0.18148571252822876,0.091827511787414551,0.020071864128112793,0.34523028135299683,-0.52373647689819336,-0.057796955108642578,0.074142873287200928,0.3836321234703064,-0.14454269409179688,-0.041671931743621826,0.051697373390197754,-0.040232002735137939,0.12323284149169922,0.86431014537811279
-0.07365080714225769,-0.005563199520111084,-0.068354219198226929,0.075986981391906738,-0.023825764656066895,0.052580088376998901,0.16761083900928497,-0.1643911600112915,-0.063663333654403687,0.073424935340881348,-0.15966138243675232,0.20409739017486572,-0.074773073196411133,0.036229074001312256,0.40876853466033936,-0.46501660346984863,0.04087984561920166,-0.015587955713272095,0.41010493040084839,-0.088407754898071289,-0.097870469093322754,0.021310806274414062,0.0071025192737579346,0.095458090305328369,0.85923856496810913
0.096252620220184326,-0.050735637545585632,-0.034060195088386536,0.051747262477874756,-0.084601283073425293,-0.062336146831512451,0.20647594332695007,-0.16092172265052795,-0.0010825395584106445,-0.072138071060180664,-0.20501334965229034,0.20609831809997559,0.023862063884735107,0.048403739929199219,0.45633459091186523,-0.4106522798538208,0.080713987350463867,-0.058268338441848755,0.39449426531791687,-0.083102941513061523,-0.03557819128036499,0.080308079719543457,0.0084962546825408936,0.048518180847167969,0.86448365449905396
0.088145732879638672,0.040364891290664673,-0.038220923393964767,0.06392592191696167,0.019749462604522705,0.083552747964859009,0.20310673117637634,-0.16284847259521484,-0.094362437725067139,0.057763159275054932,-0.23172879219055176,0.23243075609207153,0.075796723365783691,-0.046938225626945496,0.44797560572624207,-0.3721621036529541,-0.00047278404235839844,0.089223369956016541,0.36047077178955078,-0.097947478294372559,-0.012989044189453125,0.09060099720954895,0.023865349590778351,0.066940128803253174,0.84741336107254028
0.079943358898162842,-0.003474915400147438,-0.026177950203418732,0.10310482978820801,-0.017430305480957031,-0.085278287529945374,0.16293245553970337,-0.18268346786499023,0.030311137437820435,-0.091473162174224854,-0.21764719486236572,0.23252749443054199,0.099307894706726074,-0.084387876093387604,0.48421990871429443,-0.32913446426391602,-0.078365206718444824,-0.032526522874832153,0.39359483122825623,-0.13693332672119141,0.028354227542877197,-0.024512067437171936,-0.010330796241760254,0.043940365314483643,0.86025089025497437
0.025983273983001709,0.044326022267341614,-0.076569899916648865,0.077704071998596191,0.024388790130615234,0.035233259201049805,0.21902936697006226,-0.11727625131607056,-0.07837522029876709,-0.078058302402496338,-0.25557798147201538,0.18190360069274902,0.065358936786651611,0.081307634711265564,0.45403879880905151,-0.32448554039001465,0.043307065963745117,-0.0057184100151062012,0.41374534368515015,-0.15289831161499023,-0.0059590935707092285,0.034656748175621033,-0.063724309206008911,0.065340399742126465,0.84682482481002808
-0.043645381927490234,0.068165034055709839,-0.11838239431381226,0.065661311149597168,0.066957384347915649,-0.090049147605895996,0.2701752781867981,-0.095568954944610596,0.0026616156101226807,-0.0012519806623458862,-0.25906431674957275,0.20163142681121826,-0.095357000827789307,-0.014440000057220459,0.43061167001724243,-0.26655137538909912,-0.089386045932769775,-0.05461430549621582,0.44745510816574097,-0.14396941661834717,-0.020031213760375977,0.024226084351539612,-0.075244784355163574,0.049032688140869141,0.85680991411209106
0.090484678745269775,0.055629372596740723,-0.10842710733413696,0.092414677143096924,-0.083146423101425171,-0.029833726584911346,0.25864124298095703,-0.030990123748779297,0.087808132171630859,0.087175264954566956,-0.28103628754615784,0.22896349430084229,0.052321732044219971,0.05429375171661377,0.49459952116012573,-0.23636060953140259,-0.03222346305847168,0.051788866519927979,0.41520243883132935,-0.12795901298522949,-0.068659484386444092,0.0424509197473526,-0.095118463039398193,0.049781084060668945,0.87787407636642456
-0.0068923234939575195,-0.0061538517475128174,-0.096221953630447388,0.10106563568115234,0.011784195899963379,-0.065733745694160461,0.23218798637390137,0.012471795082092285,-0.0048314929008483887,-0.086918815970420837,-0.27604931592941284,0.17255103588104248,-0.066415727138519287,0.03496435284614563,0.49568718671798706,-0.21849864721298218,-0.095847785472869873,-0.020687580108642578,0.42534077167510986,-0.14814996719360352,0.070605635643005371,-0.08828270435333252,-0.087124645709991455,0.066020965576171875,0.85318672657012939
0.050742149353027344,0.032434165477752686,-0.11430561542510986,0.11806720495223999,-0.067293733358383179,-0.01593707874417305,0.18821030855178833,0.024581730365753174,-0.017387866973876953,-0.082682341337203979,-0.31988489627838135,0.21616947650909424,0.043152004480361938,0.048865318298339844,0.53931105136871338,-0.18468397855758667,-0.022022664546966553,0.0060006976127624512,0.46341896057128906,-0.11050969362258911,-0.0025272369384765625,-0.0025490224361419678,-0.13920176029205322,0.049007534980773926,0.89784920215606689
-0.0031992793083190918,-0.021317958831787109,-0.13694459199905396,0.14397269487380981,-0.06510588526725769,0.087413482367992401,0.20727801322937012,0.014520615339279175,-0.014421254396438599,-0.084052175283432007,-0.37663483619689941,0.23466098308563232,-0.07814711332321167,0.0053493380546569824,0.50991088151931763,-0.15363222360610962,-0.055007219314575195,-0.036997497081756592,0.46825516223907471,-0.13575425744056702,0.014117062091827393,0.054565101861953735,-0.15254056453704834,0.058721303939819336,0.92785865068435669
0.063457727432250977,0.040577888488769531,-0.09965890645980835,0.16275006532669067,0.0010763108730316162,0.0077539384365081787,0.16852188110351562,-0.015247106552124023,0.084766402840614319,0.048940062522888184,-0.40689992904663086,0.21563929319381714,-0.016608387231826782,-0.031411349773406982,0.52697992324829102,-0.1064797043800354,0.070076994597911835,-0.045446097850799561,0.44956040382385254,-0.13300231099128723,0.078708142042160034,-0.057927846908569336,-0.16420179605484009,0.053153157234191895,0.92133122682571411
-0.011600233614444733,-0.016683995723724365,-0.07598114013671875,0.12422078847885132,-0.03023160994052887,-0.0088282078504562378,0.12956905364990234,-0.001144707202911377,0.081827297806739807,0.032963216304779053,-0.41933012008666992,0.17735928297042847,-0.0055599920451641083,-0.082500696182250977,0.51548445224761963,-0.1228649914264679,-0.049987670034170151,-0.077312231063842773,0.46536529064178467,-0.073856085538864136,0.040383189916610718,0.096484780311584473,-0.21744847297668457,0.088973462581634521,0.91584253311157227
-0.045416045933961868,-0.085095524787902832,-0.074406206607818604,0.16341599822044373,-0.058074403554201126,-0.028357118368148804,0.11084914207458496,-0.012005090713500977,-0.08880363404750824,-0.016091048717498779,-0.38451504707336426,0.18046408891677856,0.061172604560852051,-0.010545551776885986,0.49484074115753174,-0.08029647171497345,-0.074491098523139954,-0.02770531177520752,0.42781198024749756,-0.022447817027568817,0.05879037082195282,-0.095369398593902588,-0.18130958080291748,0.07636752724647522,0.86196631193161011
-0.008870929479598999,-0.033500552177429199,-0.11932855844497681,0.12883158028125763,0.019041061401367188,-0.014942750334739685,0.12773454189300537,-0.024083763360977173,0.066177725791931152,-0.075235307216644287,-0.35983604192733765,0.1597551703453064,0.025372564792633057,-0.051587998867034912,0.51107656955718994,-0.063129067420959473,-0.089388638734817505,0.022160887718200684,0.40471720695495605,0.028688192367553711,-0.038672357797622681,-0.033493518829345703,-0.16763877868652344,0.081814467906951904,0.83280682563781738
0.013464450836181641,-0.016907930374145508,-0.083853960037231445,0.11746206879615784,0.075814217329025269,-0.067340880632400513,0.14304244518280029,0.02563159167766571,0.067413896322250366,-0.055535614490509033,-0.32747715711593628,0.10462230443954468,0.02323305606842041,0.0680808424949646,0.53363144397735596,-0.043184354901313782,-0.082386672496795654,-0.0023930668830871582,0.39826738834381104,0.023682922124862671,-0.058798134326934814,0.088796377182006836,-0.14118492603302002,0.089785531163215637,0.82196265459060669
-0.069138199090957642,-0.0098302364349365234,-0.074494123458862305,0.073498457670211792,-0.07948535680770874,0.084525853395462036,0.12724292278289795,0.014689147472381592,0.051862835884094238,0.023339629173278809,-0.3565552830696106,0.046358257532119751,0.0099787116050720215,0.070751667022705078,0.48786866664886475,-0.026396557688713074,0.0056049227714538574,0.030353903770446777,0.35869646072387695,0.0016459226608276367,0.049433112144470215,0.099678575992584229,-0.16466343402862549,0.0565900057554245,0.77093768119812012
0.099474608898162842,0.051981568336486816,-0.060518205165863037,0.033025637269020081,0.046166032552719116,-0.036288946866989136,0.095358908176422119,0.020169977098703384,0.010407865047454834,-0.0092018842697143555,-0.37895965576171875,0.061701714992523193,-0.096567392349243164,0.012416481971740723,0.44582045078277588,-0.053292751312255859,0.030777871608734131,-0.018759727478027344,0.33225739002227783,0.057653188705444336,-0.016070544719696045,0.025546789169311523,-0.17514181137084961,0.008321717381477356,0.73188632726669312
0.049010694026947021,-0.012971758842468262,-0.031940042972564697,-0.0046732723712921143,0.025675714015960693,-0.098323315382003784,0.12963813543319702,-0.0011927485466003418,0.052225291728973389,-0.069146454334259033,-0.36269807815551758,0.044099561870098114,0.049653470516204834,0.054802298545837402,0.45023584365844727,-0.003184884786605835,0.026613354682922363,0.05141603946685791,0.35343396663665771,0.087013125419616699,-0.071243047714233398,0.02027052640914917,-0.13447022438049316,0.016915708780288696,0.73459839820861816
0.061162173748016357,0.056404650211334229,-0.0058020353317260742,-0.022972166538238525,0.054034233093261719,0.0056392401456832886,0.1305243968963623,-0.018111303448677063,-0.07596510648727417,0.0011316537857055664,-0.33868548274040222,0.054876163601875305,-0.036231935024261475,-0.085056185722351074,0.40089631080627441,0.032256245613098145,0.092078089714050293,0.097638070583343506,0.31037092208862305,0.077262341976165771,0.046729981899261475,0.087619304656982422,-0.084856808185577393,-0.036925047636032104,0.67847830057144165
0.027918696403503418,-0.0093812346458435059,-0.016691684722900391,-0.021191775798797607,-0.0092894434928894043,-0.07154497504234314,0.077527225017547607,-0.06017535924911499,0.062358260154724121,0.080978453159332275,-0.38005936145782471,-0.0033829808235168457,-0.050875663757324219,0.032920420169830322,0.37070000171661377,0.067103683948516846,-0.084047317504882812,-0.082708030939102173,0.25867313146591187,0.11209136247634888,0.078446865081787109,0.087476134300231934,-0.050947308540344238,-0.055661201477050781,0.6555977463722229
0.06788790225982666,-0.029488146305084229,-0.0075154602527618408,-0.017549574375152588,-0.094632863998413086,0.081669442355632782,0.1068730354309082,-0.018976539373397827,-0.093090176582336426,-0.08570551872253418,-0.39932543039321899,-0.0078910291194915771,0.047889113426208496,-0.051618039608001709,0.36713218688964844,0.053055405616760254,-0.084581851959228516,0.018765777349472046,0.23295986652374268,0.083363771438598633,-0.049103975296020508,-0.033535182476043701,-0.094690561294555664,-0.060242354869842529,0.66045463085174561
0.028749465942382812,0.027905583381652832,0.032692432403564453,-0.057429015636444092,-0.019979178905487061,-0.017644558101892471,0.082213282585144043,0.026732116937637329,0.053245902061462402,0.062720835208892822,-0.39764073491096497,-0.06161731481552124,0.026217103004455566,0.026488617062568665,0.32258015871047974,0.086206495761871338,0.017025232315063477,0.042799893766641617,0.23729601502418518,0.1132662296295166,-0.051243305206298828,0.003616631031036377,-0.050185739994049072,-0.078314244747161865,0.61503630876541138
0.053966104984283447,-0.018399477005004883,0.026706233620643616,-0.0465240478515625,0.070773601531982422,0.074365854263305664,0.067489922046661377,0.078372597694396973,0.072796463966369629,0.03480193018913269,-0.42985528707504272,-0.11847972869873047,-0.052886009216308594,-0.076109945774078369,0.3023669421672821,0.074045479297637939,-0.041828513145446777,0.05043889582157135,0.23717178404331207,0.079378128051757812,0.051521182060241699,-0.088299274444580078,-0.0097326040267944336,-0.10307973623275757,0.65284222364425659
0.041878104209899902,0.074351310729980469,0.050085827708244324,-0.069367885589599609,0.082239031791687012,0.014624953269958496,0.064881473779678345,0.052648633718490601,0.078404426574707031,0.0067496001720428467,-0.39473682641983032,-0.14761802554130554,-0.065878868103027344,0.035368382930755615,0.30806156992912292,0.093780279159545898,0.037210822105407715,-0.056790351867675781,0.24236060678958893,0.069777846336364746,0.08956146240234375,0.084843829274177551,-0.011758521199226379,-0.045001685619354248,0.63816159963607788
0.075305342674255371,-0.073556780815124512,0.039796054363250732,-0.0272025465965271,-0.042211174964904785,0.065084099769592285,0.050034761428833008,0.090295076370239258,-0.036501765251159668,0.00043371319770812988,-0.4008696973323822,-0.15543714165687561,-0.021055221557617188,0.011770337820053101,0.30940243601799011,0.065097928047180176,0.09032142162322998,-0.068848848342895508,0.23418901860713959,0.091474533081054688,0.022266268730163574,-0.066935993731021881,-0.036692563444375992,-0.046351909637451172,0.63356149196624756
-0.050218045711517334,0.071495413780212402,0.017787426710128784,-0.033831954002380371,-0.061255514621734619,0.080966204404830933,0.0034350007772445679,0.10565388202667236,0.09302210807800293,0.034224562346935272,-0.40730041265487671,-0.15755277872085571,0.096155405044555664,0.089853405952453613,0.2658240795135498,0.12116211652755737,-0.076743602752685547,0.014320850372314453,0.22129729390144348,0.06678009033203125,0.091373682022094727,0.094343259930610657,-0.023441016674041748,0.004316866397857666,0.64118993282318115
-0.021450817584991455,-0.0098842978477478027,0.027501523494720459,0.0060671567916870117,-0.004360198974609375,0.03592449426651001,0.0080742835998535156,0.14259189367294312,0.074248671531677246,0.012311700731515884,-0.3709007203578949,-0.14937689900398254,-0.021916627883911133,0.024671196937561035,0.22437240183353424,0.17177063226699829,0.076101779937744141,0.093402624130249023,0.23037189245223999,0.043035030364990234,0.052624344825744629,-0.035135537385940552,-0.080616116523742676,0.0033702850341796875,0.59117972850799561
-0.09756922721862793,0.0070319920778274536,0.063533365726470947,0.025127530097961426,-0.015321612358093262,0.074740380048751831,-0.036586470901966095,0.1316346675157547,0.08560025691986084,-0.031875699758529663,-0.36169493198394775,-0.15691685676574707,-0.046966314315795898,0.065122604370117188,0.23827776312828064,0.16691970825195312,0.049167633056640625,-0.024958908557891846,0.22887188196182251,0.025071561336517334,-0.061141133308410645,0.038037210702896118,-0.050212770700454712,0.042447090148925781,0.59929841756820679
-0.017283618450164795,0.067325085401535034,0.11868292093276978,0.034014880657196045,-0.067488729953765869,-0.06581491231918335,0.0064394064247608185,0.13519197702407837,0.091602087020874023,-0.072521805763244629,-0.35607266426086426,-0.20393842458724976,0.099947094917297363,0.063290297985076904,0.27016735076904297,0.15752947330474854,-0.03186267614364624,-0.012472152709960938,0.24178606271743774,0.04645240306854248,0.057686805725097656,-0.0070622563362121582,0.00026941299438476562,0.017549216747283936,0.63763898611068726
0.0051776766777038574,0.057388186454772949,0.11755263805389404,0.081285715103149414,-0.097539901733398438,0.022670626640319824,0.027895271778106689,0.11084947735071182,-0.077906131744384766,-0.09292563796043396,-0.38713932037353516,-0.19011189043521881,0.022630572319030762,0.058193206787109375,0.25091958045959473,0.18449732661247253,-0.083401143550872803,-0.02753603458404541,0.21781337261199951,0.037841916084289551,-0.023149490356445312,-0.077212035655975342,0.0027731657028198242,-0.02583765983581543,0.64204663038253784
-0.02665787935256958,-0.013762056827545166,0.077343344688415527,0.046181291341781616,-0.054689228534698486,0.09931480884552002,0.058173507452011108,0.074208669364452362,0.043824076652526855,0.01397407054901123,-0.37686657905578613,-0.23044863343238831,0.036684155464172363,-0.075422167778015137,0.23567348718643188,0.20617508888244629,0.014084756374359131,0.068024039268493652,0.20071756839752197,0.034632742404937744,-0.099591255187988281,-0.055901527404785156,-0.012363314628601074,0.013583064079284668,0.6267285943031311
-0.080850124359130859,-0.0071979761123657227,0.12434029579162598,0.017518281936645508,0.08780217170715332,-0.056954950094223022,0.040588498115539551,0.06113559752702713,-0.097447872161865234,0.061675429344177246,-0.41092252731323242,-0.26119649410247803,-0.027753114700317383,-0.072625935077667236,0.21154743432998657,0.19077889621257782,-0.032255887985229492,-0.050552845001220703,0.19681334495544434,0.0033361911773681641,0.088866591453552246,0.077100813388824463,-0.014706611633300781,0.056648164987564087,0.66021078824996948
-0.090881824493408203,-0.0051915645599365234,0.16507196426391602,0.021792799234390259,-0.038065016269683838,0.05236661434173584,0.076956123113632202,0.084929086267948151,-0.036217212677001953,-0.031583189964294434,-0.36111140251159668,-0.32452231645584106,0.04568934440612793,0.07243955135345459,0.16123068332672119,0.24792039394378662,0.075773090124130249,0.042378902435302734,0.24478268623352051,0.003570258617401123,0.026374638080596924,-0.061906516551971436,0.003293156623840332,0.071295619010925293,0.68062287569046021
-0.025861084461212158,0.044900894165039062,0.18950521945953369,-0.015549898147583008,-0.071773618459701538,0.066419661045074463,0.052046477794647217,0.11227957904338837,0.030259191989898682,0.053331375122070312,-0.3363187313079834,-0.352924644947052,-0.09662473201751709,-0.0057814121246337891,0.19222718477249146,0.24490579962730408,-0.089272432029247284,0.074690699577331543,0.28085172176361084,-0.023688513785600662,0.088124573230743408,0.034327268600463867,-0.052502751350402832,0.10579030960798264,0.72617000341415405
-0.058966342359781265,-0.090393483638763428,0.15922093391418457,0.024493478238582611,-0.0039653480052947998,0.047950506210327148,0.0372295081615448,0.11298945546150208,0.064338445663452148,-0.0039212703704833984,-0.30164015293121338,-0.33718883991241455,-0.0093804001808166504,-0.029060244560241699,0.18341255187988281,0.27806594967842102,-0.039155721664428711,-0.017600655555725098,0.30579018592834473,-0.023616790771484375,-0.088935971260070801,-0.097945213317871094,-0.11203920841217041,0.14265036582946777,0.72188037633895874
-0.0060083270072937012,0.036779284477233887,0.21068227291107178,0.033036723732948303,0.094079196453094482,0.018821775913238525,0.080297112464904785,0.12334586679935455,-0.0066254138946533203,0.075577497482299805,-0.27113533020019531,-0.3454945981502533,0.048965945839881897,-0.092022061347961426,0.21895813941955566,0.2542005181312561,-0.042505830526351929,0.03531491756439209,0.2619854211807251,0.040366798639297485,-0.078942574560642242,-0.021631717681884766,-0.10508942604064941,0.11375907063484192,0.7097899317741394
0.044015705585479736,-0.072854161262512207,0.21696579456329346,0.042376890778541565,0.094280779361724854,-0.011313140392303467,0.068240940570831299,0.15976238250732422,0.026234924793243408,-0.046535015106201172,-0.24675166606903076,-0.3163725733757019,-0.0050901398062705994,-0.019995212554931641,0.15166902542114258,0.28187581896781921,0.066893935203552246,0.098038911819458008,0.24838244915008545,-0.00013995170593261719,-0.080383002758026123,-0.052547335624694824,-0.063766121864318848,0.092131078243255615,0.67792695760726929
0.034500718116760254,-0.024422824382781982,0.19799292087554932,0.038328170776367188,0.042047381401062012,-0.032546937465667725,0.011734604835510254,0.21010202169418335,0.059073954820632935,-0.082091629505157471,-0.26432609558105469,-0.27941334247589111,0.083192281424999237,0.072554111480712891,0.18670445680618286,0.23989957571029663,-0.025799691677093506,-0.0080609321594238281,0.28737640380859375,-0.0075792670249938965,0.083328932523727417,-0.048123061656951904,-0.067803621292114258,0.10576611757278442,0.67878252267837524
-0.038929879665374756,0.097712218761444092,0.2126387357711792,0.024177134037017822,0.096129924058914185,-0.097840696573257446,0.0147133469581604,0.25164538621902466,-0.0015100538730621338,-0.046608090400695801,-0.28219044208526611,-0.23338019847869873,-0.092211693525314331,0.013625621795654297,0.17918765544891357,0.28513270616531372,-0.06188809871673584,-0.026273488998413086,0.32085669040679932,-0.038113057613372803,-0.020899981260299683,-0.090450704097747803,-0.071791410446166992,0.14286822080612183,0.73531901836395264
0.03379511833190918,-0.092441916465759277,0.23003387451171875,-0.0052543282508850098,-0.068826325237751007,-0.071107491850852966,-0.0023050308227539062,0.24397936463356018,0.080189734697341919,0.052106380462646484,-0.24723196029663086,-0.23490142822265625,0.043716371059417725,0.035953223705291748,0.2090766429901123,0.31674075126647949,-0.055895566940307617,-0.0037413835525512695,0.35896009206771851,-0.062788128852844238,0.048349499702453613,0.026962220668792725,-0.09347689151763916,0.11783188581466675,0.75250554084777832
0.059921860694885254,0.061691462993621826,0.19688630104064941,0.05903249979019165,0.0060898512601852417,-0.019631877541542053,-0.0062425732612609863,0.21444302797317505,-0.088714241981506348,0.032564818859100342,-0.25304496288299561,-0.22599494457244873,-0.017207622528076172,-0.039438247680664062,0.17242783308029175,0.36444461345672607,-0.065577149391174316,0.067194044589996338,0.35221534967422485,-0.072872042655944824,0.063271403312683105,0.049351036548614502,-0.14967978000640869,0.14063823223114014,0.75586706399917603
-0.024768948554992676,0.035687118768692017,0.22006452083587646,0.10232502222061157,-0.048627585172653198,0.039799794554710388,-0.016740947961807251,0.16938352584838867,0.01435166597366333,-0.018930435180664062,-0.22817027568817139,-0.19925189018249512,0.066454768180847168,0.042238533496856689,0.12755095958709717,0.4242628812789917,-0.057042479515075684,0.071123957633972168,0.3438861072063446,-0.073027968406677246,-0.091708242893218994,0.038391590118408203,-0.1990969181060791,0.086296319961547852,0.75985234975814819
-0.097844243049621582,0.048397541046142578,0.22010242938995361,0.13157957792282104,-0.021514654159545898,-0.018316913396120071,0.0012212395668029785,0.14034587144851685,-0.098640143871307373,0.081656396389007568,-0.19552123546600342,-0.24969732761383057,-0.031215846538543701,0.067543447017669678,0.050275444984436035,0.47151637077331543,0.013126969337463379,0.070804983377456665,0.34678876399993896,-0.098271489143371582,0.089846909046173096,-0.081937804818153381,-0.16163557767868042,0.029951333999633789,0.78895664215087891
-0.037217855453491211,0.099709287285804749,0.19404608011245728,0.091820955276489258,0.064445130527019501,-0.0098817944526672363,-0.010527729988098145,0.14451634883880615,-0.044372439384460449,0.050139755010604858,-0.13940930366516113,-0.28880584239959717,-0.067156076431274414,-0.054016619920730591,0.067761600017547607,0.43002307415008545,0.026894211769104004,-0.046881496906280518,0.38471266627311707,-0.064317941665649414,0.02760624885559082,0.079294413328170776,-0.15321826934814453,0.005684971809387207,0.75666654109954834
-0.075142860412597656,-0.062599077820777893,0.2048761397600174,0.13860559463500977,-0.085276365280151367,-0.0047032088041305542,-0.071961015462875366,0.11948806047439575,0.049895405769348145,0.037884771823883057,-0.16312533617019653,-0.29150772094726562,0.013466000556945801,0.084975458681583405,0.097752124071121216,0.46159005165100098,0.023040652275085449,-0.064617976546287537,0.36198166012763977,0.0028961896896362305,0.030265688896179199,-0.015961978584527969,-0.17932368814945221,0.025360584259033203,0.78278458118438721
0.0089304447174072266,0.01872745156288147,0.18688428401947021,0.12467926740646362,-0.042403832077980042,0.018777862191200256,-0.027917876839637756,0.1542467474937439,0.078663825988769531,-0.079069182276725769,-0.19184675812721252,-0.30742788314819336,0.029606223106384277,0.08922460675239563,0.031857986003160477,0.48490488529205322,0.032822728157043457,0.09763653576374054,0.31956148147583008,0.052532196044921875,-0.090963244438171387,-0.040634989738464355,-0.17368672788143158,0.011283755302429199,0.78871726989746094
0.034752607345581055,-0.017643570899963379,0.18320240080356598,0.14426851272583008,0.073060080409049988,-0.031822323799133301,-0.045508593320846558,0.18828344345092773,0.032912135124206543,-0.059908419847488403,-0.18788859248161316,-0.297210693359375,-0.020603775978088379,-0.024860024452209473,0.0017581433057785034,0.44697153568267822,-0.088863253593444824,-0.043464303016662598,0.29374885559082031,0.089585542678833008,0.031955242156982422,0.022237658500671387,-0.1677127331495285,-0.0098465681076049805,0.75016361474990845
-0.064942836761474609,-0.0037195086479187012,0.19179864227771759,0.20072746276855469,0.0094483494758605957,0.071898847818374634,-0.062448173761367798,0.19970375299453735,0.095325946807861328,-0.092343330383300781,-0.17564201354980469,-0.29436469078063965,-0.078985095024108887,-0.059084475040435791,0.017440944910049438,0.39844012260437012,0.091315984725952148,-0.053538382053375244,0.33987319469451904,0.14775490760803223,0.072136223316192627,0.025565683841705322,-0.12665253877639771,-0.050097346305847168,0.77923756837844849
-0.085149884223937988,-0.0026684999465942383,0.14320161938667297,0.22747582197189331,0.090863846242427826,-0.0054767131805419922,-0.036041371524333954,0.16618424654006958,0.08415675163269043,0.046320080757141113,-0.20240741968154907,-0.29687869548797607,-0.027495086193084717,-0.017100274562835693,-0.0086510777473449707,0.44536161422729492,0.041685819625854492,-0.076507866382598877,0.3406982421875,0.12288856506347656,-0.046902060508728027,0.066177427768707275,-0.16359284520149231,-0.03654932975769043,0.79244029521942139
-0.015667438507080078,0.087921440601348877,0.16441446542739868,0.21364873647689819,0.068558573722839355,-0.076505661010742188,-0.057275507599115372,0.17072612047195435,0.02383953332901001,-0.024040460586547852,-0.1495467871427536,-0.35471975803375244,-0.066339612007141113,0.098879158496856689,-0.064512193202972412,0.40049266815185547,0.052001953125,0.05784451961517334,0.36877524852752686,0.10986638069152832,-0.05571746826171875,-0.054669976234436035,-0.11979782581329346,-0.070107698440551758,0.79446935653686523
0.043580412864685059,0.0056343674659729004,0.12050491571426392,0.24823260307312012,0.019383490085601807,-0.032286942005157471,-0.030679861083626747,0.19398793578147888,0.070493578910827637,0.013893365859985352,-0.11510744690895081,-0.33404386043548584,0.083109140396118164,0.068901181221008301,-0.098191797733306885,0.37841522693634033,0.02789616584777832,-0.069578766822814941,0.37086224555969238,0.16315007209777832,-0.090104103088378906,-0.077616095542907715,-0.095818102359771729,-0.086377561092376709,0.78301692008972168
-0.052892327308654785,0.031295657157897949,0.096526682376861572,0.21059530973434448,0.044433459639549255,0.058673560619354248,-0.041563034057617188,0.1483481228351593,0.070430517196655273,0.0042378902435302734,-0.10976928472518921,-0.28991782665252686,-0.04628443717956543,0.054261088371276855,-0.079905033111572266,0.33023452758789062,0.021454691886901855,0.099081516265869141,0.30952036380767822,0.21982324123382568,-0.035806357860565186,0.05226588249206543,-0.10854536294937134,-0.11738789081573486,0.70155614614486694
0.026437044143676758,-0.048857927322387695,0.091226100921630859,0.21282051503658295,-0.028987407684326172,-0.0052379965782165527,-0.0047335624694824219,0.13523265719413757,0.079795420169830322,-0.058007597923278809,-0.098844170570373535,-0.2528565526008606,-0.060571134090423584,-0.094722390174865723,-0.12119126319885254,0.2693789005279541,0.076054871082305908,0.050265192985534668,0.32880973815917969,0.17891418933868408,0.036336839199066162,0.047346949577331543,-0.10302037000656128,-0.079099178314208984,0.65427827835083008
-0.0011962056159973145,-0.061281085014343262,0.12540674209594727,0.24953539669513702,-0.088955067098140717,-0.080654740333557129,-0.018526084721088409,0.092900693416595459,0.023465931415557861,-0.092525243759155273,-0.13540792465209961,-0.26515233516693115,0.036701440811157227,-0.08151698112487793,-0.12931191921234131,0.26702350378036499,0.013584315776824951,-0.098407626152038574,0.27964019775390625,0.22242256999015808,0.097943484783172607,0.054358601570129395,-0.14548408985137939,-0.091816246509552002,0.69180482625961304
0.040117025375366211,0.072128534317016602,0.14275968074798584,0.2734852135181427,-0.020944640040397644,-0.026726722717285156,-0.0095430277287960052,0.061888255178928375,-0.078666165471076965,0.076734185218811035,-0.15903544425964355,-0.30696588754653931,0.07360260933637619,0.033852219581604004,-0.13938331604003906,0.25797295570373535,0.042168065905570984,0.071065783500671387,0.27584755420684814,0.27301919460296631,0.056459903717041016,-0.013026833534240723,-0.17703437805175781,-0.11009708046913147,0.73176383972167969
0.05030396580696106,0.052255392074584961,0.11987900733947754,0.25970196723937988,-0.077154114842414856,-0.087579488754272461,-0.0052395537495613098,0.11363520473241806,-0.039905335754156113,0.02356564998626709,-0.17454206943511963,-0.30510300397872925,0.029752790927886963,-0.087304472923278809,-0.19852268695831299,0.22139595448970795,-0.087471723556518555,-0.021501541137695312,0.28223240375518799,0.30650156736373901,-0.032522287219762802,-0.095325946807861328,-0.22382926940917969,-0.14988294243812561,0.77504640817642212
-0.010838121175765991,-0.062407135963439941,0.066954612731933594,0.21768620610237122,0.069992274045944214,-0.069108486175537109,0.03244294598698616,0.15289825201034546,-0.061329975724220276,-0.021250009536743164,-0.14046013355255127,-0.29360100626945496,-0.099797159433364868,-0.013158798217773438,-0.19824755191802979,0.26389241218566895,0.0011019706726074219,0.094793558120727539,0.23843920230865479,0.35010936856269836,0.069121062755584717,-0.02146148681640625,-0.23203849792480469,-0.18148007988929749,0.77436250448226929
0.010843157768249512,-0.038703799247741699,0.040258526802062988,0.2185593843460083,0.04328581690788269,-0.019484102725982666,0.020194100216031075,0.11191710829734802,0.065387815237045288,-0.037853121757507324,-0.077097594738006592,-0.27336186170578003,0.0063837766647338867,0.01973116397857666,-0.22227334976196289,0.23623988032341003,-0.051958441734313965,-0.095299005508422852,0.2569347620010376,0.35299932956695557,-0.0083709359169006348,0.034561634063720703,-0.1991124153137207,-0.19583800435066223,0.7347676157951355
-0.024902187287807465,-0.053912520408630371,0.0090861320495605469,0.18287575244903564,-0.051754310727119446,-0.072743654251098633,0.028304725885391235,0.13730216026306152,-0.064954698085784912,-0.046736836433410645,-0.072738051414489746,-0.30811923742294312,-0.092748165130615234,-0.029942989349365234,-0.22185933589935303,0.23988285660743713,-0.071776926517486572,-0.0013250112533569336,0.26258313655853271,0.41418212652206421,-0.054741203784942627,-0.084858059883117676,-0.20539772510528564,-0.22617891430854797,0.79797548055648804
-0.036600947380065918,0.08263695240020752,0.04906010627746582,0.17166715860366821,-0.014173597097396851,-0.064843177795410156,0.025481723248958588,0.10925868153572083,-0.036020338535308838,-0.084076285362243652,-0.0011974573135375977,-0.28656855225563049,-0.086246371269226074,-0.0014418363571166992,-0.22257375717163086,0.2304762601852417,0.083387494087219238,-0.04054105281829834,0.28674709796905518,0.4518694281578064,-0.060366809368133545,-0.050642013549804688,-0.19530850648880005,-0.18307316303253174,0.79404175281524658
0.078076601028442383,0.087045967578887939,0.079466700553894043,0.19526028633117676,0.093445569276809692,-0.081545472145080566,0.068646848201751709,0.15316951274871826,0.011271834373474121,-0.057332277297973633,-0.022851705551147461,-0.2766280472278595,0.059737086296081543,-0.091388583183288574,-0.19656509160995483,0.24772036075592041,0.093539237976074219,-0.040978789329528809,0.26246774196624756,0.42733120918273926,-0.062340319156646729,0.072658002376556396,-0.14713150262832642,-0.17881870269775391,0.78662055730819702
0.052582681179046631,0.0030563473701477051,0.011795878410339355,0.22476673126220703,0.067457139492034912,-0.047519564628601074,0.062354624271392822,0.13733363151550293,-0.035792112350463867,0.034498095512390137,0.012109100818634033,-0.31722056865692139,0.032432198524475098,-0.038767337799072266,-0.25274980068206787,0.23488426208496094,-0.084271788597106934,0.031467676162719727,0.244731605052948,0.48519277572631836,0.097144126892089844,-0.013410806655883789,-0.12483012676239014,-0.21892392635345459,0.82726645469665527
0.051016032695770264,-0.035388469696044922,-0.01717609167098999,0.18312668800354004,0.070194870233535767,-0.016025662422180176,0.045812070369720459,0.18525123596191406,-0.083876729011535645,0.081605970859527588,0.040926456451416016,-0.32848089933395386,0.015627145767211914,0.055118739604949951,-0.26858597993850708,0.19605278968811035,-0.031660318374633789,0.037556111812591553,0.20143359899520874,0.50515210628509521,-0.09677577018737793,-0.00080955028533935547,-0.10604637861251831,-0.20466923713684082,0.8228498101234436
0.085028886795043945,0.084394067525863647,-0.0056729912757873535,0.20085906982421875,0.074711024761199951,0.031438827514648438,0.016767680644989014,0.16147381067276001,0.014754652976989746,0.060697436332702637,0.037047415971755981,-0.37919032573699951,0.048665404319763184,-0.087647318840026855,-0.32663634419441223,0.15867578983306885,0.089015722274780273,-0.01356351375579834,0.19670787453651428,0.47388005256652832,0.044749975204467773,0.036674797534942627,-0.066094189882278442,-0.21395230293273926,0.83874249458312988
-0.073759138584136963,0.08396485447883606,-0.022812902927398682,0.19930529594421387,0.050335466861724854,-0.08384239673614502,-0.022667855024337769,0.13910853862762451,-0.090774893760681152,-0.085453033447265625,0.012174449861049652,-0.37658697366714478,-0.045612812042236328,-0.039601325988769531,-0.3710283637046814,0.13515281677246094,0.044336318969726562,0.030243873596191406,0.12874519824981689,0.48107707500457764,-0.062267780303955078,-0.032974779605865479,-0.058250978589057922,-0.19606161117553711,0.83482688665390015
0.042287111282348633,-0.06887112557888031,-0.026458740234375,0.16373252868652344,-0.057819873094558716,0.014502227306365967,0.00078892707824707031,0.15425020456314087,-0.026213407516479492,0.029402077198028564,-0.0061836838722229004,-0.39203810691833496,-0.060858488082885742,0.051010549068450928,-0.37530463933944702,0.11541366577148438,0.019381880760192871,0.09716680645942688,0.09453979879617691,0.48256611824035645,0.048988580703735352,0.026130303740501404,-0.067134231328964233,-0.24286937713623047,0.83387678861618042
-0.065377116203308105,0.00015240907669067383,0.010408394038677216,0.19806385040283203,-0.052286431193351746,-0.027846455574035645,-0.027892947196960449,0.15880262851715088,-0.063554286956787109,0.075864627957344055,-0.009846419095993042,-0.37932193279266357,0.017994403839111328,0.0066796839237213135,-0.3935723602771759,0.048662066459655762,-0.034695982933044434,-0.02138209342956543,0.095847234129905701,0.50887382030487061,0.023108363151550293,-0.012916676700115204,-0.097402557730674744,-0.20496690273284912,0.84055310487747192
-0.093788027763366699,-0.079543083906173706,0.021677039563655853,0.24057269096374512,0.043531164526939392,-0.029138088226318359,0.009831547737121582,0.19582909345626831,-0.0094037055969238281,0.028873825445771217,0.052756428718566895,-0.42130213975906372,0.068256020545959473,0.035246625542640686,-0.38557076454162598,-0.015432834625244141,-0.066970586776733398,-0.063869267702102661,0.060529232025146484,0.50270509719848633,0.065863251686096191,-0.036729335784912109,-0.070259213447570801,-0.18629968166351318,0.87231564521789551
-0.062777876853942871,-0.070585489273071289,0.024739712476730347,0.25150454044342041,-0.034554645419120789,-0.011628508567810059,-0.0023274421691894531,0.21715682744979858,-0.082213401794433594,0.032415673136711121,0.094110846519470215,-0.43007946014404297,-0.035545945167541504,-0.096697896718978882,-0.42229819297790527,-0.00080883502960205078,-0.028778791427612305,-0.05639156699180603,0.023627996444702148,0.54537868499755859,0.087188363075256348,-0.014125734567642212,-0.048509418964385986,-0.20441806316375732,0.93049061298370361
-0.003146052360534668,-0.0051302313804626465,-0.027930349111557007,0.2119213342666626,0.095021270215511322,-0.057866394519805908,-0.029111683368682861,0.2240411639213562,-0.00025773048400878906,0.024583965539932251,0.086216211318969727,-0.46133512258529663,0.097877383232116699,0.0090019702911376953,-0.45330309867858887,-0.056267261505126953,0.016622662544250488,-0.069451212882995605,0.041308164596557617,0.51294100284576416,-0.043141841888427734,-0.053586840629577637,-0.044735729694366455,-0.17440670728683472,0.92487365007400513
-0.030572831630706787,0.023013472557067871,0.0001303553581237793,0.20147085189819336,-0.044317267835140228,0.057434216141700745,-0.014046192169189453,0.25986135005950928,-0.052226543426513672,0.088617920875549316,0.090963602066040039,-0.42708110809326172,0.033814668655395508,-0.05507892370223999,-0.43061316013336182,-0.11472117900848389,0.05491030216217041,0.041870832443237305,0.01679384708404541,0.53054392337799072,0.075983643531799316,-0.055050969123840332,-0.076084554195404053,-0.13464140892028809,0.91559290885925293
0.022849917411804199,-0.082767486572265625,0.035817861557006836,0.18017315864562988,0.07151348888874054,0.050560414791107178,0.012100517749786377,0.2141764760017395,-0.072310447692871094,-0.0544586181640625,0.11658871173858643,-0.41779792308807373,-0.090386748313903809,-0.0084283351898193359,-0.39942324161529541,-0.115570068359375,0.080177783966064453,-0.020031929016113281,-0.0061209201812744141,0.54718422889709473,-0.0825461745262146,-0.065419256687164307,-0.1009681224822998,-0.14040333032608032,0.90529781579971313
0.097595810890197754,-0.096438407897949219,0.01138538122177124,0.20306098461151123,-0.0081211626529693604,-0.032369017601013184,0.030104398727416992,0.17013028264045715,0.008346259593963623,0.054028332233428955,0.1453782320022583,-0.39955562353134155,0.02668386697769165,0.032209992408752441,-0.38757705688476562,-0.10687470436096191,0.031179070472717285,-0.05538642406463623,-0.050806879997253418,0.51410746574401855,0.038448035717010498,0.0028531551361083984,-0.045677542686462402,-0.12119913101196289,0.85293525457382202
0.044313728809356689,-0.011638164520263672,-0.049615323543548584,0.21730893850326538,-0.065007537603378296,-0.030283987522125244,0.0042688250541687012,0.12747764587402344,0.011950910091400146,0.033120632171630859,0.15489208698272705,-0.43411204218864441,-0.060424685478210449,0.029558062553405762,-0.36275458335876465,-0.15991395711898804,-0.067546308040618896,-0.063659191131591797,-0.047698974609375,0.54588347673416138,-0.081856608390808105,0.080705046653747559,-0.064769387245178223,-0.16050422191619873,0.89477270841598511
-0.011804327368736267,0.063849568367004395,-0.020332813262939453,0.25323253870010376,-0.046446323394775391,0.0048706531524658203,-0.01817476749420166,0.14979389309883118,-0.0057496726512908936,-0.026578783988952637,0.16379249095916748,-0.41354489326477051,-0.0047558248043060303,0.055063247680664062,-0.33482527732849121,-0.15186777710914612,-0.081539690494537354,0.03892672061920166,-0.036189079284667969,0.59337383508682251,0.02374267578125,-0.080419778823852539,-0.017251729965209961,-0.18532398343086243,0.91310393810272217
-0.051772989332675934,0.02710413932800293,-0.0025807619094848633,0.22134703397750854,-0.024420022964477539,-0.042292207479476929,-0.021629631519317627,0.12616121768951416,0.03272680938243866,0.052390098571777344,0.18364560604095459,-0.35758566856384277,-0.07435452938079834,-0.08867645263671875,-0.37445414066314697,-0.19525507092475891,0.068842649459838867,-0.053398370742797852,-0.024758338928222656,0.6175764799118042,-0.042052492499351501,0.027329325675964355,0.010822057723999023,-0.16302379965782166,0.92040252685546875
-0.010555043816566467,-0.071825623512268066,0.013692975044250488,0.21228009462356567,-0.076440155506134033,-0.082865089178085327,-0.061521172523498535,0.17132154107093811,0.050926633179187775,-0.080633878707885742,0.24155378341674805,-0.38306775689125061,-0.053231775760650635,0.038299798965454102,-0.36862039566040039,-0.22589214146137238,0.032953299582004547,0.051609635353088379,-0.1035313606262207,0.5852925181388855,-0.0089982170611619949,-0.096475839614868164,0.010861992835998535,-0.15145412087440491,0.94405508041381836
0.036329612135887146,0.012914061546325684,0.024587035179138184,0.24441899359226227,-0.034949183464050293,0.052879959344863892,-0.013970911502838135,0.21190676093101501,0.057046487927436829,-0.034059643745422363,0.29378688335418701,-0.34412634372711182,0.067241281270980835,0.043944120407104492,-0.30571794509887695,-0.2008669525384903,0.071760773658752441,0.057746648788452148,-0.14034652709960938,0.55536735057830811,-0.069569587707519531,-0.035187959671020508,-0.019216537475585938,-0.11367601156234741,0.90351790189743042
-0.074547082185745239,-0.02383267879486084,0.026422619819641113,0.24723698198795319,-0.0021519660949707031,0.041431248188018799,0.017796695232391357,0.23170234262943268,0.024902701377868652,0.047306299209594727,0.26225662231445312,-0.3326147198677063,-0.040365278720855713,0.04986572265625,-0.25265347957611084,-0.21777600049972534,-0.0047361850738525391,-0.064500808715820312,-0.1733393669128418,0.53897464275360107,-0.068401545286178589,0.00093340873718261719,-0.042779207229614258,-0.15332469344139099,0.88094258308410645
-0.07448965311050415,-0.0090681314468383789,0.048924565315246582,0.21661257743835449,-0.077151954174041748,0.032016605138778687,-0.03535836935043335,0.22828006744384766,0.095408380031585693,0.070211648941040039,0.28401076793670654,-0.36113467812538147,-0.0024185776710510254,0.09266197681427002,-0.26270854473114014,-0.26848310232162476,-0.076461195945739746,0.084410786628723145,-0.16473186016082764,0.53715807199478149,-0.097784519195556641,0.052029609680175781,-0.052674055099487305,-0.15313225984573364,0.92586642503738403
0.0028605461120605469,-0.070877552032470703,0.01596379280090332,0.24596056342124939,-0.092267274856567383,-0.006753772497177124,-0.04838407039642334,0.21072420477867126,0.02668309211730957,-0.086863398551940918,0.31056129932403564,-0.31892341375350952,-0.08815610408782959,0.07153785228729248,-0.25257563591003418,-0.32369506359100342,0.049545049667358398,0.01829826831817627,-0.15327751636505127,0.56586432456970215,0.0039101839065551758,0.047863364219665527,-0.034647941589355469,-0.19997125864028931,0.94812905788421631
-0.039302408695220947,0.039562344551086426,-0.046039998531341553,0.29244327545166016,0.094598829746246338,-0.068955041468143463,-0.045164793729782104,0.22352008521556854,0.070920705795288086,-0.0056769847869873047,0.33408010005950928,-0.31884682178497314,-0.031548380851745605,-0.017160534858703613,-0.24899077415466309,-0.36159634590148926,0.031812548637390137,-0.06105351448059082,-0.22127306461334229,0.60141515731811523,0.0040006637573242188,-0.00042033195495605469,-0.005135655403137207,-0.21533012390136719,1.0152051448822021
0.029981255531311035,-0.0011754035949707031,-0.042568862438201904,0.31739771366119385,0.054657697677612305,-0.081501543521881104,-0.015667885541915894,0.26739263534545898,-0.093860030174255371,0.053281605243682861,0.34604460000991821,-0.29137885570526123,0.022033333778381348,0.032126784324645996,-0.18899214267730713,-0.3454819917678833,0.095138192176818848,0.013903260231018066,-0.25674009323120117,0.55195629596710205,0.080584406852722168,-0.015370428562164307,0.018038332462310791,-0.25326859951019287,1.0043579339981079
-0.059750080108642578,-0.099447786808013916,-0.091304659843444824,0.26988959312438965,-0.056869864463806152,-0.071761585772037506,-0.059752881526947021,0.27549561858177185,-0.099057674407958984,-0.038600683212280273,0.34321868419647217,-0.28493380546569824,0.047469973564147949,0.064410984516143799,-0.19955730438232422,-0.39409351348876953,-0.032586097717285156,0.024001598358154297,-0.33111441135406494,0.53385269641876221,-0.065925717353820801,0.015484035015106201,0.013451695442199707,-0.20613229274749756,1.0187461376190186
-0.051558613777160645,-0.0011226534843444824,-0.079216331243515015,0.25859159231185913,-0.042538046836853027,-0.092008113861083984,-0.084728546440601349,0.26558834314346313,0.040403842926025391,0.027273952960968018,0.33708870410919189,-0.3090360164642334,0.0029931068420410156,0.0031797289848327637,-0.15134882926940918,-0.42226004600524902,0.030713200569152832,0.096232891082763672,-0.38592171669006348,0.55259227752685547,-0.091695785522460938,-0.067238956689834595,-0.00012606382369995117,-0.17542910575866699,1.0415064096450806
-0.046153426170349121,0.071568965911865234,-0.074955791234970093,0.22634720802307129,-0.048015832901000977,-0.010080337524414062,-0.056432045996189117,0.26214697957038879,0.09122312068939209,-0.087599843740463257,0.30591225624084473,-0.25812280178070068,-0.072147130966186523,0.038837432861328125,-0.16161626577377319,-0.41337859630584717,-0.085239410400390625,0.08759734034538269,-0.39965701103210449,0.49146533012390137,0.074330687522888184,-0.086607784032821655,-0.0062738656997680664,-0.18796312808990479,0.99143087863922119
0.07732081413269043,-0.081468850374221802,-0.045525223016738892,0.26068079471588135,-0.087855100631713867,-0.025631219148635864,-0.089056968688964844,0.30079376697540283,0.034254074096679688,-0.07716786116361618,0.3462870717048645,-0.23532271385192871,0.027682304382324219,-0.04281596839427948,-0.11997140944004059,-0.43071269989013672,0.010908842086791992,0.035555630922317505,-0.36807689070701599,0.47054517269134521,0.080054044723510742,0.034453347325325012,-0.038801763206720352,-0.15649282932281494,0.98296481370925903
-0.067121624946594238,-0.03872169554233551,-0.056574709713459015,0.24670898914337158,0.041434288024902344,0.078663885593414307,-0.10082146525382996,0.27665203809738159,0.042544722557067871,0.092447683215141296,0.31605163216590881,-0.25266385078430176,-0.04931950569152832,0.048558339476585388,-0.14404496550559998,-0.44362843036651611,0.034748315811157227,-0.059293210506439209,-0.41275852918624878,0.48438370227813721,0.018785715103149414,-0.016715943813323975,-0.041650861501693726,-0.18893194198608398,1.0044348239898682
0.069793939590454102,-0.040988266468048096,-0.038387954235076904,0.25144553184509277,0.064132392406463623,-0.0084370672702789307,-0.10428664088249207,0.21891649067401886,-0.066990137100219727,-0.076561033725738525,0.28446507453918457,-0.28763353824615479,-0.092256784439086914,0.088269948959350586,-0.10323697328567505,-0.42862570285797119,0.015474319458007812,-0.0026816129684448242,-0.44090288877487183,0.42111027240753174,0.01988518238067627,0.054521560668945312,-0.045390963554382324,-0.14422106742858887,0.95766454935073853
-0.086661934852600098,-0.093077152967453003,-0.098782747983932495,0.26861310005187988,-0.0029998421669006348,-0.075998246669769287,-0.084309220314025879,0.19277404248714447,0.069861173629760742,0.099654793739318848,0.32677239179611206,-0.23634207248687744,-0.06033790111541748,-0.071054458618164062,-0.054383397102355957,-0.42894291877746582,-0.059860706329345703,0.037332594394683838,-0.45217004418373108,0.38056850433349609,-0.085407495498657227,0.024673223495483398,-0.088422894477844238,-0.19933021068572998,0.96485704183578491
-0.017730355262756348,0.032347977161407471,-0.12424015998840332,0.28593981266021729,0.093042135238647461,-0.0032472610473632812,-0.13528263568878174,0.1724797785282135,-0.05207979679107666,-0.061580538749694824,0.33713686466217041,-0.1810305118560791,0.084519028663635254,0.095414042472839355,-0.044270455837249756,-0.39955627918243408,-0.069091081619262695,0.0034743547439575195,-0.50178492069244385,0.35827004909515381,-0.019818544387817383,-0.055146396160125732,-0.088685452938079834,-0.15679657459259033,0.95230329036712646
0.011211276054382324,0.054399788379669189,-0.17063236236572266,0.25665163993835449,-0.08953624963760376,-0.044377326965332031,-0.16410940885543823,0.18947590887546539,-0.066060662269592285,-0.0035468339920043945,0.35112202167510986,-0.12541556358337402,0.04840242862701416,0.022756099700927734,-0.029044389724731445,-0.44800877571105957,0.083455085754394531,-0.082914471626281738,-0.50328934192657471,0.29015660285949707,0.015557050704956055,-0.057689905166625977,-0.035175204277038574,-0.12095487117767334,0.94311511516571045
0.056032657623291016,-0.077299833297729492,-0.22913932800292969,0.19793426990509033,-0.090050667524337769,0.054814457893371582,-0.15665513277053833,0.19766190648078918,0.094055056571960449,0.095519065856933594,0.37437289953231812,-0.094092845916748047,0.032567262649536133,0.028142094612121582,-0.012407541275024414,-0.42437601089477539,-0.055396676063537598,0.056311249732971191,-0.56703281402587891,0.32096827030181885,0.051424741744995117,-0.028636813163757324,-0.037464380264282227,-0.077388226985931396,0.98297840356826782
-0.089633405208587646,-0.099160552024841309,-0.25720858573913574,0.19121593236923218,0.033384978771209717,-0.00092202425003051758,-0.11334937810897827,0.14740821719169617,0.085499882698059082,0.083421468734741211,0.34559094905853271,-0.10840243101119995,0.020166397094726562,-0.042914748191833496,0.027213573455810547,-0.40464293956756592,0.057365536689758301,-0.089737772941589355,-0.53370571136474609,0.25837600231170654,0.048153579235076904,-0.095614910125732422,-0.028760910034179688,-0.11689096689224243,0.9259335994720459
0.011383473873138428,-0.089812159538269043,-0.28205013275146484,0.2093970775604248,-0.032847657799720764,0.085275053977966309,-0.16149318218231201,0.16694286465644836,-0.059304118156433105,0.095981597900390625,0.38436281681060791,-0.12483865022659302,0.075676798820495605,0.094732522964477539,0.017589926719665527,-0.37013828754425049,0.051479458808898926,-0.075220704078674316,-0.56333768367767334,0.27130192518234253,-0.015539228916168213,0.0034432411193847656,0.0053908824920654297,-0.10860037803649902,0.96607279777526855
0.062946975231170654,0.099682927131652832,-0.32600319385528564,0.16931992769241333,0.043117091059684753,-0.066016316413879395,-0.16550397872924805,0.14075571298599243,0.021857559680938721,-0.064386367797851562,0.41836845874786377,-0.08594241738319397,0.06014561653137207,-0.01717984676361084,0.039986968040466309,-0.3956674337387085,0.0075804591178894043,-0.094576358795166016,-0.6053314208984375,0.23863476514816284,-0.0099593400955200195,0.063231825828552246,0.054780244827270508,-0.15214049816131592,1.0069723129272461
0.054279625415802002,0.057218551635742188,-0.29886388778686523,0.15087597072124481,-0.019561745226383209,0.051765650510787964,-0.19710618257522583,0.17847126722335815,0.074226081371307373,0.032127976417541504,0.36821949481964111,-0.059577777981758118,0.015383005142211914,0.032918930053710938,0.096045255661010742,-0.43241462111473083,0.073132187128067017,-0.0066807270050048828,-0.58403730392456055,0.22196382284164429,0.025264695286750793,-0.034081459045410156,0.069977641105651855,-0.11582419276237488,0.97526675462722778
