0.076461136341094971,0.05989794060587883,-0.0077281147241592407,0.027744580060243607,-0.053441762924194336,0.062365684658288956,0.0052718743681907654,0.038154002279043198,-0.012475490570068359,-0.080545864999294281,-0.035320274531841278,3.2329560781363398e-05,-0.080022156238555908,-0.00084733963012695312,-0.009646974503993988,0.04092499241232872,0.060275495052337646,0.047338619828224182,-0.042455542832612991,-0.038946893066167831,0.028329730033874512,-0.013220842927694321,-0.0050085410475730896,0.024103326722979546,0.21291403472423553
-0.00044667720794677734,-0.0091764926910400391,-0.037842348217964172,-0.00066421367228031158,-0.083991169929504395,0.0866900235414505,0.048893168568611145,0.062782451510429382,-0.055946171283721924,0.041629552841186523,-0.060730725526809692,-0.0030418024398386478,0.0056593418121337891,-0.0054738596081733704,0.024803251028060913,0.063069038093090057,0.061161637306213379,-0.0076539665460586548,-0.029678553342819214,-0.083835989236831665,-0.056547343730926514,0.0076399929821491241,-0.046139061450958252,0.016793858259916306,0.23023802042007446
0.075696706771850586,0.045293793082237244,-0.047938346862792969,-0.021406764164566994,-0.071455776691436768,0.024270310997962952,0.081135421991348267,0.036725394427776337,-0.062718689441680908,0.00079457461833953857,-0.074323326349258423,-0.044153623282909393,0.051669895648956299,0.067014008760452271,0.058317363262176514,0.060475602746009827,-0.026495575904846191,-0.041286244988441467,-0.024036884307861328,-0.10872785001993179,-0.013582885265350342,-0.028993010520935059,0.0012427866458892822,-0.018941760063171387,0.25687095522880554
0.090158641338348389,0.059091314673423767,-0.068942785263061523,-0.014854855835437775,0.020862102508544922,-0.0086768493056297302,0.076600402593612671,0.018031399697065353,-0.017013847827911377,0.019048005342483521,-0.038578689098358154,-0.035637263208627701,-0.038432061672210693,-0.01048104465007782,0.076237916946411133,0.01421472430229187,-0.028593957424163818,0.033135533332824707,-0.05831560492515564,-0.057652954012155533,0.067268311977386475,-0.082175001502037048,0.003314286470413208,-0.061087198555469513,0.24076904356479645
0.083124995231628418,0.020405486226081848,-0.091298341751098633,-0.040895164012908936,-0.0094213485717773438,0.016209624707698822,0.051028728485107422,0.02198878675699234,0.017668664455413818,-0.069129109382629395,-0.058007210493087769,-0.079649448394775391,-0.030038833618164062,0.0077493637800216675,0.029249757528305054,-0.029314644634723663,-0.073766946792602539,-0.059503406286239624,-0.0076839327812194824,-0.067867755889892578,-0.031946182250976562,-0.050665669143199921,-0.025118738412857056,-0.0047310404479503632,0.23693513870239258
0.00073510408401489258,0.030324310064315796,-0.090019345283508301,-0.094702079892158508,-0.017147600650787354,-0.016926132142543793,0.06442183256149292,0.0027262717485427856,0.043142974376678467,-0.032273769378662109,-0.093666613101959229,-0.080635987222194672,0.019384503364562988,0.017631500959396362,0.024573326110839844,-0.0062016099691390991,-0.042277097702026367,0.041985511779785156,0.042789936065673828,-0.046114817261695862,0.055003166198730469,0.034012883901596069,-0.035942316055297852,-0.033614244312047958,0.23738014698028564
-0.052825391292572021,0.056288093328475952,-0.093650698661804199,-0.10326418280601501,0.038886725902557373,0.06011565774679184,0.071858823299407959,0.052359089255332947,0.048954963684082031,-0.058752924203872681,-0.082043349742889404,-0.12894989550113678,0.025054752826690674,0.059320986270904541,0.060924232006072998,-0.0066753625869750977,0.0013094544410705566,0.011054962873458862,0.084557235240936279,-0.013248980045318604,0.058844983577728271,0.040816068649291992,-0.066254973411560059,-0.00048024952411651611,0.30414271354675293
-0.018028736114501953,-0.0017169266939163208,-0.11099773645401001,-0.086723953485488892,0.043702542781829834,-0.0087246447801589966,0.090855419635772705,0.08401799201965332,-0.018840909004211426,0.049565374851226807,-0.10937124490737915,-0.14486587047576904,0.053522288799285889,-0.032250136137008667,0.099229693412780762,-0.04106314480304718,0.036942601203918457,-0.048823773860931396,0.091168045997619629,0.027586519718170166,0.0042047500610351562,-0.026276558637619019,-0.047522544860839844,-0.0027124136686325073,0.32320526242256165
-0.030060529708862305,-0.012271851301193237,-0.10043448209762573,-0.046474069356918335,0.036819696426391602,-0.037586323916912079,0.042369544506072998,0.13479536771774292,-0.075540363788604736,0.025756865739822388,-0.12318187952041626,-0.13206498324871063,0.05123746395111084,0.042192548513412476,0.075659692287445068,0.011254101991653442,-0.03087306022644043,-0.021164983510971069,0.11169552803039551,0.013126939535140991,0.064300656318664551,0.01117745041847229,-0.095671117305755615,-0.028388932347297668,0.33696216344833374
-0.067290395498275757,-0.082388967275619507,-0.13954007625579834,-0.066181957721710205,0.044482767581939697,-0.043487414717674255,0.047146201133728027,0.16917240619659424,-0.041145682334899902,-0.0063527524471282959,-0.067282259464263916,-0.09769749641418457,0.055970370769500732,-0.011373400688171387,0.055094003677368164,-0.016261458396911621,0.0012763142585754395,0.052836716175079346,0.1507270336151123,0.0562877357006073,-0.0086646974086761475,0.017929822206497192,-0.077352523803710938,-0.0060980618000030518,0.35685247182846069
-0.0068532228469848633,-0.0094567835330963135,-0.099105238914489746,-0.061897337436676025,-0.020142525434494019,0.017661869525909424,0.042466700077056885,0.14757412672042847,-0.045236736536026001,-0.026941835880279541,-0.090400159358978271,-0.077913582324981689,0.075872510671615601,0.030739009380340576,0.041284918785095215,0.015241086483001709,0.027988851070404053,-0.020194947719573975,0.099227011203765869,0.073754370212554932,0.021559208631515503,-0.057171791791915894,-0.10541695356369019,-0.060699880123138428,0.31424430012702942
0.045279502868652344,-0.017024949193000793,-0.11862367391586304,-0.035280495882034302,0.0052231252193450928,-0.0058946609497070312,0.0222054123878479,0.12620669603347778,-0.063830643892288208,-0.05922815203666687,-0.087052464485168457,-0.10214459896087646,0.064735829830169678,0.020723283290863037,0.044357955455780029,-0.035184562206268311,0.012070029973983765,0.059342741966247559,0.12089794874191284,0.037606358528137207,-0.0042711347341537476,0.051275521516799927,-0.082627952098846436,-0.097324371337890625,0.32588949799537659
0.030948132276535034,0.0061067789793014526,-0.11965286731719971,-0.0083101391792297363,-0.031817764043807983,-0.04986969381570816,-0.034353733062744141,0.14324060082435608,0.023180663585662842,-0.068702787160873413,-0.031616806983947754,-0.12952464818954468,0.098472900688648224,0.022382974624633789,0.016961872577667236,-0.049497783184051514,0.061898551881313324,0.060983180999755859,0.16159629821777344,0.054503381252288818,-0.047554843127727509,0.02040255069732666,-0.043655037879943848,-0.063009828329086304,0.34890651702880859
0.045093744993209839,-0.015833556652069092,-0.13495981693267822,-0.033610105514526367,-0.029480054974555969,-0.045814357697963715,-0.049251198768615723,0.13716435432434082,0.041538089513778687,-0.041721463203430176,-0.0085271000862121582,-0.082008302211761475,0.011789483018219471,-0.017966747283935547,-0.028729081153869629,-0.062454342842102051,0.00025583431124687195,0.023745179176330566,0.12414717674255371,0.025136768817901611,0.033635780215263367,-0.024679020047187805,-0.019681751728057861,-0.062123477458953857,0.28962555527687073
0.040982875972986221,-0.048148706555366516,-0.14944690465927124,-0.027873814105987549,0.015374153852462769,0.057384233921766281,-0.025187134742736816,0.12520086765289307,-0.036346867680549622,0.041996955871582031,-0.027469336986541748,-0.11680495738983154,-0.035545825958251953,0.049479961395263672,-0.037195682525634766,-0.051901400089263916,-0.0415007583796978,-0.057392455637454987,0.14791840314865112,0.020496547222137451,0.027958691120147705,-0.0028640478849411011,-0.034375250339508057,-0.021550118923187256,0.31933081150054932
0.030024133622646332,0.040922511368989944,-0.19822508096694946,0.0069167017936706543,0.0062300115823745728,0.05728897824883461,-0.073993027210235596,0.067807257175445557,-0.013418242335319519,0.00088320672512054443,-0.022830367088317871,-0.13313770294189453,-0.021135285496711731,-0.037771463394165039,-0.022694647312164307,-0.062481582164764404,0.064165100455284119,0.046067725867033005,0.17453116178512573,-0.00020164251327514648,0.00041497498750686646,0.054090239107608795,-0.060428619384765625,0.017817497253417969,0.35160544514656067
-0.01263214647769928,-0.0078283697366714478,-0.20050305128097534,-0.0060790777206420898,0.035678140819072723,-0.010702371597290039,-0.05391538143157959,0.091106176376342773,0.0089487992227077484,-0.00033116713166236877,0.0087566375732421875,-0.14555591344833374,-0.029195442795753479,-0.0029433071613311768,-0.051552474498748779,-0.021520555019378662,0.018907949328422546,0.079162374138832092,0.17120778560638428,-0.0029555559158325195,0.055318385362625122,0.026952717453241348,-0.059805929660797119,0.0065051913261413574,0.34889805316925049
-0.034525260329246521,0.019350811839103699,-0.16469871997833252,-0.038905799388885498,-0.0068944990634918213,0.0090049803256988525,-0.030644834041595459,0.10731709003448486,0.0022505074739456177,-0.00044398382306098938,0.032042443752288818,-0.11314082145690918,-0.06885102391242981,-0.019001856446266174,-0.027919173240661621,-0.044265449047088623,0.029466688632965088,-0.017195612192153931,0.1374058723449707,0.0026243925094604492,-0.0012627691030502319,0.075076267123222351,-0.11221647262573242,-0.012904644012451172,0.32079911231994629
0.0019330084323883057,-0.0018043667078018188,-0.16989338397979736,-0.031539022922515869,0.03640417754650116,-0.010494112968444824,-0.076200425624847412,0.082170426845550537,-0.070407949388027191,-0.051579102873802185,0.059120595455169678,-0.11770045757293701,-0.068745672702789307,-0.018689922988414764,-0.045378774404525757,-0.08692467212677002,0.072547614574432373,0.0024843215942382812,0.091483324766159058,0.043302416801452637,0.051321029663085938,0.031204819679260254,-0.14451193809509277,-0.0043051242828369141,0.35148191452026367
0.035504743456840515,-0.075216174125671387,-0.12168258428573608,-0.074016213417053223,0.037407934665679932,0.018436402082443237,-0.12221777439117432,0.036686122417449951,0.011133849620819092,-0.033540651202201843,0.077027976512908936,-0.087515175342559814,0.015251278877258301,-0.077731713652610779,-0.012663871049880981,-0.058254837989807129,0.04157644510269165,-0.033622950315475464,0.058223128318786621,0.096968412399291992,-0.0065713226795196533,-0.048554271459579468,-0.15872538089752197,0.031175732612609863,0.33780717849731445
0.006321340799331665,-0.0006357729434967041,-0.085557788610458374,-0.045521914958953857,-0.016809821128845215,-0.031493186950683594,-0.14687594771385193,0.0019622445106506348,-0.027103260159492493,-0.021760553121566772,0.051229774951934814,-0.050028741359710693,-0.061434268951416016,-0.003639906644821167,0.027580201625823975,-0.024379611015319824,-0.044502377510070801,-0.011708170175552368,0.06464695930480957,0.11251580715179443,0.021902263164520264,0.011972308158874512,-0.20390430092811584,-0.020129382610321045,0.32453539967536926
-0.061948865652084351,0.063368499279022217,-0.047552883625030518,-0.057912051677703857,-0.049281030893325806,0.031827241182327271,-0.10860580205917358,-0.032320380210876465,0.017417982220649719,-0.067450672388076782,0.071450173854827881,-0.094514787197113037,-0.040296614170074463,-0.040644556283950806,-0.013784140348434448,0.0035658478736877441,-0.069587171077728271,0.078234314918518066,0.01847212016582489,0.1580359935760498,-0.028228312730789185,0.073914378881454468,-0.19050785899162292,-0.042826712131500244,0.36439883708953857
-0.076042860746383667,0.013176858425140381,0.0016125738620758057,-0.1036447286605835,0.011344730854034424,-0.030301332473754883,-0.058715462684631348,-0.065381705760955811,0.068518713116645813,0.016298830509185791,0.11475607752799988,-0.036993980407714844,0.032444357872009277,0.041274189949035645,-0.034045107662677765,0.031595945358276367,-0.0031949877738952637,0.026262938976287842,0.046555861830711365,0.12053829431533813,-0.028407901525497437,0.01542288064956665,-0.18535895645618439,-0.082749366760253906,0.33095139265060425
-0.075925439596176147,-0.015977084636688232,0.04491838812828064,-0.095295906066894531,-0.020811080932617188,-0.0046769976615905762,-0.080072373151779175,-0.11117538809776306,0.014945715665817261,0.075624316930770874,0.14690002799034119,-0.066779792308807373,0.053286492824554443,0.085555493831634521,-0.03114028088748455,0.00042009353637695312,-0.053000509738922119,0.020868003368377686,0.035919629037380219,0.10582911968231201,0.039980679750442505,-0.030324995517730713,-0.14747112989425659,-0.04770892858505249,0.34890195727348328
0.030185490846633911,-0.01765906810760498,0.055332571268081665,-0.13189193606376648,-0.049278557300567627,0.017209708690643311,-0.085079103708267212,-0.078307390213012695,-0.02727094292640686,-0.0044065713882446289,0.14302116632461548,-0.076829612255096436,0.028415292501449585,0.015709340572357178,-0.031779997050762177,-0.0027736425399780273,-0.048995137214660645,-0.011980950832366943,0.075631707906723022,0.076059639453887939,0.0058700442314147949,-0.0039025545120239258,-0.19455549120903015,-0.088627278804779053,0.3560529351234436
0.058162152767181396,-0.0081070065498352051,0.050106734037399292,-0.1176893413066864,0.02746504545211792,0.067652761936187744,-0.038417696952819824,-0.10091602802276611,-0.060069471597671509,0.004866182804107666,0.14359548687934875,-0.060678660869598389,-0.008140072226524353,0.067839980125427246,-0.045398011803627014,0.037720203399658203,-0.06509709358215332,-0.038506150245666504,0.084597595036029816,0.037092506885528564,-0.046741247177124023,0.051900029182434082,-0.17990939319133759,-0.074666619300842285,0.36050093173980713
0.027205586433410645,-0.039114475250244141,0.0271792933344841,-0.11231705546379089,-0.013788387179374695,-0.0047982335090637207,-0.027587264776229858,-0.094541162252426147,-0.00500449538230896,-0.033369660377502441,0.16537061333656311,-0.030074775218963623,0.032791398465633392,0.036331713199615479,-0.08042629063129425,0.015394747257232666,0.0021985173225402832,0.016280770301818848,0.12976072728633881,0.018005102872848511,0.048377677798271179,0.044235050678253174,-0.21752454340457916,-0.082196712493896484,0.37393799424171448
0.019562751054763794,0.034839987754821777,-0.010183060541749001,-0.10139456391334534,0.0068992078304290771,0.047959327697753906,-0.021823525428771973,-0.093161448836326599,0.065610617399215698,-0.045026063919067383,0.19458179175853729,-0.05246967077255249,-0.00073029845952987671,0.0060732364654541016,-0.051208958029747009,0.039429068565368652,-0.04053090512752533,-0.036223888397216797,0.087917342782020569,0.041093558073043823,-0.044835314154624939,-0.020993351936340332,-0.24992722272872925,-0.060268610715866089,0.3944181501865387
0.009508967399597168,0.037293791770935059,-0.026770807802677155,-0.10644237697124481,0.010181635618209839,0.042837560176849365,0.0038292109966278076,-0.088950291275978088,0.079485386610031128,0.022712111473083496,0.1888744980096817,-0.067718386650085449,-0.025684172287583351,-0.033586382865905762,-0.024243161082267761,0.072120755910873413,-0.066009566187858582,-0.070716381072998047,0.12018048763275146,0.097346171736717224,-0.078636035323143005,0.051678955554962158,-0.27865856885910034,-0.073868066072463989,0.45089083909988403
-0.046271711587905884,-0.011423885822296143,-0.027319684624671936,-0.071988418698310852,0.0026965290307998657,0.0096797943115234375,-0.038602463901042938,-0.052748106420040131,0.032622426748275757,0.015673696994781494,0.16517138481140137,-0.1100299060344696,-0.0088111534714698792,0.011535525321960449,0.018371373414993286,0.026400387287139893,0.01261892169713974,0.077131152153015137,0.11789941042661667,0.082952089607715607,-0.047717869281768799,0.037517249584197998,-0.23231859505176544,-0.12789671123027802,0.39423444867134094
-0.046075150370597839,-0.0036174654960632324,-0.010480329394340515,-0.10060902684926987,0.065857797861099243,-0.050865411758422852,-0.018114000558853149,-0.049225755035877228,0.073895975947380066,-0.050506174564361572,0.151254802942276,-0.1342875063419342,0.0069171935319900513,0.05737459659576416,0.0093051642179489136,0.02684609591960907,0.06321997195482254,0.0042313337326049805,0.073032960295677185,0.089283384382724762,0.0066696908324956894,0.041069686412811279,-0.19633254408836365,-0.13611918687820435,0.38889533281326294
-0.038948610424995422,-0.012335002422332764,0.0059404224157333374,-0.096009358763694763,-0.045564211905002594,-0.043259143829345703,-0.038764879107475281,0.00053901970386505127,-0.025909379124641418,0.0067536830902099609,0.1289483904838562,-0.13381223380565643,0.077257752418518066,-0.045166969299316406,0.023046717047691345,0.056931599974632263,-0.041889004409313202,0.014114618301391602,0.026598513126373291,0.11106881499290466,0.020786616951227188,0.0052473545074462891,-0.16603799164295197,-0.13310535252094269,0.35234513878822327
-0.02425675094127655,-0.056325912475585938,0.030212879180908203,-0.13177713751792908,0.039509758353233337,-0.067101240158081055,-0.017445534467697144,0.047086924314498901,-0.0557221919298172,0.027321577072143555,0.16677495837211609,-0.17710180580615997,0.028551846742630005,-0.013373017311096191,-0.0097527951002120972,0.10172158479690552,-0.050657838582992554,0.079819262027740479,0.0052096098661422729,0.15983583033084869,-0.014154590666294098,-0.044793665409088135,-0.16720634698867798,-0.14523971080780029,0.43687787652015686
-0.0069569181650876999,0.00062066316604614258,0.021760761737823486,-0.13468065857887268,0.016900241374969482,0.017338752746582031,0.0093433856964111328,0.089972198009490967,0.053400859236717224,-0.042260169982910156,0.17216150462627411,-0.14115366339683533,-0.035812497138977051,0.032849907875061035,-0.065618261694908142,0.14904841780662537,0.020768940448760986,0.030163049697875977,0.027528874576091766,0.18278542160987854,0.0157136470079422,-0.090854823589324951,-0.16097468137741089,-0.1253201961517334,0.44288051128387451
-0.058838628232479095,0.030050873756408691,-0.014910712838172913,-0.17121390998363495,-0.0052728056907653809,0.033789455890655518,0.01306132972240448,0.093316972255706787,0.061512395739555359,-0.02455669641494751,0.18420511484146118,-0.090606942772865295,-0.07040819525718689,-0.02429497241973877,-0.044360950589179993,0.1188226044178009,-0.033885687589645386,0.053660809993743896,-0.017275795340538025,0.19630658626556396,-0.04945749044418335,0.037982702255249023,-0.17892986536026001,-0.087276756763458252,0.44552922248840332
-0.014296635985374451,-0.027293622493743896,0.0073238909244537354,-0.13541147112846375,-0.020989090204238892,0.020027518272399902,-0.011397197842597961,0.066716760396957397,0.076055541634559631,-0.077681124210357666,0.18627177178859711,-0.092112541198730469,0.027030736207962036,0.015779793262481689,-0.070636950433254242,0.14879339933395386,0.031185626983642578,-0.010915398597717285,-0.062582090497016907,0.15120559930801392,-0.07276424765586853,0.0805092453956604,-0.15564942359924316,-0.052366480231285095,0.41771760582923889
-0.05653022974729538,-0.059686243534088135,0.042041793465614319,-0.17733600735664368,-0.026245474815368652,0.02242046594619751,-0.010062545537948608,0.081022709608078003,0.049582384526729584,-0.038568735122680664,0.19655805826187134,-0.12040740251541138,-0.029921591281890869,-0.028582215309143066,-0.11541731655597687,0.1232316792011261,0.061084538698196411,0.0095154643058776855,-0.1122126579284668,0.13519746065139771,0.010058462619781494,0.03625112771987915,-0.19330349564552307,-0.11510324478149414,0.47101140022277832
-0.036007314920425415,-0.020285427570343018,0.033943265676498413,-0.13486534357070923,-0.060356885194778442,-0.024455487728118896,-0.019391804933547974,0.033315062522888184,0.024895384907722473,-0.029886841773986816,0.16926410794258118,-0.13247251510620117,0.026279568672180176,-0.027266979217529297,-0.098022639751434326,0.083494186401367188,-0.010141313076019287,-0.073555946350097656,-0.14615696668624878,0.084533572196960449,-0.022916018962860107,0.0071719884872436523,-0.20890817046165466,-0.11932837963104248,0.43009477853775024
-0.020866304636001587,-0.034203052520751953,0.046426821500062943,-0.14741778373718262,0.014959990978240967,-0.044705510139465332,0.028316140174865723,0.013958454132080078,-0.011696211993694305,-0.02567589282989502,0.17857784032821655,-0.15555113554000854,-0.018192768096923828,0.0075253844261169434,-0.10006318241357803,0.13002890348434448,-0.040248453617095947,-0.06414109468460083,-0.16180422902107239,0.058442592620849609,-0.075162589550018311,0.059756696224212646,-0.20783333480358124,-0.14324170351028442,0.47028189897537231
-0.040834009647369385,0.037710964679718018,0.062986627221107483,-0.15044409036636353,-0.02853664755821228,-0.0045065879821777344,0.010188043117523193,0.025481522083282471,0.0080137699842453003,-0.033473730087280273,0.15942502021789551,-0.1630864143371582,-0.0079160928726196289,0.010634541511535645,-0.14571869373321533,0.16134196519851685,0.03436511754989624,0.051353543996810913,-0.15807648003101349,0.047230958938598633,-0.0017359256744384766,0.077830374240875244,-0.20260083675384521,-0.12905332446098328,0.47614777088165283
-0.080168277025222778,0.025262743234634399,0.040559068322181702,-0.11697858572006226,0.023705124855041504,0.016532957553863525,-0.036147594451904297,0.030052125453948975,-0.028332561254501343,0.016193985939025879,0.17796452343463898,-0.12968659400939941,-0.032705426216125488,0.043218672275543213,-0.16133378446102142,0.18095487356185913,0.05245894193649292,0.065327048301696777,-0.19286571443080902,0.081068575382232666,-0.039044618606567383,-0.022328704595565796,-0.2171635776758194,-0.17185217142105103,0.51595544815063477
0.058502465486526489,0.0013445913791656494,0.086142063140869141,-0.13716524839401245,0.028531402349472046,0.011112689971923828,-0.074607759714126587,0.052520751953125,-0.054523885250091553,-0.057489514350891113,0.23523122072219849,-0.1666303277015686,-0.079285740852355957,0.039637923240661621,-0.2012944221496582,0.11838579177856445,-0.042307883501052856,0.047542870044708252,-0.23774445056915283,0.090798556804656982,-0.061608970165252686,0.037525385618209839,-0.23684856295585632,-0.17720842361450195,0.59347420930862427
0.052935004234313965,-0.02206103503704071,0.11922856420278549,-0.097635984420776367,0.0031537711620330811,-0.033257126808166504,-0.039194643497467041,0.025250017642974854,-0.076294481754302979,-0.054047912359237671,0.22983294725418091,-0.11186391115188599,-0.0077873468399047852,-0.038649916648864746,-0.21855050325393677,0.14434683322906494,0.030298531055450439,0.057898387312889099,-0.18844938278198242,0.043017268180847168,-0.056743860244750977,-0.013160064816474915,-0.21403202414512634,-0.14363843202590942,0.53481680154800415
-0.050347089767456055,0.031114786863327026,0.11981412768363953,-0.1278688907623291,-0.030241072177886963,0.015224456787109375,-0.060597598552703857,0.054767608642578125,0.036609947681427002,-0.059978097677230835,0.19213776290416718,-0.081200361251831055,0.038577020168304443,0.015746742486953735,-0.20918935537338257,0.16087758541107178,-0.058566391468048096,0.034324780106544495,-0.20753389596939087,0.012592136859893799,-0.080388247966766357,-0.042662415653467178,-0.21393054723739624,-0.18355166912078857,0.54537111520767212
0.017532497644424438,-0.057588398456573486,0.093661516904830933,-0.14254629611968994,0.039953261613845825,0.024958908557891846,-0.035790324211120605,0.094249844551086426,0.05889207124710083,-0.069667458534240723,0.14324219524860382,-0.091890394687652588,0.056030988693237305,-0.042786985635757446,-0.23041635751724243,0.17800295352935791,-0.099519014358520508,0.04794127494096756,-0.22637432813644409,-0.042296171188354492,-0.0055344700813293457,0.015028893947601318,-0.20368483662605286,-0.23654299974441528,0.57884645462036133
0.032305926084518433,-0.0028527453541755676,0.069697469472885132,-0.091576635837554932,0.041581243276596069,-0.03268095850944519,0.0013740658760070801,0.090784907341003418,0.0068884342908859253,0.031019240617752075,0.10634031891822815,-0.11869573593139648,0.090503096580505371,-0.07643473893404007,-0.28263503313064575,0.20569485425949097,-0.082126915454864502,0.058602325618267059,-0.25793039798736572,-0.017233848571777344,0.019019722938537598,-0.011940568685531616,-0.18872261047363281,-0.22169691324234009,0.59181368350982666
-0.035042673349380493,-0.029514417052268982,0.049469441175460815,-0.11310964822769165,-0.0050805360078811646,-0.0016129761934280396,0.024678945541381836,0.093759059906005859,0.017663523554801941,-0.046192340552806854,0.10708186030387878,-0.16219472885131836,0.035505235195159912,0.027089845389127731,-0.34530526399612427,0.23329681158065796,-0.093049481511116028,-0.019944459199905396,-0.22924411296844482,-0.071070611476898193,-0.045020729303359985,-0.058514982461929321,-0.21865618228912354,-0.24772846698760986,0.65110361576080322
-0.010555356740951538,0.015925973653793335,0.040212124586105347,-0.067266583442687988,-0.037072353065013885,-0.050267018377780914,0.0013582706451416016,0.089919686317443848,0.02208314836025238,-0.07162301242351532,0.15874537825584412,-0.12363791465759277,0.011405825614929199,-0.0053555220365524292,-0.34945428371429443,0.18336433172225952,-0.04898439347743988,-0.050219982862472534,-0.21691972017288208,-0.047926187515258789,0.0094106495380401611,-0.034147381782531738,-0.23900604248046875,-0.2088254988193512,0.61380624771118164
-0.065180286765098572,0.060969024896621704,0.0081756711006164551,-0.091798007488250732,-0.058099709451198578,-0.024529645219445229,0.0072254538536071777,0.10893899202346802,-0.043930649757385254,-0.053611889481544495,0.14008027315139771,-0.12333875894546509,0.017899215221405029,-0.018783122301101685,-0.3863864541053772,0.13861680030822754,-0.065207265317440033,-0.061599314212799072,-0.25504815578460693,-0.090888917446136475,-0.058144062757492065,-0.067335695028305054,-0.19052469730377197,-0.18406486511230469,0.63295274972915649
0.0074109882116317749,0.072412252426147461,0.057433068752288818,-0.099566400051116943,0.044537216424942017,-0.018604915589094162,0.03709566593170166,0.13420200347900391,0.05682012066245079,0.028955399990081787,0.17994001507759094,-0.15974754095077515,0.062618643045425415,-0.071792110800743103,-0.41087234020233154,0.11618876457214355,-0.043923132121562958,0.062643200159072876,-0.20332890748977661,-0.1055067777633667,0.0048727989196777344,0.016812443733215332,-0.15381526947021484,-0.18004170060157776,0.63897609710693359
0.043630864471197128,-0.032525002956390381,0.024909257888793945,-0.11709141731262207,0.0081023126840591431,-0.0074234306812286377,0.025559544563293457,0.10196399688720703,0.052990037947893143,-0.0099373459815979004,0.17291665077209473,-0.14797639846801758,-0.03852863609790802,0.0018439292907714844,-0.38747453689575195,0.14733564853668213,0.036333739757537842,0.068692624568939209,-0.14470434188842773,-0.15173232555389404,0.0085484087467193604,0.07825934886932373,-0.108501136302948,-0.20571072399616241,0.60562944412231445
0.0048389285802841187,-0.0092251300811767578,0.0042483806610107422,-0.13973912596702576,-0.029328733682632446,-0.018370538949966431,-0.0039534568786621094,0.084922075271606445,0.041436061263084412,0.0588340163230896,0.1279558539390564,-0.10605394840240479,0.016766048967838287,0.016772210597991943,-0.40658688545227051,0.16999614238739014,-0.035913571715354919,-0.049145638942718506,-0.17896664142608643,-0.1703636646270752,-0.062449350953102112,0.033360302448272705,-0.055323898792266846,-0.24539570510387421,0.62345945835113525
-0.0014805048704147339,-0.013455063104629517,-0.011858701705932617,-0.089479446411132812,0.05268821120262146,-0.003024369478225708,-0.044010698795318604,0.079032719135284424,0.031917259097099304,0.094997704029083252,0.12397885322570801,-0.055595040321350098,-0.023964032530784607,0.057793498039245605,-0.44738340377807617,0.10740874707698822,-0.017621487379074097,0.030199885368347168,-0.12507206201553345,-0.19539168477058411,0.014039907604455948,0.075976371765136719,-0.010885179042816162,-0.26919552683830261,0.63008272647857666
0.039825201034545898,-0.0095136761665344238,0.029164671897888184,-0.11076883971691132,-0.045510828495025635,-0.049494028091430664,-0.093103766441345215,0.067776799201965332,0.021247535943984985,0.04104304313659668,0.082927525043487549,-0.010983943939208984,-0.061750084161758423,0.04093623161315918,-0.40229535102844238,0.10309816151857376,0.040325701236724854,-0.035966455936431885,-0.15713536739349365,-0.17476576566696167,0.020030297338962555,-0.046075701713562012,0.0032244324684143066,-0.22609484195709229,0.57574367523193359
0.073708340525627136,0.031859397888183594,0.074206292629241943,-0.15677300095558167,-0.050297021865844727,0.062279015779495239,-0.070310413837432861,0.045960545539855957,-0.043918699026107788,-0.056476891040802002,0.1252295970916748,0.021961003541946411,-0.09696611762046814,-0.015668213367462158,-0.44056403636932373,0.057735592126846313,0.045663386583328247,-0.020153999328613281,-0.13489121198654175,-0.17092594504356384,-0.019708305597305298,0.0045101642608642578,0.020284771919250488,-0.26234778761863708,0.6307988166809082
0.020642995834350586,-0.037962973117828369,0.077126801013946533,-0.12606564164161682,-0.081694245338439941,-0.0018700510263442993,-0.092835545539855957,-0.009925156831741333,0.024606198072433472,-0.004503786563873291,0.12650200724601746,0.00086820125579833984,-0.11231374740600586,0.060377448797225952,-0.44155997037887573,-0.007513292133808136,0.071042150259017944,-0.021600067615509033,-0.16025668382644653,-0.19596767425537109,-0.038604050874710083,-0.059730291366577148,0.0057896971702575684,-0.26972362399101257,0.64378952980041504
0.070257365703582764,0.029671669006347656,0.10034066438674927,-0.14895170927047729,-0.006951451301574707,0.066526457667350769,-0.11713612079620361,0.01662638783454895,0.035417318344116211,-0.0066455602645874023,0.13416755199432373,-0.04070223867893219,-0.068177103996276855,0.063408136367797852,-0.45633244514465332,-0.060378968715667725,0.05621790885925293,-0.0286141037940979,-0.18474686145782471,-0.22662198543548584,-0.014515817165374756,0.010439157485961914,0.00056040287017822266,-0.30471876263618469,0.69332116842269897
0.038187682628631592,-0.064794778823852539,0.073876231908798218,-0.13177779316902161,-0.039449989795684814,0.036202952265739441,-0.14650464057922363,0.036099553108215332,0.07947242259979248,-0.024098396301269531,0.15478405356407166,-0.04753422737121582,-0.09647524356842041,-0.052505671977996826,-0.48758375644683838,-0.086874961853027344,-0.050272107124328613,-0.006207585334777832,-0.13471555709838867,-0.19951850175857544,0.050961673259735107,0.057118147611618042,0.025342583656311035,-0.29580861330032349,0.70647257566452026
0.0067636966705322266,-0.089623481035232544,0.030103623867034912,-0.10821516811847687,-0.04552072286605835,-0.021794863045215607,-0.13175040483474731,0.028236374258995056,0.025499165058135986,-0.050340950489044189,0.15214672684669495,-0.032291620969772339,-0.010231137275695801,-0.059339046478271484,-0.50935345888137817,-0.092130064964294434,0.0059993267059326172,-0.088938623666763306,-0.14309543371200562,-0.22072206437587738,-0.049535870552062988,0.014832526445388794,0.016238749027252197,-0.31296426057815552,0.71996718645095825
-0.048619508743286133,-0.015295177698135376,0.030628859996795654,-0.12103922665119171,-0.027048230171203613,-0.0055702477693557739,-0.083345264196395874,0.065065458416938782,-0.034538328647613525,-0.034228742122650146,0.12784621119499207,-0.038567528128623962,-0.075442314147949219,-0.078316986560821533,-0.4542391300201416,-0.065550744533538818,0.058291196823120117,0.0011452436447143555,-0.090397924184799194,-0.21393910050392151,-0.019344806671142578,-0.022619277238845825,0.076420307159423828,-0.30250528454780579,0.65448993444442749
0.012041211128234863,-0.0010477602481842041,-0.0034917443990707397,-0.11635638773441315,-0.010662198066711426,0.00048577785491943359,-0.12150421738624573,0.081253454089164734,0.055755078792572021,0.051549971103668213,0.11050094664096832,0.0050605088472366333,0.016897380352020264,0.020540371537208557,-0.45493733882904053,-0.12863689661026001,-0.045762896537780762,0.023767322301864624,-0.059871107339859009,-0.18030092120170593,0.044255554676055908,-0.0058407634496688843,0.062217622995376587,-0.31570294499397278,0.64937317371368408
-0.038454353809356689,0.043770283460617065,0.008076399564743042,-0.095038920640945435,-0.035019516944885254,-0.02872546948492527,-0.095834970474243164,0.042863573879003525,-0.015520453453063965,0.058158814907073975,0.085704788565635681,-0.0066719949245452881,-0.057131052017211914,0.018456414341926575,-0.49701622128486633,-0.18809467554092407,-0.066056966781616211,0.042125403881072998,-0.063627779483795166,-0.20667627453804016,-0.0084809064865112305,0.027913287281990051,0.10234203934669495,-0.26350057125091553,0.67546063661575317
0.024190902709960938,0.017114698886871338,-0.032384004443883896,-0.049573779106140137,-0.021391987800598145,0.065067112445831299,-0.12327815592288971,0.068715065717697144,-0.01098024845123291,-0.016984522342681885,0.12611734867095947,-0.02817121148109436,0.010224401950836182,0.025910366326570511,-0.47676199674606323,-0.25709101557731628,-0.0092158317565917969,-0.014361932873725891,-0.054268822073936462,-0.25496476888656616,-0.012395977973937988,0.070764869451522827,0.15463118255138397,-0.2697487473487854,0.71439254283905029
0.049037694931030273,-0.038615107536315918,-0.065418437123298645,-0.012182712554931641,0.01097416877746582,0.074797123670578003,-0.16052529215812683,0.057353068143129349,0.035171329975128174,0.02225300669670105,0.13296432793140411,-0.029151067137718201,-0.047054946422576904,-0.049863114953041077,-0.49132212996482849,-0.24282193183898926,0.051819920539855957,0.02771184965968132,-0.084170222282409668,-0.28424453735351562,0.07229304313659668,-0.066283337771892548,0.21464088559150696,-0.27793794870376587,0.76986455917358398
-0.027362227439880371,-0.015962183475494385,-0.025834217667579651,-0.034315526485443115,0.025397419929504395,0.071188978850841522,-0.17202861607074738,0.0039213476702570915,-0.024203956127166748,0.0084791779518127441,0.17154408991336823,-0.060659468173980713,-0.03254091739654541,-0.065882861614227295,-0.50652039051055908,-0.21892833709716797,-0.015538573265075684,0.066321969032287598,-0.10827043652534485,-0.25006502866744995,-0.026372432708740234,0.0042158216238021851,0.19525371491909027,-0.2663419246673584,0.75531291961669922
-0.075134813785552979,0.052891682833433151,-0.036778390407562256,-0.077075839042663574,-0.051159381866455078,-0.02115960419178009,-0.19451233744621277,-0.025557858869433403,0.0017465353012084961,-0.024455159902572632,0.21432112157344818,-0.017785638570785522,-0.018600940704345703,-0.079527497291564941,-0.45012259483337402,-0.26595857739448547,-0.073685407638549805,0.0044828802347183228,-0.054224252700805664,-0.252034991979599,-0.045235157012939453,0.057897850871086121,0.23724597692489624,-0.24159318208694458,0.75902444124221802
-0.06627810001373291,0.048703774809837341,-0.068156182765960693,-0.044618070125579834,0.03420102596282959,-0.084621980786323547,-0.16393277049064636,0.0017824359238147736,0.079541623592376709,0.050381898880004883,0.1946391761302948,-0.025619447231292725,-0.01121675968170166,-0.0068238973617553711,-0.4180482029914856,-0.25654891133308411,0.0094354748725891113,0.026461973786354065,-0.042672663927078247,-0.24521207809448242,-0.060218453407287598,-0.047308057546615601,0.23525223135948181,-0.22701364755630493,0.71571707725524902
-0.081687390804290771,0.066804602742195129,-0.020300805568695068,-0.070920705795288086,0.015081226825714111,-0.023141756653785706,-0.20944124460220337,-0.0057188123464584351,-0.0098610520362854004,0.038783952593803406,0.14352744817733765,-0.06467127799987793,-0.053561508655548096,0.038335710763931274,-0.37418770790100098,-0.25470948219299316,-0.016008257865905762,0.034263759851455688,-0.028862178325653076,-0.21850726008415222,0.025209784507751465,0.03003421425819397,0.28076267242431641,-0.19925773143768311,0.68332445621490479
-0.076043546199798584,-0.036177337169647217,-0.027808606624603271,-0.11193075776100159,-0.064148902893066406,-0.0033089220523834229,-0.16172832250595093,0.023777961730957031,-0.011921226978302002,0.042699523270130157,0.12667864561080933,-0.053897887468338013,-0.058930099010467529,0.055668532848358154,-0.39610099792480469,-0.28807136416435242,-0.04946523904800415,0.02642822265625,-0.023532330989837646,-0.21321555972099304,-0.0048698186874389648,0.023449897766113281,0.2986355721950531,-0.14527812600135803,0.69183367490768433
-0.044170379638671875,-0.041456684470176697,-0.02383577823638916,-0.11069633066654205,0.014785051345825195,-0.051596611738204956,-0.1640130877494812,0.021751001477241516,-0.025179207324981689,0.048167809844017029,0.10752773284912109,-0.020028859376907349,0.00087285041809082031,0.059387445449829102,-0.42154061794281006,-0.34048536419868469,-0.019267618656158447,-0.076580941677093506,0.0025659799575805664,-0.21478942036628723,0.0044361352920532227,0.047923386096954346,0.28455591201782227,-0.12160313129425049,0.71363174915313721
-0.017855465412139893,0.056961670517921448,-0.010295391082763672,-0.073699265718460083,-0.011115431785583496,0.049934446811676025,-0.20121598243713379,-0.012922763824462891,0.029076099395751953,-0.053130127489566803,0.077167093753814697,-0.067164346575737,0.032025307416915894,-0.013471543788909912,-0.35406613349914551,-0.36930090188980103,-0.067585170269012451,0.014719873666763306,0.017677843570709229,-0.20196434855461121,0.065474748611450195,0.033535599708557129,0.26820707321166992,-0.15631109476089478,0.69074332714080811
-0.08397260308265686,0.089593008160591125,-0.011961638927459717,-0.11992063373327255,-0.037342548370361328,-0.044291198253631592,-0.15276408195495605,0.0096022188663482666,-0.041363179683685303,-0.082516640424728394,0.089643418788909912,-0.012062564492225647,0.014511734247207642,-0.05734175443649292,-0.36499601602554321,-0.3826654851436615,-0.0049855709075927734,0.00061595439910888672,0.053909838199615479,-0.24890606105327606,-0.0020987391471862793,-0.023489773273468018,0.28435832262039185,-0.11026954650878906,0.71742838621139526
-0.093283474445343018,-0.039123356342315674,0.046726107597351074,-0.087085559964179993,-0.045770645141601562,0.041851937770843506,-0.13366276025772095,-0.020732074975967407,-0.045533359050750732,-0.0070212036371231079,0.14372777938842773,-0.0072805583477020264,-0.076916038990020752,-0.064521193504333496,-0.393206387758255,-0.40718114376068115,-0.022467821836471558,-0.058125913143157959,0.042297005653381348,-0.24830377101898193,0.036935806274414062,-0.013606667518615723,0.27055954933166504,-0.057071354240179062,0.73538970947265625
-0.00026763230562210083,-0.051331639289855957,0.049564123153686523,-0.074294000864028931,0.001325070858001709,0.03194621205329895,-0.12935566902160645,0.017212927341461182,-0.074261963367462158,0.065570801496505737,0.15873032808303833,-0.021948732435703278,0.0015489161014556885,-0.068330287933349609,-0.3820895254611969,-0.43801820278167725,-0.068182438611984253,-0.014426112174987793,0.021362483501434326,-0.20330581068992615,0.043585002422332764,0.027681052684783936,0.29238533973693848,-0.084844097495079041,0.74072808027267456
0.018720787018537521,0.0079834163188934326,0.027723789215087891,-0.045258555561304092,0.061939716339111328,0.045786261558532715,-0.12545037269592285,0.013205856084823608,-0.079594999551773071,0.041351437568664551,0.15002143383026123,0.028594333678483963,-0.035480935126543045,-0.077091693878173828,-0.34319382905960083,-0.44341117143630981,-0.0090464577078819275,-0.072082400321960449,0.039628744125366211,-0.22943858802318573,-0.024945259094238281,-0.055406093597412109,0.2942015528678894,-0.070147484540939331,0.72986346483230591
-0.065847516059875488,-0.00026798248291015625,0.040028691291809082,-0.041743353009223938,-0.043076276779174805,0.018647953867912292,-0.14559954404830933,0.00055074691772460938,-0.010070383548736572,-0.030063241720199585,0.15631961822509766,0.037981286644935608,-0.071334540843963623,-0.045123755931854248,-0.32213926315307617,-0.46364068984985352,0.050749555230140686,0.057790517807006836,0.094517290592193604,-0.22319082915782928,0.0048109889030456543,0.068630635738372803,0.26340997219085693,-0.064812928438186646,0.72581690549850464
-0.033110916614532471,0.036618560552597046,0.085039973258972168,-0.088739886879920959,-0.096558645367622375,-0.042320191860198975,-0.12685930728912354,0.0029304027557373047,-0.0062952935695648193,-0.073806077241897583,0.1846318244934082,0.029036581516265869,0.014821514487266541,-0.051230192184448242,-0.27170455455780029,-0.51380860805511475,-0.0096734166145324707,-0.064073324203491211,0.10642772912979126,-0.17687499523162842,-0.050515986979007721,0.082952201366424561,0.28194868564605713,-0.038703441619873047,0.75038832426071167
-0.057524800300598145,-0.033626288175582886,0.060525059700012207,-0.093767225742340088,-0.081288740038871765,-0.085583649575710297,-0.075837075710296631,0.0077039003372192383,-0.0082439333200454712,-0.0052301883697509766,0.2021334171295166,0.080230355262756348,-0.022917091846466064,-0.054438769817352295,-0.22210454940795898,-0.48003232479095459,0.055339604616165161,0.058031350374221802,0.10434287786483765,-0.19913217425346375,-0.020591765642166138,-0.040527164936065674,0.28731507062911987,-0.068091988563537598,0.71659117937088013
0.026693642139434814,-0.086985677480697632,0.022677898406982422,-0.087354421615600586,-0.015186494216322899,-0.047912962734699249,-0.0582314133644104,0.035836398601531982,0.0045079290866851807,-0.050581187009811401,0.21035009622573853,0.076603829860687256,0.017804712057113647,-0.040166229009628296,-0.1637917160987854,-0.5002361536026001,0.043926239013671875,0.02083238959312439,0.062521159648895264,-0.23768553137779236,0.0045147538185119629,0.043124198913574219,0.27143239974975586,-0.013303816318511963,0.70271855592727661
0.016434699296951294,-0.0048831552267074585,0.048527061939239502,-0.099432617425918579,0.027835018932819366,-0.040516473352909088,-0.041311800479888916,0.077896952629089355,-0.059171915054321289,-0.022439062595367432,0.24649322032928467,0.12429073452949524,0.028439342975616455,-0.039581835269927979,-0.17978888750076294,-0.45257526636123657,0.044022858142852783,-0.077888458967208862,0.11558371782302856,-0.26104855537414551,0.049801766872406006,0.0055579543113708496,0.27785027027130127,-0.0017693638801574707,0.715323805809021
0.0049192309379577637,0.057240694761276245,0.080270290374755859,-0.11260992288589478,-0.054922387003898621,-0.022591739892959595,-0.0041871070861816406,0.06053239107131958,-0.0091724991798400879,0.0019229352474212646,0.20934975147247314,0.17445969581604004,-0.039801716804504395,0.026973739266395569,-0.20524236559867859,-0.43184995651245117,0.0037996172904968262,0.0205649733543396,0.1609768271446228,-0.28342932462692261,0.027231216430664062,-0.034791707992553711,0.29422038793563843,0.051227092742919922,0.72989064455032349
-0.045207560062408447,0.0063772741705179214,0.066374838352203369,-0.11564528942108154,-0.0053024590015411377,0.021770685911178589,0.013758718967437744,0.074260056018829346,-0.013065159320831299,-0.053020954132080078,0.19887584447860718,0.18096384406089783,0.0039806365966796875,-0.01393049955368042,-0.14921748638153076,-0.45182809233665466,-0.068116068840026855,-0.00034828484058380127,0.20360946655273438,-0.29308754205703735,-0.026161909103393555,0.057914793491363525,0.28123068809509277,0.070618152618408203,0.74033021926879883
0.034388482570648193,-0.04894450306892395,0.033568620681762695,-0.069136977195739746,0.050012141466140747,-0.017674446105957031,0.059358596801757812,0.03965151309967041,0.026630192995071411,-0.077565968036651611,0.1615760326385498,0.21191847324371338,0.059379637241363525,-0.075917109847068787,-0.16631096601486206,-0.40959721803665161,0.018760442733764648,0.022362980991601944,0.18578615784645081,-0.25638115406036377,-0.032944977283477783,0.046697527170181274,0.3093184232711792,0.10951972007751465,0.71546697616577148
-0.044114828109741211,-0.024967692792415619,0.079684317111968994,-0.10488063097000122,-0.0050598978996276855,-0.04010319709777832,0.053477585315704346,0.047518670558929443,0.029778540134429932,-0.057007730007171631,0.13920915126800537,0.26143458485603333,0.043055117130279541,-0.10635635256767273,-0.1899963915348053,-0.41608908772468567,-0.061067461967468262,0.0082236379384994507,0.18125538527965546,-0.22017693519592285,-0.01296234130859375,-0.072205618023872375,0.30185657739639282,0.14315676689147949,0.73691928386688232
-0.027913987636566162,0.021322339773178101,0.092933773994445801,-0.057356476783752441,0.055103123188018799,-0.080563008785247803,0.079348117113113403,0.016884505748748779,0.0066010355949401855,-0.0023652166128158569,0.12904095649719238,0.26660692691802979,-0.0085106492042541504,0.0076965093612670898,-0.14656497538089752,-0.45409345626831055,0.02245938777923584,-0.027969688177108765,0.2253214418888092,-0.22989672422409058,-0.012096881866455078,-0.083879157900810242,0.31547296047210693,0.18104875087738037,0.76762944459915161
0.01944965124130249,0.038479462265968323,0.092330560088157654,-0.008977055549621582,-0.047025978565216064,-0.035033702850341797,0.086692154407501221,0.032651245594024658,0.066125988960266113,0.013644173741340637,0.1157563328742981,0.23075217008590698,-0.017448157072067261,0.032659620046615601,-0.083401046693325043,-0.41682761907577515,-0.039579272270202637,0.047081679105758667,0.27302190661430359,-0.22270256280899048,-0.03653639554977417,-0.015380337834358215,0.2892143726348877,0.16734576225280762,0.71896004676818848
0.03989177942276001,-0.042838841676712036,0.08670806884765625,-0.036258280277252197,-0.055436581373214722,-0.025895118713378906,0.12553045153617859,0.06153404712677002,0.080381512641906738,0.025153830647468567,0.057032555341720581,0.23252743482589722,-0.068767398595809937,0.06135249137878418,-0.10174167156219482,-0.46692347526550293,-0.032738149166107178,0.016668558120727539,0.28922075033187866,-0.23745054006576538,0.042352139949798584,-0.045364946126937866,0.29716670513153076,0.20162570476531982,0.78167694807052612
0.059942901134490967,0.039742946624755859,0.11168141663074493,-0.037319540977478027,0.024511158466339111,0.070815145969390869,0.099045127630233765,0.039246082305908203,-0.029007375240325928,0.024251371622085571,0.024003773927688599,0.23980051279067993,-0.078211396932601929,0.021398782730102539,-0.11984401941299438,-0.45398318767547607,0.057058274745941162,-0.050701498985290527,0.34757465124130249,-0.23341292142868042,-0.031837403774261475,0.043699800968170166,0.3261694610118866,0.26556968688964844,0.82674378156661987
0.044903457164764404,0.026942402124404907,0.10915650427341461,-0.032430052757263184,0.027104020118713379,-0.026833534240722656,0.051529712975025177,-0.0026988983154296875,0.019899964332580566,0.01556667685508728,-0.02260260283946991,0.26454287767410278,-0.091614037752151489,-0.0095041990280151367,-0.072861060500144958,-0.48389005661010742,0.023039758205413818,-0.058521449565887451,0.33862209320068359,-0.17515736818313599,-0.035137832164764404,0.050910830497741699,0.30974584817886353,0.28640568256378174,0.81853413581848145
-0.013382434844970703,-0.064401090145111084,0.13223142921924591,-0.0062687993049621582,-0.012983039021492004,-0.036786377429962158,0.018307115882635117,0.001400291919708252,-0.044898688793182373,0.033260881900787354,-0.055043339729309082,0.24344509840011597,-0.016013264656066895,-0.029854834079742432,-0.0076248049736022949,-0.44262278079986572,-0.056978046894073486,0.0027142167091369629,0.36193040013313293,-0.17745158076286316,0.022639811038970947,-0.012956619262695312,0.27690392732620239,0.33585834503173828,0.80133754014968872
0.0301322340965271,-0.0083212852478027344,0.13658767938613892,0.026919752359390259,-0.012804567813873291,-0.034243941307067871,-0.0060430243611335754,-0.018624871969223022,-0.074445843696594238,0.067816555500030518,-0.060061696916818619,0.19966185092926025,-0.00082671642303466797,0.027213573455810547,0.035281091928482056,-0.44953757524490356,0.01344221830368042,0.04493868350982666,0.35145983099937439,-0.20066675543785095,0.014335930347442627,0.083713531494140625,0.23027610778808594,0.30654442310333252,0.77457278966903687
0.078855037689208984,-0.042804121971130371,0.12585878372192383,0.0028685033321380615,-0.061123184859752655,0.034945368766784668,-0.031553320586681366,0.015838384628295898,-0.064495980739593506,-0.032509148120880127,-0.076007425785064697,0.18974465131759644,0.058408468961715698,0.067871570587158203,0.052589088678359985,-0.43367853760719299,-0.051704227924346924,0.050049424171447754,0.33517381548881531,-0.22901327908039093,-0.0061659812927246094,-0.043527424335479736,0.18561381101608276,0.30393344163894653,0.75808161497116089
0.057599127292633057,-0.065276920795440674,0.079850673675537109,0.014443099498748779,0.054523855447769165,-0.011177718639373779,0.0070061534643173218,-0.02153053879737854,-0.060658514499664307,0.011128902435302734,-0.043084189295768738,0.20619836449623108,0.01356254518032074,0.011594474315643311,0.03070792555809021,-0.44959276914596558,0.038181602954864502,0.029595851898193359,0.36736637353897095,-0.19113942980766296,-0.060669690370559692,0.055733919143676758,0.20369118452072144,0.30796468257904053,0.7656969428062439
0.078360587358474731,-0.076016426086425781,0.069447696208953857,0.071102015674114227,0.077910244464874268,-0.052063405513763428,0.0014557391405105591,-0.060849778354167938,0.005008697509765625,-0.039844870567321777,-0.0052696764469146729,0.17213737964630127,-0.044606760144233704,-0.060720920562744141,0.019316017627716064,-0.41073387861251831,0.091114208102226257,-0.019636034965515137,0.33026319742202759,-0.21677058935165405,-0.059589728713035583,0.013565421104431152,0.16577374935150146,0.30031690001487732,0.72557806968688965
0.07299494743347168,-0.06086200475692749,0.042060613632202148,0.086881697177886963,0.034347184002399445,-0.074201405048370361,-0.0042544081807136536,-0.05995679646730423,-0.06618952751159668,0.013705968856811523,-0.023250043392181396,0.16079235076904297,-0.05405866727232933,-0.038562536239624023,0.057513594627380371,-0.3945465087890625,-0.014299537986516953,-0.080230116844177246,0.2810218334197998,-0.17528125643730164,-0.01110207661986351,-0.00032567977905273438,0.13442808389663696,0.30238166451454163,0.6700473427772522
0.05493810772895813,-0.074023008346557617,0.023078322410583496,0.092072814702987671,0.020091235637664795,-0.029393315315246582,-0.0013993158936500549,-0.089889682829380035,-0.072454750537872314,0.039172887802124023,-0.0086517333984375,0.14094017446041107,-0.04184383898973465,-0.0022864341735839844,0.092068701982498169,-0.39940494298934937,-0.009046018123626709,0.037623882293701172,0.33900302648544312,-0.19373901188373566,0.050386607646942139,0.058152318000793457,0.071240007877349854,0.30766797065734863,0.69494462013244629
0.045935995876789093,-0.079903841018676758,-0.018394172191619873,0.081621289253234863,-0.034925103187561035,0.043132483959197998,0.011504620313644409,-0.047506652772426605,0.00096438825130462646,0.054431915283203125,-0.039439558982849121,0.16069114208221436,-0.0010468810796737671,0.042334556579589844,0.1225382387638092,-0.42305320501327515,-0.054061353206634521,-0.0078889131546020508,0.30687463283538818,-0.19033592939376831,0.018509149551391602,0.035697460174560547,0.022221267223358154,0.31390661001205444,0.69362890720367432
0.053093612194061279,-0.075516998767852783,-0.062515139579772949,0.11514249444007874,0.013597041368484497,0.064897298812866211,0.064082980155944824,-0.089868590235710144,-0.0087494999170303345,-0.027839422225952148,-0.079601168632507324,0.18059650063514709,0.060261115431785583,0.053831219673156738,0.17564776539802551,-0.46787449717521667,0.0051918327808380127,-0.0034173727035522461,0.30934825539588928,-0.18483328819274902,0.043708741664886475,-0.0047135353088378906,-0.02221524715423584,0.30769884586334229,0.75190508365631104
0.080897688865661621,0.0058475732803344727,-0.11267423629760742,0.11514383554458618,0.071671217679977417,0.0078577399253845215,0.088652223348617554,-0.10225540399551392,-0.068154841661453247,0.027000665664672852,-0.055439144372940063,0.12915895879268646,-0.019727617502212524,-0.054757297039031982,0.22814664244651794,-0.43469512462615967,0.0042135119438171387,-0.043431997299194336,0.31579917669296265,-0.18279623985290527,-0.023931533098220825,-0.023267149925231934,-0.074309051036834717,0.25631964206695557,0.73003929853439331
0.013478994369506836,-0.028513789176940918,-0.092595309019088745,0.072254657745361328,0.034811139106750488,0.0035478472709655762,0.05136563628911972,-0.11300644278526306,-0.069076046347618103,0.047283411026000977,-0.041654586791992188,0.1405087411403656,0.075187772512435913,0.021001815795898438,0.25992241501808167,-0.45407336950302124,-0.02450484037399292,-0.0084266066551208496,0.30948597192764282,-0.14025801420211792,-0.078292191028594971,-0.023563385009765625,-0.041095316410064697,0.2052689790725708,0.71160292625427246
-0.013718396425247192,0.03530585765838623,-0.10628807544708252,0.048149645328521729,0.060614138841629028,-0.022121667861938477,0.096988879144191742,-0.15380251407623291,-0.054625406861305237,-0.0040718317031860352,-0.050534099340438843,0.085050404071807861,-0.024501323699951172,0.044521749019622803,0.30773520469665527,-0.39649432897567749,-0.001338958740234375,0.03973078727722168,0.35068964958190918,-0.15340572595596313,-0.047147095203399658,0.017281055450439453,-0.0052562355995178223,0.16514205932617188,0.70531737804412842
-0.055273443460464478,0.040657162666320801,-0.13037857413291931,0.082633852958679199,-0.039379358291625977,0.037473738193511963,0.1281898021697998,-0.1813768744468689,0.022302031517028809,0.016950726509094238,-0.067138493061065674,0.12184858322143555,0.033717632293701172,0.023912012577056885,0.30818396806716919,-0.43089538812637329,-0.050331354141235352,0.014972209930419922,0.3730512261390686,-0.1445268988609314,0.019628405570983887,0.038830280303955078,-0.050371825695037842,0.11889088153839111,0.7514616847038269
-0.069040417671203613,-0.018813610076904297,-0.11576047539710999,0.054889082908630371,-0.021854400634765625,-0.0089781284332275391,0.1154581606388092,-0.19450601935386658,0.014993280172348022,-0.038036048412322998,-0.089121416211128235,0.13982188701629639,0.077029049396514893,-0.0015947818756103516,0.27454525232315063,-0.42886769771575928,-0.041766643524169922,0.064166903495788574,0.33409237861633301,-0.12027156352996826,-0.036140978336334229,0.056326687335968018,-0.064352720975875854,0.077148199081420898,0.7170599102973938
-0.08154645562171936,-0.0091685056686401367,-0.077581584453582764,0.055552780628204346,-0.014555156230926514,0.028219550848007202,0.12911878526210785,-0.14849835634231567,-0.037198305130004883,0.033884644508361816,-0.12749633193016052,0.16235780715942383,-0.0043153166770935059,0.018712520599365234,0.33528596162796021,-0.37208735942840576,0.038690686225891113,0.0043584704399108887,0.35806381702423096,-0.065753936767578125,-0.094084262847900391,0.035215079784393311,-0.015129208564758301,0.047998130321502686,0.70613455772399902
0.038775056600570679,-0.040698349475860596,-0.04142431914806366,0.031342089176177979,-0.051049709320068359,-0.05138164758682251,0.1665063202381134,-0.14460614323616028,-0.028361529111862183,-0.044241547584533691,-0.17361952364444733,0.17017239332199097,0.0279693603515625,0.030344188213348389,0.37164270877838135,-0.32020461559295654,0.094266772270202637,-0.041678756475448608,0.34186980128288269,-0.065172910690307617,-0.063508152961730957,0.07091069221496582,-0.011615395545959473,-0.0011420249938964844,0.71056294441223145
0.086218774318695068,0.029237449169158936,-0.038776662200689316,0.042277932167053223,0.0086678266525268555,0.021880209445953369,0.1592196524143219,-0.14971768856048584,-0.074233651161193848,0.019614160060882568,-0.1960161030292511,0.19550025463104248,0.058417916297912598,-0.041618302464485168,0.35890278220176697,-0.2846837043762207,0.047845602035522461,0.064528420567512512,0.30592727661132812,-0.084405064582824707,-0.04364544153213501,0.082191884517669678,0.0091416090726852417,0.017528951168060303,0.6882285475730896
0.068400084972381592,0.016715390607714653,-0.025460977107286453,0.082676887512207031,-0.009377598762512207,-0.052686542272567749,0.1197739839553833,-0.16564971208572388,0.0066030919551849365,-0.040179729461669922,-0.18233336508274078,0.20141804218292236,0.11190158128738403,-0.07150605320930481,0.3930896520614624,-0.24716269969940186,-0.035408854484558105,-0.0086672455072402954,0.33388587832450867,-0.12371826171875,0.00097543001174926758,-0.0052679181098937988,-0.019439943134784698,-0.0050542950630187988,0.70310372114181519
0.051955640316009521,0.041597351431846619,-0.073687188327312469,0.055420041084289551,0.01392972469329834,-0.01535855233669281,0.1744874119758606,-0.10575407743453979,-0.050204694271087646,-0.055958330631256104,-0.21656632423400879,0.14761483669281006,0.09766995906829834,0.033524908125400543,0.35814058780670166,-0.24884474277496338,0.02885746955871582,-0.0035378634929656982,0.34945565462112427,-0.14512085914611816,-0.0049064755439758301,0.018582046031951904,-0.06760232150554657,0.014273643493652344,0.69235330820083618
-0.030027151107788086,0.066465765237808228,-0.11700671911239624,0.04393237829208374,0.052281856536865234,-0.069114714860916138,0.22638380527496338,-0.081274449825286865,-0.021427690982818604,0.00027045607566833496,-0.22140759229660034,0.16728639602661133,-0.024733126163482666,-0.018471449613571167,0.32831829786300659,-0.19137263298034668,-0.049074113368988037,-0.049568533897399902,0.38462406396865845,-0.1396557092666626,-0.024332225322723389,0.02947678230702877,-0.076664358377456665,-0.00030124187469482422,0.69913023710250854
0.054683864116668701,0.046181082725524902,-0.1073412299156189,0.071059465408325195,-0.044268280267715454,-0.047337736934423447,0.21587926149368286,-0.021055877208709717,0.054155528545379639,0.050924286246299744,-0.23949730396270752,0.19655287265777588,0.03941500186920166,0.035218179225921631,0.38214260339736938,-0.16633421182632446,-0.017103612422943115,0.032829880714416504,0.34851723909378052,-0.12730139493942261,-0.055731654167175293,0.033510893583297729,-0.093645751476287842,0.00015890598297119141,0.70922011137008667
-0.0033737421035766602,-0.0018530786037445068,-0.090500801801681519,0.080842256546020508,0.0027818977832794189,-0.07638482004404068,0.18531054258346558,0.02196800708770752,0.014604449272155762,-0.025335803627967834,-0.22979211807250977,0.14603316783905029,-0.032659769058227539,0.040218144655227661,0.38173943758010864,-0.15259349346160889,-0.069724142551422119,-0.013827025890350342,0.35752630233764648,-0.14891684055328369,0.03492969274520874,-0.074800759553909302,-0.084486126899719238,0.017675220966339111,0.68658894300460815
0.044488757848739624,0.038209140300750732,-0.10796624422073364,0.097824335098266602,-0.042502701282501221,-0.033844385296106339,0.14205300807952881,0.032752633094787598,-0.0067277252674102783,-0.051394641399383545,-0.27454084157943726,0.1859588623046875,0.01523292064666748,0.045970439910888672,0.41942012310028076,-0.12538158893585205,-0.041316241025924683,-0.0076379776000976562,0.39345288276672363,-0.1153302788734436,0.011212348937988281,-0.012937575578689575,-0.13060790300369263,-0.00025391578674316406,0.73668956756591797
0.014368176460266113,-0.0082563161849975586,-0.12901276350021362,0.12359368801116943,-0.043459638953208923,0.059690747410058975,0.15852272510528564,0.022135943174362183,-0.034248650074005127,-0.077755779027938843,-0.33113700151443481,0.20376473665237427,-0.044201403856277466,0.0014495849609375,0.39060980081558228,-0.10037201642990112,-0.033459186553955078,-0.03957134485244751,0.4008941650390625,-0.14266034960746765,0.01486736536026001,0.047811955213546753,-0.14292442798614502,0.011233031749725342,0.7701147198677063
0.037281394004821777,0.042182087898254395,-0.092519760131835938,0.1415863037109375,0.0058965384960174561,0.020395562052726746,0.11752700805664062,-0.007331550121307373,0.028134092688560486,0.011180758476257324,-0.35816645622253418,0.1865684986114502,-0.026039868593215942,-0.022736310958862305,0.40237903594970703,-0.059094250202178955,0.050971090793609619,-0.041482627391815186,0.38080775737762451,-0.14295783638954163,0.067140728235244751,-0.042857885360717773,-0.1523590087890625,0.0071143507957458496,0.75899630784988403
0.011757142841815948,0.0087514519691467285,-0.065216302871704102,0.10338354110717773,-0.012312926352024078,-0.010214477777481079,0.078016281127929688,0.0029214024543762207,0.051891006529331207,0.02948915958404541,-0.36379134654998779,0.15466904640197754,-0.0036431029438972473,-0.078453898429870605,0.39024662971496582,-0.082838714122772217,-1.3886019587516785e-06,-0.074801325798034668,0.39944684505462646,-0.087565004825592041,0.033385306596755981,0.067561924457550049,-0.20223319530487061,0.042303502559661865,0.75355607271194458
-0.019447661936283112,-0.065228462219238281,-0.065007984638214111,0.14070037007331848,-0.038817774504423141,-0.0099015682935714722,0.057623505592346191,-0.010389417409896851,-0.05144975334405899,0.0043687224388122559,-0.32520037889480591,0.16102457046508789,0.038041144609451294,-0.038420021533966064,0.36820113658905029,-0.047152325510978699,-0.033536806702613831,-0.043615520000457764,0.35798740386962891,-0.039600536227226257,0.033745095133781433,-0.0598907470703125,-0.16316831111907959,0.033637315034866333,0.68846863508224487
-0.027290493249893188,-0.037405848503112793,-0.11145615577697754,0.10473816096782684,0.002557605504989624,-0.030037790536880493,0.072834491729736328,-0.026970624923706055,0.0030730962753295898,-0.038718104362487793,-0.30365961790084839,0.14134049415588379,0.054662555456161499,-0.06420445442199707,0.38589084148406982,-0.03370174765586853,-0.071759521961212158,0.0059655308723449707,0.33208537101745605,0.0097609758377075195,-0.017890708521008492,-0.03073728084564209,-0.1449810266494751,0.036704808473587036,0.66522389650344849
-0.0082177817821502686,-0.0067926645278930664,-0.072990536689758301,0.094300806522369385,0.052631765604019165,-0.055390328168869019,0.090276360511779785,0.021542049944400787,0.050307124853134155,-0.045350372791290283,-0.26442456245422363,0.085464298725128174,0.046225935220718384,0.014275670051574707,0.40483331680297852,-0.018904209136962891,-0.058259516954421997,0.0020289421081542969,0.32526648044586182,0.0028811991214752197,-0.058851629495620728,0.06045985221862793,-0.11850321292877197,0.045808091759681702,0.64003992080688477
-0.058778315782546997,-0.021787881851196289,-0.060378372669219971,0.050010237842798233,-0.024505168199539185,0.05536004900932312,0.077327251434326172,0.0068059787154197693,0.046523034572601318,0.011107206344604492,-0.29123210906982422,0.029436707496643066,0.041212141513824463,0.039807140827178955,0.35636639595031738,-0.0032923072576522827,-0.012720704078674316,0.03145068883895874,0.28477215766906738,-0.02309870719909668,0.016243577003479004,0.087522804737091064,-0.13993072509765625,0.016848213970661163,0.59042084217071533
0.058934271335601807,0.025250375270843506,-0.046358406543731689,0.011581495404243469,0.03894805908203125,-0.00054809451103210449,0.040648162364959717,0.012770205736160278,0.010001242160797119,-0.016443014144897461,-0.31266802549362183,0.049357354640960693,-0.040758371353149414,0.028568685054779053,0.31086540222167969,-0.033777594566345215,0.027612924575805664,-0.0039837956428527832,0.2618567943572998,0.029276788234710693,-0.020528316497802734,0.045050919055938721,-0.14526796340942383,-0.028726905584335327,0.55238902568817139
0.064676582813262939,-0.0049331188201904297,-0.012748062610626221,-0.022606492042541504,0.038127422332763672,-0.066489279270172119,0.07635807991027832,-0.014841258525848389,0.029162406921386719,-0.053930222988128662,-0.29616498947143555,0.035852901637554169,0.03554069995880127,0.037744879722595215,0.3095703125,0.0078821480274200439,0.039313912391662598,0.044771313667297363,0.28519964218139648,0.053834974765777588,-0.050146400928497314,0.032670855522155762,-0.10249435901641846,-0.020366847515106201,0.55716884136199951
0.057731926441192627,0.042042374610900879,0.012595593929290771,-0.040643095970153809,0.045753121376037598,-0.014014005661010742,0.077009916305541992,-0.037507787346839905,-0.058807253837585449,-0.030672669410705566,-0.26985055208206177,0.048467934131622314,-0.0034748315811157227,-0.037939012050628662,0.26196825504302979,0.037964820861816406,0.067869901657104492,0.091935455799102783,0.24294161796569824,0.041562080383300781,0.013923406600952148,0.072837591171264648,-0.053335726261138916,-0.073625177145004272,0.50517016649246216
0.043523907661437988,0.022225797176361084,0.0028130412101745605,-0.036401450634002686,0.023464560508728027,-0.065226033329963684,0.026138842105865479,-0.080146968364715576,0.0097104310989379883,0.050181329250335693,-0.31305044889450073,-0.0031476914882659912,-0.041955173015594482,0.01293596625328064,0.22907805442810059,0.061156094074249268,-0.025351405143737793,-0.049727171659469604,0.19586008787155151,0.073830544948577881,0.042164325714111328,0.0822640061378479,-0.014516830444335938,-0.089086949825286865,0.48787340521812439
0.054780960083007812,-0.015354692935943604,0.011063560843467712,-0.034855246543884277,-0.036927223205566406,0.030561953783035278,0.053522646427154541,-0.042011141777038574,-0.055190324783325195,-0.026495814323425293,-0.32748100161552429,-0.0012451410293579102,0.019546985626220703,-0.017819404602050781,0.22579646110534668,0.042100489139556885,-0.059297561645507812,0.013991117477416992,0.16657131910324097,0.038919687271118164,-0.013270378112792969,-0.017351090908050537,-0.053196549415588379,-0.091126918792724609,0.46961113810539246
0.022308766841888428,0.01053696870803833,0.053326979279518127,-0.075116276741027832,-0.01465374231338501,-0.0055757202208042145,0.024570286273956299,0.0062986910343170166,-0.0049816370010375977,0.025336384773254395,-0.33036443591117859,-0.057360947132110596,0.040895462036132812,0.015263751149177551,0.18550413846969604,0.064911305904388428,-0.01175379753112793,0.029533497989177704,0.17100289463996887,0.06627500057220459,-0.051490187644958496,-0.0004183650016784668,-0.0109977126121521,-0.10856127738952637,0.46131893992424011
0.043893873691558838,0.0034315288066864014,0.048735864460468292,-0.061338067054748535,0.032933652400970459,0.033700451254844666,0.010689795017242432,0.053993076086044312,0.022560715675354004,0.023497462272644043,-0.35738709568977356,-0.10716581344604492,-0.0039432048797607422,-0.040827129036188126,0.16573616862297058,0.047188639640808105,-0.035562276840209961,0.056471556425094604,0.17650656402111053,0.030709743499755859,0.010511994361877441,-0.075144290924072266,0.030740171670913696,-0.13078594207763672,0.49531117081642151
0.031756758689880371,0.058281004428863525,0.073722124099731445,-0.085177183151245117,0.078082025051116943,0.019820362329483032,0.013431668281555176,0.029662877321243286,0.062556743621826172,0.022876858711242676,-0.31825923919677734,-0.13164034485816956,-0.045473456382751465,-0.00069594383239746094,0.16872340440750122,0.056767940521240234,0.01507866382598877,-0.036270469427108765,0.18386705219745636,0.017792582511901855,0.05595850944519043,0.046747893095016479,0.033940777182579041,-0.071837961673736572,0.47828289866447449
0.072904109954833984,-0.050087630748748779,0.06508338451385498,-0.040130913257598877,0.014457464218139648,0.062707334756851196,0.00046432018280029297,0.064374417066574097,-0.025616645812988281,0.0010077804327011108,-0.32407850027084351,-0.13736850023269653,-0.034857034683227539,0.010554730892181396,0.17073260247707367,0.024993360042572021,0.086196064949035645,-0.055224418640136719,0.18085837364196777,0.034852266311645508,0.020125031471252441,-0.042784646153450012,0.013416841626167297,-0.066938817501068115,0.47844624519348145
-0.010647773742675781,0.024607039988040924,0.043800234794616699,-0.047769129276275635,-0.038920938968658447,0.074900269508361816,-0.05020439624786377,0.077667295932769775,0.04398643970489502,0.023697897791862488,-0.33297479152679443,-0.13583531975746155,0.052139639854431152,0.073319077491760254,0.13139288127422333,0.074532926082611084,-0.0063862800598144531,0.005079805850982666,0.17152732610702515,0.0064960718154907227,0.053849577903747559,0.07590213418006897,0.027594059705734253,-0.016065001487731934,0.47174248099327087
-0.012844383716583252,0.013636291027069092,0.050088286399841309,-0.0018007159233093262,-0.031695961952209473,0.060385465621948242,-0.046072565019130707,0.11271882057189941,0.065294981002807617,0.0055321566760540009,-0.29321464896202087,-0.12304586172103882,-0.011031150817871094,0.047725796699523926,0.097499266266822815,0.12040019035339355,0.04304802417755127,0.07133030891418457,0.17687425017356873,-0.018424391746520996,0.057753086090087891,-0.0072522163391113281,-0.025133043527603149,-0.012502491474151611,0.44372770190238953
-0.082342922687530518,0.019275382161140442,0.085510015487670898,0.016079843044281006,-0.028838276863098145,0.075759202241897583,-0.086176767945289612,0.096808925271034241,0.055441498756408691,-0.035952255129814148,-0.28490692377090454,-0.1262086033821106,-0.037786483764648438,0.05965036153793335,0.11366128921508789,0.1072545051574707,0.041097402572631836,-0.001181483268737793,0.18206930160522461,-0.036458134651184082,-0.0062325000762939453,0.025985270738601685,0.0052011013031005859,0.026644110679626465,0.45451849699020386
-0.026800990104675293,0.051687449216842651,0.13945001363754272,0.024892091751098633,-0.050969421863555908,-0.010017216205596924,-0.039758346974849701,0.09801521897315979,0.073320150375366211,-0.059787392616271973,-0.27827441692352295,-0.16919523477554321,0.061978340148925781,0.049801111221313477,0.14837655425071716,0.092586100101470947,0.0014765262603759766,-0.0032458305358886719,0.19914203882217407,-0.019399046897888184,0.034436941146850586,-0.0061855316162109375,0.050633013248443604,0.0058056116104125977,0.48283869028091431
0.0059540867805480957,0.063875347375869751,0.13959580659866333,0.074816286563873291,-0.080160021781921387,0.028576493263244629,-0.017817750573158264,0.066027186810970306,-0.051824569702148438,-0.08948555588722229,-0.30972540378570557,-0.15298974514007568,0.039754748344421387,0.062476396560668945,0.13691413402557373,0.1152508556842804,-0.050752103328704834,-0.019207239151000977,0.17537587881088257,-0.030642569065093994,0.0014517307281494141,-0.072845578193664551,0.05573195219039917,-0.035091161727905273,0.50293815135955811
-0.025952398777008057,0.01914215087890625,0.099493145942687988,0.04019966721534729,-0.049456000328063965,0.086754918098449707,0.013236343860626221,0.026801787316799164,0.017976045608520508,-0.039157211780548096,-0.30438923835754395,-0.19005201756954193,0.035077512264251709,-0.024720430374145508,0.12410956621170044,0.13126230239868164,0.012080132961273193,0.057026863098144531,0.15868544578552246,-0.036368370056152344,-0.074536681175231934,-0.064051032066345215,0.038265585899353027,0.00658416748046875,0.47915732860565186
-0.058269858360290527,-0.013819873332977295,0.14657914638519287,0.0093849897384643555,0.037759602069854736,0.0024058818817138672,-0.0022344291210174561,0.013045378029346466,-0.077207863330841064,0.034508109092712402,-0.33832097053527832,-0.21213419735431671,-0.014826714992523193,-0.054884552955627441,0.10456478595733643,0.10571463406085968,-0.016256093978881836,-0.032154560089111328,0.15877449512481689,-0.068213045597076416,0.034147441387176514,0.058795392513275146,0.033449292182922363,0.053025633096694946,0.50836610794067383
-0.089808285236358643,0.0074107646942138672,0.1853187084197998,0.015478342771530151,-0.0087907910346984863,0.043884992599487305,0.041795790195465088,0.029072854667901993,-0.050047039985656738,-0.010221123695373535,-0.2934260368347168,-0.26943850517272949,0.018875539302825928,0.027390122413635254,0.057852208614349365,0.15629182755947113,0.04340064525604248,0.022335290908813477,0.2089390754699707,-0.071264669299125671,0.044154942035675049,-0.033020198345184326,0.056801080703735352,0.071921005845069885,0.54775875806808472
-0.055457748472690582,0.017516255378723145,0.20983242988586426,-0.022078379988670349,-0.054265081882476807,0.07527238130569458,0.016955524682998657,0.055871039628982544,-0.0019043684005737305,0.0097219347953796387,-0.27041149139404297,-0.29695433378219604,-0.06568753719329834,0.0040643215179443359,0.096730947494506836,0.15321211516857147,-0.030204705893993378,0.063567638397216797,0.25219035148620605,-0.09783528745174408,0.071611166000366211,0.017563343048095703,-0.0011373758316040039,0.10618411749601364,0.59440863132476807
-0.036185640841722488,-0.059746205806732178,0.18270587921142578,0.021755009889602661,-0.0088947713375091553,0.043330907821655273,0.0034115314483642578,0.054302051663398743,0.02635425329208374,-0.00023192167282104492,-0.23571062088012695,-0.27392876148223877,-0.014243662357330322,-0.023536920547485352,0.089977622032165527,0.18121001124382019,-0.039312154054641724,-0.010309934616088867,0.27508795261383057,-0.097614586353302002,-0.05011141300201416,-0.082230806350708008,-0.059362173080444336,0.1472725123167038,0.58135324716567993
0.0026535093784332275,0.0024686455726623535,0.23187899589538574,0.028418488800525665,0.046005457639694214,0.040274977684020996,0.050101339817047119,0.063804328441619873,-0.0028550922870635986,0.031678497791290283,-0.20496416091918945,-0.27971896529197693,0.019870162010192871,-0.079117298126220703,0.13140833377838135,0.15274924039840698,-0.034587562084197998,0.024521827697753906,0.23517000675201416,-0.035425812005996704,-0.056696608662605286,-0.034911990165710449,-0.056853055953979492,0.11940062046051025,0.56009602546691895
0.027267754077911377,-0.049759387969970703,0.23739385604858398,0.042272597551345825,0.080292642116546631,0.019281595945358276,0.046001613140106201,0.096944898366928101,0.020879268646240234,-0.042382419109344482,-0.18464088439941406,-0.24332624673843384,0.0044431500136852264,-0.025642037391662598,0.07261955738067627,0.17541241645812988,0.03795921802520752,0.085841178894042969,0.22471141815185547,-0.075714468955993652,-0.060081779956817627,-0.056708216667175293,-0.018335580825805664,0.10146427154541016,0.54262542724609375
0.04476010799407959,-0.041510522365570068,0.21997368335723877,0.036930948495864868,0.066739082336425781,-0.02119213342666626,-0.0058433413505554199,0.14351052045822144,0.03787124902009964,-0.086976349353790283,-0.20569932460784912,-0.20414865016937256,0.058785304427146912,0.036516070365905762,0.1124885082244873,0.13073313236236572,-0.0011206269264221191,0.0075016021728515625,0.27050459384918213,-0.082640230655670166,0.038705602288246155,-0.042589068412780762,-0.025150418281555176,0.11771655082702637,0.55171990394592285
-0.006026148796081543,0.036499083042144775,0.23352611064910889,0.025590479373931885,0.089740097522735596,-0.052267342805862427,-0.0019125938415527344,0.18345922231674194,0.01000550389289856,-0.056227505207061768,-0.22555148601531982,-0.15518057346343994,-0.049807608127593994,0.01297461986541748,0.11330366134643555,0.17655950784683228,-0.048602402210235596,-0.027563214302062988,0.30535489320755005,-0.11510157585144043,0.0043919682502746582,-0.072328031063079834,-0.025535941123962402,0.15631198883056641,0.60483735799789429
0.032118618488311768,-0.064480304718017578,0.24743038415908813,0.0033102631568908691,-0.0089700277894735336,-0.04300282895565033,-0.014797508716583252,0.17083394527435303,0.050883322954177856,0.014979779720306396,-0.19598627090454102,-0.15341031551361084,0.032441049814224243,0.026279687881469727,0.14476209878921509,0.20563268661499023,-0.051512956619262695,-0.014989078044891357,0.34605497121810913,-0.1399388313293457,0.031245291233062744,0.019115328788757324,-0.050707459449768066,0.13167983293533325,0.62527233362197876
0.072650432586669922,0.030466198921203613,0.2139161229133606,0.065612673759460449,0.0075824260711669922,-0.034713521599769592,-0.021005302667617798,0.1383216381072998,-0.045571446418762207,0.027318954467773438,-0.20324051380157471,-0.13875043392181396,-0.0041483640670776367,-0.012114107608795166,0.11516690254211426,0.25179779529571533,-0.048009157180786133,0.055026829242706299,0.34278911352157593,-0.14905905723571777,0.044113636016845703,0.053042888641357422,-0.10615497827529907,0.15731143951416016,0.63494104146957397
0.0061036348342895508,0.030525326728820801,0.23538810014724731,0.11283361911773682,-0.042073875665664673,0.035161681473255157,-0.027775406837463379,0.094510436058044434,-0.0045105218887329102,-0.016988992691040039,-0.18732905387878418,-0.10954964160919189,0.050079703330993652,0.039368927478790283,0.07494276762008667,0.30673789978027344,-0.039506316184997559,0.064918220043182373,0.33655056357383728,-0.14799237251281738,-0.036627054214477539,0.035479635000228882,-0.15475672483444214,0.10466086864471436,0.64142811298370361
-0.05738520622253418,0.033776611089706421,0.23172074556350708,0.14330095052719116,-0.040456146001815796,-0.012464176863431931,-0.006676405668258667,0.065854370594024658,-0.079299271106719971,0.03195229172706604,-0.15750908851623535,-0.15871703624725342,0.0068224072456359863,0.063611775636672974,0.0054770112037658691,0.3523944616317749,0.017066121101379395,0.065239906311035156,0.3414732813835144,-0.17251312732696533,0.05799412727355957,-0.063708096742630005,-0.12399309873580933,0.050697565078735352,0.66837882995605469
-0.026872158050537109,0.079918265342712402,0.20096316933631897,0.10550916194915771,0.018023267388343811,-0.012996215373277664,-0.012777566909790039,0.069510996341705322,-0.068184614181518555,0.029713079333305359,-0.10809248685836792,-0.19153177738189697,-0.042224526405334473,-0.0097841024398803711,0.025362402200698853,0.30980885028839111,0.036594510078430176,-0.024348929524421692,0.38272842764854431,-0.13780498504638672,0.023396134376525879,0.046591103076934814,-0.11365675926208496,0.026350855827331543,0.6326560378074646
-0.05401003360748291,-0.015552880242466927,0.21003484725952148,0.15453159809112549,-0.045899897813796997,-0.00092519819736480713,-0.065824657678604126,0.045149624347686768,0.004848182201385498,0.032002657651901245,-0.13445991277694702,-0.19123983383178711,0.01044309139251709,0.065661132335662842,0.059102147817611694,0.33559322357177734,0.055652260780334473,-0.061791885644197464,0.36269426345825195,-0.072484850883483887,0.032726883888244629,-0.010118074715137482,-0.14061538875102997,0.051135420799255371,0.6504969596862793
0.0048184394836425781,0.0017278343439102173,0.1891055703163147,0.13605797290802002,-0.046557530760765076,0.019590064883232117,-0.022060573101043701,0.080298840999603271,0.06245732307434082,-0.059727445244789124,-0.16384151577949524,-0.20577096939086914,0.034209251403808594,0.094232365489006042,1.6946345567703247e-05,0.35970258712768555,0.04687952995300293,0.063764944672584534,0.32075715065002441,-0.022626399993896484,-0.06046903133392334,-0.035874530673027039,-0.13674753904342651,0.038238406181335449,0.64392632246017456
0.016320228576660156,0.0049080550670623779,0.18525518476963043,0.15738672018051147,0.018076315522193909,0.0033643543720245361,-0.03559499979019165,0.11500632762908936,0.033915996551513672,-0.068101227283477783,-0.1634925901889801,-0.19672870635986328,-0.0061411857604980469,0.025591373443603516,-0.024118512868881226,0.32046520709991455,-0.043696999549865723,-0.020400375127792358,0.29726898670196533,0.018341898918151855,0.0016847848892211914,0.0064451694488525391,-0.13539358973503113,0.018301129341125488,0.59928792715072632
-0.033077597618103027,0.001732170581817627,0.19502948224544525,0.21161085367202759,0.019823417067527771,0.053035914897918701,-0.043453916907310486,0.12385761737823486,0.066542625427246094,-0.098623871803283691,-0.1564953625202179,-0.19247639179229736,-0.044443607330322266,-0.014207363128662109,-0.0034295916557312012,0.26639008522033691,0.069166660308837891,-0.043132781982421875,0.34239763021469116,0.074823856353759766,0.028833866119384766,0.022993624210357666,-0.092907503247261047,-0.018938541412353516,0.62691491842269897
-0.065312623977661133,-0.0098553895950317383,0.14268454909324646,0.23790687322616577,0.064812391996383667,0.022458434104919434,-0.014431148767471313,0.093641579151153564,0.061377167701721191,-0.013599872589111328,-0.18556863069534302,-0.19404506683349609,-0.047104060649871826,-0.020756721496582031,-0.026278883218765259,0.3086087703704834,0.069091677665710449,-0.077111721038818359,0.34904873371124268,0.049496889114379883,-0.011379480361938477,0.060010254383087158,-0.12727734446525574,-0.0036493539810180664,0.6515924334526062
-0.035139083862304688,0.047597289085388184,0.16139817237854004,0.22470778226852417,0.076368153095245361,-0.025771260261535645,-0.029587250202894211,0.096916556358337402,0.037136316299438477,-0.035755157470703125,-0.13564886152744293,-0.2456974983215332,-0.07679295539855957,0.052601099014282227,-0.073268532752990723,0.26408100128173828,0.054829239845275879,0.042223930358886719,0.37798285484313965,0.037407636642456055,-0.057114779949188232,-0.035388588905334473,-0.08889693021774292,-0.03498995304107666,0.65169399976730347
0.030871152877807617,0.040622949600219727,0.118904709815979,0.26310515403747559,0.044867351651191711,-0.014013469219207764,-0.00027454644441604614,0.11694175004959106,0.04123234748840332,-0.020089507102966309,-0.10804745554924011,-0.22383832931518555,0.024693191051483154,0.077106356620788574,-0.099064469337463379,0.24704587459564209,0.036439061164855957,-0.057121157646179199,0.38333308696746826,0.093162894248962402,-0.093288660049438477,-0.076278567314147949,-0.066716372966766357,-0.051870167255401611,0.6519278883934021
-0.010798931121826172,0.054296374320983887,0.095467865467071533,0.22179675102233887,0.038713432848453522,0.051482319831848145,-0.010064061731100082,0.071466684341430664,0.059888958930969238,-0.0054925680160522461,-0.10530766844749451,-0.17664968967437744,-0.041433215141296387,0.074803709983825684,-0.068397641181945801,0.19881975650787354,0.05428922176361084,0.076750278472900391,0.3245396614074707,0.1496465802192688,-0.042963504791259766,0.024536371231079102,-0.08102262020111084,-0.081782102584838867,0.56605738401412964
0.020114719867706299,0.0067925453186035156,0.085407495498657227,0.22159942984580994,-0.019867353141307831,0.030748426914215088,0.030964445322751999,0.061115831136703491,0.054862856864929199,-0.031871676445007324,-0.098989009857177734,-0.13909929990768433,-0.045577168464660645,-0.03290867805480957,-0.10370546579360962,0.13730102777481079,0.076426565647125244,0.063477396965026855,0.34394192695617676,0.11215484142303467,0.024050593376159668,0.032920122146606445,-0.076724052429199219,-0.039573609828948975,0.52790665626525879
0.017735481262207031,-0.045116424560546875,0.11982011795043945,0.25240519642829895,-0.079615227878093719,-0.040008187294006348,0.019723296165466309,0.017422303557395935,0.023702800273895264,-0.081739902496337891,-0.13871574401855469,-0.15472471714019775,0.0098224133253097534,-0.075107216835021973,-0.10686635971069336,0.13045677542686462,0.055155545473098755,-0.05832672119140625,0.29796099662780762,0.15551048517227173,0.058031618595123291,0.054381132125854492,-0.12008863687515259,-0.049786508083343506,0.56238991022109985
0.05137789249420166,0.047242164611816406,0.13517200946807861,0.27444285154342651,-0.045689530670642853,-0.046622633934020996,0.031287573277950287,-0.015282347798347473,-0.056744471192359924,0.006182551383972168,-0.16783791780471802,-0.19846940040588379,0.049265258014202118,-0.0086847543716430664,-0.10759830474853516,0.12273243069648743,0.057294562458992004,0.05568230152130127,0.29322457313537598,0.2034270316362381,0.058408290147781372,-0.00083339214324951172,-0.14989602565765381,-0.067068576812744141,0.60664826631546021
0.049819320440292358,0.052304506301879883,0.11116504669189453,0.26276496052742004,-0.058320462703704834,-0.075772643089294434,0.041648812592029572,0.040965534746646881,-0.065767638385295868,0.021746516227722168,-0.19087743759155273,-0.19066518545150757,0.025940626859664917,-0.065454006195068359,-0.1577763557434082,0.092832460999488831,-0.036511536687612534,-0.006701350212097168,0.30144929885864258,0.23974558711051941,-0.019469171762466431,-0.080002665519714355,-0.19919466972351074,-0.10699230432510376,0.65027952194213867
0.020716607570648193,-0.013895630836486816,0.058191061019897461,0.22029188275337219,0.047071486711502075,-0.060004115104675293,0.080769635736942291,0.081832453608512878,-0.078499540686607361,-0.0059894323348999023,-0.15979844331741333,-0.18050670623779297,-0.052632421255111694,-0.026316642761230469,-0.15098047256469727,0.13597124814987183,-0.001507490873336792,0.076305270195007324,0.25576019287109375,0.28324499726295471,0.040629535913467407,-0.032584309577941895,-0.21099555492401123,-0.13916394114494324,0.63142675161361694
0.022937297821044922,-0.027579307556152344,0.028264522552490234,0.21586185693740845,0.059614270925521851,-0.041219890117645264,0.074045836925506592,0.042786955833435059,-0.0045929253101348877,-0.040073156356811523,-0.10022270679473877,-0.16346000134944916,-0.02042698860168457,0.010671138763427734,-0.17365574836730957,0.11278215050697327,-0.033905565738677979,-0.053655028343200684,0.27773404121398926,0.28926181793212891,-0.011745095252990723,0.012364387512207031,-0.17745578289031982,-0.15162679553031921,0.60220885276794434
-0.0029914677143096924,-0.042494416236877441,-0.0039085149765014648,0.17848610877990723,-0.014792382717132568,-0.047414183616638184,0.083625905215740204,0.073454380035400391,-0.061851561069488525,-0.064104914665222168,-0.094186365604400635,-0.19983017444610596,-0.06886368989944458,0.00013327598571777344,-0.16472405195236206,0.12051817774772644,-0.050454676151275635,0.0017546415328979492,0.28461718559265137,0.34771174192428589,-0.033100247383117676,-0.075021624565124512,-0.18573719263076782,-0.17894649505615234,0.65527498722076416
-0.035187572240829468,0.04377138614654541,0.03417360782623291,0.16551679372787476,-0.016641616821289062,-0.069574236869812012,0.079937145113945007,0.046026945114135742,-0.055951118469238281,-0.081966638565063477,-0.028207659721374512,-0.17828404903411865,-0.08160102367401123,-0.0027434825897216797,-0.16224688291549683,0.11168897151947021,0.064576864242553711,-0.027036190032958984,0.30981719493865967,0.3866010308265686,-0.0399627685546875,-0.063622713088989258,-0.18028348684310913,-0.13614094257354736,0.66352683305740356
0.030864179134368896,0.086130321025848389,0.064837455749511719,0.19229447841644287,0.059750169515609741,-0.073850274085998535,0.12615427374839783,0.093512952327728271,-0.013829946517944336,-0.071169257164001465,-0.053085505962371826,-0.17057245969772339,0.020670533180236816,-0.050790905952453613,-0.13117134571075439,0.13280344009399414,0.1012343168258667,-0.028215646743774414,0.29052102565765381,0.36226630210876465,-0.068643629550933838,0.052530825138092041,-0.13657450675964355,-0.13013362884521484,0.65421497821807861
0.03114771842956543,0.028129935264587402,0.0021264553070068359,0.2211834192276001,0.069704264402389526,-0.044894933700561523,0.1258399486541748,0.080139040946960449,-0.030273795127868652,-0.021477222442626953,-0.020700246095657349,-0.21194565296173096,0.030802726745605469,-0.042454004287719727,-0.1781420111656189,0.11987555027008057,-0.016533970832824707,0.028316974639892578,0.27507632970809937,0.42065215110778809,0.019225835800170898,-0.0030982494354248047,-0.11612969636917114,-0.16800451278686523,0.68642896413803101
0.042506515979766846,-0.011476099491119385,-0.024463474750518799,0.17657744884490967,0.069822311401367188,-0.022258222103118896,0.1115213930606842,0.13130766153335571,-0.080778598785400391,0.035141170024871826,0.0025343596935272217,-0.21989601850509644,0.014030575752258301,0.030463218688964844,-0.18856075406074524,0.085839509963989258,-0.02991485595703125,0.039813697338104248,0.22802507877349854,0.44283771514892578,-0.078374743461608887,-0.0030196905136108398,-0.092140495777130127,-0.15466570854187012,0.6768152117729187
0.075068235397338867,0.044951796531677246,-0.011738359928131104,0.19159698486328125,0.075518697500228882,0.0082013607025146484,0.084787428379058838,0.11175727844238281,-0.018321990966796875,0.03745734691619873,-0.0068152099847793579,-0.26854485273361206,0.015160202980041504,-0.053999006748199463,-0.24146921932697296,0.055594563484191895,0.042252779006958008,0.0073299407958984375,0.22605797648429871,0.41305065155029297,-0.0093476772308349609,0.025570869445800781,-0.056601673364639282,-0.16334784030914307,0.68013018369674683
-0.016951322555541992,0.067259564995765686,-0.02738383412361145,0.19374358654022217,0.071467280387878418,-0.056821644306182861,0.047319710254669189,0.095408201217651367,-0.076292872428894043,-0.055241763591766357,-0.033609576523303986,-0.26648819446563721,-0.016647100448608398,-0.042023539543151855,-0.27791517972946167,0.033584475517272949,0.049673914909362793,0.027011305093765259,0.16561374068260193,0.41999685764312744,-0.047055482864379883,-0.028639614582061768,-0.04592442512512207,-0.14419007301330566,0.67613470554351807
0.036362409591674805,-0.024877609685063362,-0.036405444145202637,0.15964877605438232,0.0053740143775939941,-0.00671425461769104,0.070400446653366089,0.11160057783126831,-0.047363519668579102,-0.0076096951961517334,-0.05860583484172821,-0.28792333602905273,-0.065157651901245117,0.026266992092132568,-0.28061720728874207,0.019351005554199219,0.033738851547241211,0.088682204484939575,0.13368237018585205,0.42402338981628418,0.031535506248474121,0.0064073354005813599,-0.058985278010368347,-0.19114160537719727,0.68311810493469238
-0.034895777702331543,0.00057850778102874756,0.0013192370533943176,0.18911170959472656,-0.044606342911720276,-0.028319388628005981,0.037086367607116699,0.12200212478637695,-0.045514464378356934,0.051596969366073608,-0.065004497766494751,-0.27476167678833008,-0.025002002716064453,0.023425102233886719,-0.29426786303520203,-0.039618849754333496,-0.006762385368347168,0.0099802017211914062,0.13622152805328369,0.45349109172821045,0.027697920799255371,-0.0038491934537887573,-0.090131506323814392,-0.15118396282196045,0.69709628820419312
-0.062696456909179688,-0.036234766244888306,0.010041572153568268,0.23118174076080322,0.02270035445690155,-0.037665247917175293,0.075468063354492188,0.16253656148910522,-0.022410035133361816,0.017134623602032661,-0.0090617537498474121,-0.31770968437194824,0.025564432144165039,0.023060373961925507,-0.27819514274597168,-0.099899768829345703,-0.055051207542419434,-0.034816533327102661,0.10061278939247131,0.44653892517089844,0.040572166442871094,-0.028282091021537781,-0.06616702675819397,-0.13339698314666748,0.72221451997756958
-0.055358588695526123,-0.054304599761962891,0.010534584522247314,0.23726272583007812,-0.0073385387659072876,-0.024385988712310791,0.06663888692855835,0.18818861246109009,-0.077873110771179199,0.020422220230102539,0.02882683277130127,-0.3290327787399292,-0.02120363712310791,-0.070664286613464355,-0.3071218729019165,-0.078191041946411133,-0.031795859336853027,-0.038445651531219482,0.065063118934631348,0.48865056037902832,0.077990531921386719,-0.027675479650497437,-0.044544458389282227,-0.15248620510101318,0.77586358785629272
-0.024328112602233887,-0.0017249584197998047,-0.04208064079284668,0.19543373584747314,0.077418744564056396,-0.040620729327201843,0.038143932819366455,0.1999589204788208,-0.027291536331176758,0.0026708841323852539,0.015879929065704346,-0.36296528577804565,0.06199336051940918,-0.033041894435882568,-0.33643043041229248,-0.1300429105758667,-0.009488224983215332,-0.05385279655456543,0.08560788631439209,0.45683228969573975,-0.017477273941040039,-0.054655849933624268,-0.042458236217498779,-0.12124621868133545,0.77216082811355591
-0.038330554962158203,0.037644147872924805,-0.010993599891662598,0.18404173851013184,0.0017864108085632324,0.024520978331565857,0.055748283863067627,0.23754918575286865,-0.038871049880981445,0.049791216850280762,0.018877029418945312,-0.33063071966171265,0.020492434501647949,-0.064175307750701904,-0.30721139907836914,-0.17802071571350098,0.047845363616943359,0.02459406852722168,0.066218972206115723,0.47542786598205566,0.05119168758392334,-0.058299899101257324,-0.079031407833099365,-0.081592082977294922,0.77040618658065796
0.011353492736816406,-0.033690571784973145,0.026405751705169678,0.16083633899688721,0.054110586643218994,0.056999415159225464,0.077959299087524414,0.19876551628112793,-0.076093912124633789,-0.030576229095458984,0.038819313049316406,-0.32165074348449707,-0.068407893180847168,-0.027500391006469727,-0.27231025695800781,-0.17142879962921143,0.060154199600219727,-0.010889410972595215,0.046443581581115723,0.49659717082977295,-0.035617232322692871,-0.063721716403961182,-0.10405564308166504,-0.087506234645843506,0.75932639837265015
0.054601430892944336,-0.081876993179321289,0.0041431784629821777,0.17846894264221191,0.00347939133644104,-0.006311267614364624,0.098059475421905518,0.15744659304618835,-0.005630791187286377,0.024619519710540771,0.063690423965454102,-0.31026327610015869,-0.025847673416137695,-0.00058662891387939453,-0.26067614555358887,-0.15415680408477783,0.029419183731079102,-0.039899110794067383,0.0059483051300048828,0.46553528308868408,0.0076094865798950195,-0.015300989151000977,-0.056069254875183105,-0.068954944610595703,0.70481163263320923
0.062536507844924927,-0.015563130378723145,-0.051289975643157959,0.19105392694473267,-0.043773889541625977,-0.020711541175842285,0.071271181106567383,0.1156466007232666,0.0082083940505981445,0.036310434341430664,0.070670485496520996,-0.34649747610092163,-0.043355166912078857,0.028433442115783691,-0.22903978824615479,-0.19731104373931885,-0.050016939640045166,-0.054652929306030273,0.011294126510620117,0.49888771772384644,-0.058196306228637695,0.064456701278686523,-0.074610710144042969,-0.1072869598865509,0.75081801414489746
0.019986361265182495,0.044757366180419922,-0.022513628005981445,0.22745043039321899,-0.032414346933364868,0.011637419462203979,0.046875119209289551,0.14041134715080261,-0.01148948073387146,-0.03387916088104248,0.076112985610961914,-0.33098357915878296,-0.020492315292358398,0.045402407646179199,-0.20179080963134766,-0.18226972222328186,-0.066468000411987305,0.033106088638305664,0.023020505905151367,0.54870396852493286,-0.0037354826927185059,-0.056919574737548828,-0.032044291496276855,-0.13130289316177368,0.77422815561294556
-0.042081207036972046,0.044011712074279785,-0.0066448450088500977,0.19752633571624756,-0.013849377632141113,-0.035439223051071167,0.042078316211700439,0.11939540505409241,0.026240289211273193,0.015668988227844238,0.092980623245239258,-0.27916902303695679,-0.077685847878456116,-0.066502571105957031,-0.23916304111480713,-0.21788573265075684,0.013151556253433228,-0.036330103874206543,0.034796714782714844,0.57671141624450684,-0.036549627780914307,0.0067754983901977539,-0.0038169622421264648,-0.11242496967315674,0.78244698047637939
-0.017093002796173096,-0.03724825382232666,0.0098698139190673828,0.18671494722366333,-0.050838232040405273,-0.067348867654800415,0.0010692477226257324,0.16708078980445862,0.032618418335914612,-0.072531223297119141,0.14820265769958496,-0.30597639083862305,-0.081606507301330566,0.010229945182800293,-0.23271393775939941,-0.24387118220329285,0.031541645526885986,0.047777771949768066,-0.036746025085449219,0.5459369421005249,-0.022379463538527489,-0.080566763877868652,-0.0067523717880249023,-0.099843189120292664,0.79602867364883423
0.0093550980091094971,-0.0076476335525512695,0.022712826728820801,0.21536526083946228,-0.026117026805877686,0.0062612295150756836,0.04588019847869873,0.20925343036651611,0.048300847411155701,-0.044485569000244141,0.19901442527770996,-0.27296799421310425,0.020931452512741089,0.014694929122924805,-0.16692686080932617,-0.20916835963726044,0.052919924259185791,0.072680354118347168,-0.071878910064697266,0.51996141672134399,-0.040910184383392334,-0.037873029708862305,-0.037949681282043457,-0.064853519201278687,0.75942164659500122
-0.049211770296096802,-0.0015151500701904297,0.028702378273010254,0.22032725811004639,-0.012546539306640625,0.035713613033294678,0.07652360200881958,0.23670381307601929,0.041115731000900269,0.0049711465835571289,0.16541051864624023,-0.26557010412216187,-0.016764700412750244,0.044288873672485352,-0.10968339443206787,-0.21619874238967896,0.012568116188049316,-0.03350377082824707,-0.1016538143157959,0.50570082664489746,-0.045486301183700562,-0.003641963005065918,-0.066689610481262207,-0.10546949505805969,0.74881815910339355
-0.071055471897125244,-0.0034302473068237305,0.049994945526123047,0.18775217235088348,-0.041406214237213135,0.04858100414276123,0.023793339729309082,0.23674263060092926,0.095204412937164307,0.029631733894348145,0.18281269073486328,-0.29509040713310242,-0.0067757368087768555,0.058556318283081055,-0.12306773662567139,-0.25924807786941528,-0.060465037822723389,0.064025998115539551,-0.093568921089172363,0.50455683469772339,-0.090416431427001953,0.04692685604095459,-0.081106781959533691,-0.10630673170089722,0.78683817386627197
-0.028667926788330078,-0.036963462829589844,0.018119573593139648,0.21676939725875854,-0.062600970268249512,0.035594671964645386,0.0064037144184112549,0.22041919827461243,0.038140356540679932,-0.051272749900817871,0.20672988891601562,-0.25426530838012695,-0.052801728248596191,0.061436772346496582,-0.11382842063903809,-0.30416274070739746,0.017506003379821777,0.02614891529083252,-0.08253633975982666,0.53904366493225098,-0.023549854755401611,0.04807436466217041,-0.065968990325927734,-0.15434116125106812,0.81008172035217285
-0.045068800449371338,0.033192038536071777,-0.039293169975280762,0.26014983654022217,0.041432738304138184,-0.035381041467189789,0.0058328211307525635,0.23164442181587219,0.065278887748718262,-0.028525114059448242,0.22653460502624512,-0.26331424713134766,-0.029130339622497559,-0.015282154083251953,-0.11561477184295654,-0.33427572250366211,0.013359189033508301,-0.031926870346069336,-0.14643502235412598,0.57749444246292114,-0.011655449867248535,-5.5909156799316406e-05,-0.035784602165222168,-0.17156302928924561,0.8763127326965332
0.011190056800842285,0.01873314380645752,-0.033681571483612061,0.28627800941467285,0.058572053909301758,-0.048598062247037888,0.039924576878547668,0.27464506030082703,-0.01985776424407959,0.0018023252487182617,0.23697173595428467,-0.23925578594207764,0.0015445947647094727,-0.0092129707336425781,-0.058047652244567871,-0.31188666820526123,0.080385327339172363,0.018630266189575195,-0.17933356761932373,0.52899372577667236,0.044900298118591309,-0.016944408416748047,-0.013030529022216797,-0.21133482456207275,0.86420351266860962
-0.041358470916748047,-0.054359734058380127,-0.079046070575714111,0.2374148964881897,-0.030062556266784668,-0.062412798404693604,-0.0052589103579521179,0.28217709064483643,-0.077486515045166016,-0.027973532676696777,0.22483313083648682,-0.23341178894042969,0.031075239181518555,0.037781655788421631,-0.06905055046081543,-0.35006177425384521,0.0019903182983398438,0.033415436744689941,-0.25157296657562256,0.51441001892089844,-0.024840474128723145,0.0050348639488220215,-0.015940487384796143,-0.16584742069244385,0.86641865968704224
-0.059434294700622559,0.0038131475448608398,-0.067258387804031372,0.2224200963973999,-0.032920241355895996,-0.062264665961265564,-0.033587131649255753,0.2740032970905304,-0.0043758153915405273,-0.0040857791900634766,0.21472156047821045,-0.2647850513458252,-0.0022829771041870117,0.0081014633178710938,-0.0222054123878479,-0.36934959888458252,0.0085744857788085938,0.086268484592437744,-0.30936670303344727,0.5362849235534668,-0.06373441219329834,-0.059883743524551392,-0.035447001457214355,-0.13581204414367676,0.90006548166275024
-0.047642707824707031,0.047268390655517578,-0.060486018657684326,0.19050228595733643,-0.047819852828979492,-0.023221969604492188,-0.0069895386695861816,0.27007842063903809,0.060563325881958008,-0.058322280645370483,0.1865849494934082,-0.21709692478179932,-0.035434722900390625,0.027650058269500732,-0.035381197929382324,-0.35486757755279541,-0.065039634704589844,0.088358849287033081,-0.32055413722991943,0.48006296157836914,0.026810884475708008,-0.090984523296356201,-0.046140998601913452,-0.1510850191116333,0.8471682071685791
0.026813507080078125,-0.023815274238586426,-0.029214143753051758,0.22820889949798584,-0.089240908622741699,-0.03284919261932373,-0.040336579084396362,0.31244871020317078,0.041244864463806152,-0.065617240965366364,0.22872908413410187,-0.20341432094573975,0.0036985874176025391,-0.045853614807128906,-0.0011039227247238159,-0.36516988277435303,-0.015042304992675781,0.045821249485015869,-0.29091981053352356,0.46307146549224854,0.078444004058837891,0.0074531510472297668,-0.0755024254322052,-0.12138938903808594,0.85189265012741089
-0.023764967918395996,-0.039783306419849396,-0.033699721097946167,0.20948517322540283,0.0026733875274658203,0.063912302255630493,-0.052845686674118042,0.29137897491455078,0.054128408432006836,0.025163426995277405,0.19694027304649353,-0.22795546054840088,-0.020100116729736328,0.021704815328121185,-0.026779212057590485,-0.37227904796600342,0.015244007110595703,-0.029947400093078613,-0.33311545848846436,0.47976696491241455,0.04298102855682373,-0.0085394829511642456,-0.079707533121109009,-0.15317237377166748,0.86455565690994263
0.045957565307617188,-0.036892935633659363,-0.018140017986297607,0.2156975269317627,0.033369660377502441,0.03859323263168335,-0.053466081619262695,0.23741267621517181,-0.036449432373046875,-0.047364026308059692,0.16370879113674164,-0.26227390766143799,-0.081843852996826172,0.051210761070251465,0.0068279504776000977,-0.34920406341552734,0.0054981708526611328,-0.0056454837322235107,-0.359576016664505,0.41754829883575439,0.02614748477935791,0.048002630472183228,-0.087408363819122314,-0.11139452457427979,0.81814771890640259
-0.031341075897216797,-0.079882055521011353,-0.074499607086181641,0.23368525505065918,-0.0050397515296936035,-0.015674769878387451,-0.031648874282836914,0.20897924900054932,0.029067873954772949,0.028610646724700928,0.20245325565338135,-0.22006535530090332,-0.073984265327453613,-0.056802570819854736,0.050004780292510986,-0.34083664417266846,-0.046750545501708984,0.034404397010803223,-0.37017518281936646,0.38136947154998779,-0.062218666076660156,0.020500481128692627,-0.13243716955184937,-0.16814589500427246,0.81661683320999146
-0.028628826141357422,-0.010662227869033813,-0.10390347242355347,0.25111758708953857,0.049178063869476318,-0.012855052947998047,-0.083552300930023193,0.18517044186592102,-0.020514130592346191,-0.03422844409942627,0.21686214208602905,-0.1639331579208374,0.033505797386169434,0.030801534652709961,0.056450366973876953,-0.30823302268981934,-0.07193756103515625,0.012114405632019043,-0.42165178060531616,0.36343646049499512,-0.034179210662841797,-0.043367385864257812,-0.1362951397895813,-0.12757813930511475,0.8046756386756897
-0.014522790908813477,0.045561909675598145,-0.14760088920593262,0.22735869884490967,-0.047391593456268311,-0.036529958248138428,-0.10894608497619629,0.20562081038951874,-0.051844954490661621,-0.022580623626708984,0.22758996486663818,-0.11714112758636475,0.031562924385070801,0.012410521507263184,0.071608781814575195,-0.34578430652618408,0.022330522537231445,-0.064354300498962402,-0.42362773418426514,0.29841184616088867,0.005702972412109375,-0.05476069450378418,-0.082505226135253906,-0.095463991165161133,0.78750121593475342
0.026178240776062012,-0.043226718902587891,-0.20222115516662598,0.17085301876068115,-0.071007460355758667,0.04006505012512207,-0.10685288906097412,0.21566474437713623,0.055248260498046875,0.059708952903747559,0.24977749586105347,-0.090109944343566895,0.050929784774780273,0.0054070949554443359,0.084218740463256836,-0.31674838066101074,-0.05244600772857666,0.045266151428222656,-0.48216569423675537,0.33127772808074951,0.040030598640441895,-0.032426953315734863,-0.084781765937805176,-0.054702699184417725,0.82719296216964722
-0.060283422470092773,-0.057084798812866211,-0.22612607479095459,0.16223478317260742,-0.00077319145202636719,0.026366293430328369,-0.066657066345214844,0.16925045847892761,0.090318918228149414,0.061157584190368652,0.22545444965362549,-0.10705941915512085,0.035575747489929199,-0.047847390174865723,0.11604917049407959,-0.29060733318328857,0.0026023387908935547,-0.059137582778930664,-0.45017504692077637,0.27394616603851318,0.05357593297958374,-0.08596038818359375,-0.075771927833557129,-0.096320867538452148,0.77477836608886719
-0.011165916919708252,-0.084664583206176758,-0.25265491008758545,0.17793470621109009,-0.033329501748085022,0.084948480129241943,-0.1127622127532959,0.18824222683906555,-0.018170475959777832,0.097727417945861816,0.26442611217498779,-0.12725204229354858,0.07206273078918457,0.04873812198638916,0.09866023063659668,-0.25190222263336182,0.015959560871124268,-0.073817849159240723,-0.47562539577484131,0.28786909580230713,0.0015496611595153809,-0.0086771249771118164,-0.0428924560546875,-0.091461837291717529,0.81307584047317505
0.034204363822937012,0.056135892868041992,-0.29297161102294922,0.13900065422058105,0.00413522869348526,-0.02650606632232666,-0.11808758974075317,0.16437840461730957,0.018579959869384766,-0.0082442760467529297,0.29518580436706543,-0.094479769468307495,0.056786119937896729,-0.012322664260864258,0.11503374576568604,-0.26953709125518799,-0.008659064769744873,-0.089749813079833984,-0.51543760299682617,0.25932031869888306,-0.013265699148178101,0.05276954174041748,0.0042366981506347656,-0.13629785180091858,0.83636218309402466
0.048169434070587158,0.072843551635742188,-0.26165604591369629,0.12674297392368317,-0.016106944531202316,0.022934257984161377,-0.1472618579864502,0.20035374164581299,0.078539043664932251,0.031957745552062988,0.24655675888061523,-0.079802051186561584,0.039137482643127441,0.0019952058792114258,0.1646878719329834,-0.30382385849952698,0.031269043684005737,-0.0080063343048095703,-0.49410831928253174,0.24650824069976807,0.0097200870513916016,-0.028163790702819824,0.019291877746582031,-0.10154753923416138,0.81707113981246948
